[0.000000] (-) TimerEvent: {}
[0.000876] (auv_interfaces) JobQueued: {'identifier': 'auv_interfaces', 'dependencies': OrderedDict()}
[0.001109] (auv_rov) JobQueued: {'identifier': 'auv_rov', 'dependencies': OrderedDict()}
[0.001207] (auv_pkg) JobQueued: {'identifier': 'auv_pkg', 'dependencies': OrderedDict([('auv_interfaces', '/home/techsas/auv_ws/install/auv_interfaces')])}
[0.001383] (auv_interfaces) JobStarted: {'identifier': 'auv_interfaces'}
[0.011907] (auv_rov) JobStarted: {'identifier': 'auv_rov'}
[0.022768] (auv_interfaces) JobProgress: {'identifier': 'auv_interfaces', 'progress': 'cmake'}
[0.023829] (auv_interfaces) JobProgress: {'identifier': 'auv_interfaces', 'progress': 'build'}
[0.024961] (auv_interfaces) Command: {'cmd': ['/usr/bin/cmake', '--build', '/home/techsas/auv_ws/build/auv_interfaces', '--', '-j8', '-l8'], 'cwd': '/home/techsas/auv_ws/build/auv_interfaces', 'env': OrderedDict([('LESSOPEN', '| /usr/bin/lesspipe %s'), ('USER', 'techsas'), ('SSH_CLIENT', '192.168.2.2 55802 22'), ('LC_TIME', 'id_ID.UTF-8'), ('XDG_SESSION_TYPE', 'tty'), ('GIT_ASKPASS', '/home/techsas/.antigravity-server/bin/1.23.2-15487b3041e65228cae24980a3f796c905ef582c/extensions/git/dist/askpass.sh'), ('SHLVL', '1'), ('LD_LIBRARY_PATH', '/usr/local/lib:/usr/local/cuda-12.6/lib64:/usr/local/lib:/home/techsas/auv_ws/install/auv_interfaces/lib:/home/techsas/microros_ws/install/micro_ros_agent/lib:/home/techsas/microros_ws/install/micro_ros_msgs/lib:/opt/ros/humble/opt/rviz_ogre_vendor/lib:/opt/ros/humble/lib/aarch64-linux-gnu:/opt/ros/humble/lib:/usr/local/cuda-12.6/lib64:'), ('BROWSER', '/home/techsas/.antigravity-server/bin/1.23.2-15487b3041e65228cae24980a3f796c905ef582c/bin/helpers/browser.sh'), ('ANTIGRAVITY_CLI_ALIAS', 'agy'), ('MOTD_SHOWN', 'pam'), ('HOME', '/home/techsas'), ('OLDPWD', '/home/techsas/auv_ws/src/auv_rov'), ('TERM_PROGRAM_VERSION', '1.107.0'), ('VSCODE_IPC_HOOK_CLI', '/run/user/1000/vscode-ipc-f38ae8e5-aa41-4bdc-8e0c-b420aae207c9.sock'), ('JETSON_L4T', '36.4.7'), ('ROS_PYTHON_VERSION', '3'), ('JETSON_MODEL', 'NVIDIA Jetson Orin NX Engineering Reference Developer Kit'), ('PAGER', 'cat'), ('VSCODE_GIT_ASKPASS_MAIN', '/home/techsas/.antigravity-server/bin/1.23.2-15487b3041e65228cae24980a3f796c905ef582c/extensions/git/dist/askpass-main.js'), ('LC_MONETARY', 'id_ID.UTF-8'), ('VSCODE_GIT_ASKPASS_NODE', '/home/techsas/.antigravity-server/bin/1.23.2-15487b3041e65228cae24980a3f796c905ef582c/node'), ('VSCODE_PYTHON_AUTOACTIVATE_GUARD', '1'), ('DBUS_SESSION_BUS_ADDRESS', 'unix:path=/run/user/1000/bus'), ('COLORTERM', 'truecolor'), ('ANTIGRAVITY_AGENT', '1'), ('COLCON_PREFIX_PATH', '/home/techsas/microros_ws/install:/home/techsas/auv_ws/install'), ('ROS_DISTRO', 'humble'), ('LOGNAME', 'techsas'), ('JETSON_MODULE', 'NVIDIA Jetson Orin NX (16GB ram)'), ('JETSON_SERIAL_NUMBER', '1420424252884'), ('_', '/usr/bin/colcon'), ('ROS_VERSION', '2'), ('XDG_SESSION_CLASS', 'user'), ('TERM', 'xterm-256color'), ('XDG_SESSION_ID', '4'), ('ROS_LOCALHOST_ONLY', '0'), ('PATH', '/usr/local/cuda-12.6/bin:/home/techsas/.antigravity-server/bin/1.23.2-15487b3041e65228cae24980a3f796c905ef582c/bin/remote-cli:/home/techsas/.local/bin:/opt/ros/humble/bin:/usr/local/cuda-12.6/bin:/usr/local/sbin:/usr/local/bin:/usr/sbin:/usr/bin:/sbin:/bin:/usr/games:/usr/local/games:/snap/bin'), ('LC_ADDRESS', 'id_ID.UTF-8'), ('XDG_RUNTIME_DIR', '/run/user/1000'), ('LANG', 'en_US.UTF-8'), ('LC_TELEPHONE', 'id_ID.UTF-8'), ('LS_COLORS', 'rs=0:di=01;34:ln=01;36:mh=00:pi=40;33:so=01;35:do=01;35:bd=40;33;01:cd=40;33;01:or=40;31;01:mi=00:su=37;41:sg=30;43:ca=30;41:tw=30;42:ow=34;42:st=37;44:ex=01;32:*.tar=01;31:*.tgz=01;31:*.arc=01;31:*.arj=01;31:*.taz=01;31:*.lha=01;31:*.lz4=01;31:*.lzh=01;31:*.lzma=01;31:*.tlz=01;31:*.txz=01;31:*.tzo=01;31:*.t7z=01;31:*.zip=01;31:*.z=01;31:*.dz=01;31:*.gz=01;31:*.lrz=01;31:*.lz=01;31:*.lzo=01;31:*.xz=01;31:*.zst=01;31:*.tzst=01;31:*.bz2=01;31:*.bz=01;31:*.tbz=01;31:*.tbz2=01;31:*.tz=01;31:*.deb=01;31:*.rpm=01;31:*.jar=01;31:*.war=01;31:*.ear=01;31:*.sar=01;31:*.rar=01;31:*.alz=01;31:*.ace=01;31:*.zoo=01;31:*.cpio=01;31:*.7z=01;31:*.rz=01;31:*.cab=01;31:*.wim=01;31:*.swm=01;31:*.dwm=01;31:*.esd=01;31:*.jpg=01;35:*.jpeg=01;35:*.mjpg=01;35:*.mjpeg=01;35:*.gif=01;35:*.bmp=01;35:*.pbm=01;35:*.pgm=01;35:*.ppm=01;35:*.tga=01;35:*.xbm=01;35:*.xpm=01;35:*.tif=01;35:*.tiff=01;35:*.png=01;35:*.svg=01;35:*.svgz=01;35:*.mng=01;35:*.pcx=01;35:*.mov=01;35:*.mpg=01;35:*.mpeg=01;35:*.m2v=01;35:*.mkv=01;35:*.webm=01;35:*.webp=01;35:*.ogm=01;35:*.mp4=01;35:*.m4v=01;35:*.mp4v=01;35:*.vob=01;35:*.qt=01;35:*.nuv=01;35:*.wmv=01;35:*.asf=01;35:*.rm=01;35:*.rmvb=01;35:*.flc=01;35:*.avi=01;35:*.fli=01;35:*.flv=01;35:*.gl=01;35:*.dl=01;35:*.xcf=01;35:*.xwd=01;35:*.yuv=01;35:*.cgm=01;35:*.emf=01;35:*.ogv=01;35:*.ogx=01;35:*.aac=00;36:*.au=00;36:*.flac=00;36:*.m4a=00;36:*.mid=00;36:*.midi=00;36:*.mka=00;36:*.mp3=00;36:*.mpc=00;36:*.ogg=00;36:*.ra=00;36:*.wav=00;36:*.oga=00;36:*.opus=00;36:*.spx=00;36:*.xspf=00;36:'), ('JETSON_SOC', 'tegra234'), ('VSCODE_GIT_IPC_HANDLE', '/run/user/1000/vscode-git-5f1c2c4ac7.sock'), ('TERM_PROGRAM', 'vscode'), ('SSH_AUTH_SOCK', '/tmp/.antigravity-server/.15487b3041e65228cae24980a3f796c905ef582c-ssh-auth.sock'), ('AMENT_PREFIX_PATH', '/home/techsas/auv_ws/install/auv_pkg:/home/techsas/auv_ws/install/auv_interfaces:/home/techsas/microros_ws/install/micro_ros_setup:/home/techsas/microros_ws/install/micro_ros_agent:/home/techsas/microros_ws/install/micro_ros_msgs:/opt/ros/humble'), ('SHELL', '/bin/bash'), ('LC_NAME', 'id_ID.UTF-8'), ('LESSCLOSE', '/usr/bin/lesspipe %s %s'), ('LC_MEASUREMENT', 'id_ID.UTF-8'), ('LC_IDENTIFICATION', 'id_ID.UTF-8'), ('VSCODE_GIT_ASKPASS_EXTRA_ARGS', ''), ('JETSON_CUDA_ARCH_BIN', '8.7'), ('PWD', '/home/techsas/auv_ws/build/auv_interfaces'), ('LC_ALL', 'en_US.UTF-8'), ('SSH_CONNECTION', '192.168.2.2 55802 192.168.2.1 22'), ('XDG_DATA_DIRS', '/usr/share/gnome:/usr/local/share:/usr/share:/var/lib/snapd/desktop'), ('PYTHONPATH', '/usr/local/lib/python3.10/dist-packages/:/usr/local/lib/python3.10/dist-packages/:/home/techsas/auv_ws/build/auv_pkg:/home/techsas/auv_ws/install/auv_pkg/lib/python3.10/site-packages:/home/techsas/auv_ws/install/auv_interfaces/local/lib/python3.10/dist-packages:/home/techsas/microros_ws/install/micro_ros_msgs/local/lib/python3.10/dist-packages:/opt/ros/humble/lib/python3.10/site-packages:/opt/ros/humble/local/lib/python3.10/dist-packages'), ('LC_NUMERIC', 'id_ID.UTF-8'), ('LC_PAPER', 'id_ID.UTF-8'), ('COLCON', '1'), ('JETSON_JETPACK', ''), ('CMAKE_PREFIX_PATH', '/home/techsas/auv_ws/install/auv_interfaces:/home/techsas/microros_ws/install/micro_ros_setup:/home/techsas/microros_ws/install/micro_ros_agent:/home/techsas/microros_ws/install/micro_ros_msgs:/home/techsas/auv_ws/install/auv_pkg:/opt/ros/humble'), ('JETSON_P_NUMBER', 'p3767-0000')]), 'shell': False}
[0.099081] (-) TimerEvent: {}
[0.138866] (auv_interfaces) StdoutLine: {'line': b'[  1%] Built target auv_interfaces__cpp\n'}
[0.139343] (auv_interfaces) StdoutLine: {'line': b'[  1%] Built target auv_interfaces__rs\n'}
[0.142969] (auv_interfaces) StdoutLine: {'line': b'[ 13%] Built target auv_interfaces__rosidl_generator_c\n'}
[0.153424] (auv_interfaces) StdoutLine: {'line': b'[ 13%] Built target ament_cmake_python_symlink_auv_interfaces\n'}
[0.189514] (auv_interfaces) StdoutLine: {'line': b'[ 39%] Built target auv_interfaces__rosidl_typesupport_introspection_c\n'}
[0.189961] (auv_interfaces) StdoutLine: {'line': b'[ 39%] Built target auv_interfaces__rosidl_typesupport_c\n'}
[0.190775] (auv_interfaces) StdoutLine: {'line': b'[ 61%] Built target auv_interfaces__rosidl_typesupport_cpp\n'}
[0.191008] (auv_interfaces) StdoutLine: {'line': b'[ 61%] Built target auv_interfaces__rosidl_typesupport_fastrtps_c\n'}
[0.194665] (auv_interfaces) StdoutLine: {'line': b'[ 73%] Built target auv_interfaces__rosidl_typesupport_introspection_cpp\n'}
[0.199195] (-) TimerEvent: {}
[0.200754] (auv_interfaces) StdoutLine: {'line': b'[ 85%] Built target auv_interfaces__rosidl_typesupport_fastrtps_cpp\n'}
[0.242807] (auv_interfaces) StdoutLine: {'line': b'[ 85%] Built target auv_interfaces\n'}
[0.283137] (auv_interfaces) StdoutLine: {'line': b'[ 86%] Built target auv_interfaces__py\n'}
[0.299330] (-) TimerEvent: {}
[0.337764] (auv_interfaces) StdoutLine: {'line': b'[ 97%] Built target auv_interfaces__rosidl_generator_py\n'}
[0.377811] (auv_interfaces) StdoutLine: {'line': b'[100%] Built target auv_interfaces__rosidl_typesupport_c__pyext\n'}
[0.378237] (auv_interfaces) StdoutLine: {'line': b'[100%] Built target auv_interfaces__rosidl_typesupport_introspection_c__pyext\n'}
[0.378384] (auv_interfaces) StdoutLine: {'line': b'[100%] Built target auv_interfaces__rosidl_typesupport_fastrtps_c__pyext\n'}
[0.399453] (-) TimerEvent: {}
[0.499995] (-) TimerEvent: {}
[0.588561] (auv_interfaces) StdoutLine: {'line': b'running egg_info\n'}
[0.589815] (auv_interfaces) StdoutLine: {'line': b'writing auv_interfaces.egg-info/PKG-INFO\n'}
[0.590315] (auv_interfaces) StdoutLine: {'line': b'writing dependency_links to auv_interfaces.egg-info/dependency_links.txt\n'}
[0.590654] (auv_interfaces) StdoutLine: {'line': b'writing top-level names to auv_interfaces.egg-info/top_level.txt\n'}
[0.594982] (auv_interfaces) StdoutLine: {'line': b"reading manifest file 'auv_interfaces.egg-info/SOURCES.txt'\n"}
[0.596252] (auv_interfaces) StdoutLine: {'line': b"writing manifest file 'auv_interfaces.egg-info/SOURCES.txt'\n"}
[0.600062] (-) TimerEvent: {}
[0.664910] (auv_interfaces) StdoutLine: {'line': b'[100%] Built target ament_cmake_python_build_auv_interfaces_egg\n'}
[0.690572] (auv_interfaces) CommandEnded: {'returncode': 0}
[0.691835] (auv_interfaces) JobProgress: {'identifier': 'auv_interfaces', 'progress': 'install'}
[0.700140] (-) TimerEvent: {}
[0.709521] (auv_interfaces) Command: {'cmd': ['/usr/bin/cmake', '--install', '/home/techsas/auv_ws/build/auv_interfaces'], 'cwd': '/home/techsas/auv_ws/build/auv_interfaces', 'env': OrderedDict([('LESSOPEN', '| /usr/bin/lesspipe %s'), ('USER', 'techsas'), ('SSH_CLIENT', '192.168.2.2 55802 22'), ('LC_TIME', 'id_ID.UTF-8'), ('XDG_SESSION_TYPE', 'tty'), ('GIT_ASKPASS', '/home/techsas/.antigravity-server/bin/1.23.2-15487b3041e65228cae24980a3f796c905ef582c/extensions/git/dist/askpass.sh'), ('SHLVL', '1'), ('LD_LIBRARY_PATH', '/usr/local/lib:/usr/local/cuda-12.6/lib64:/usr/local/lib:/home/techsas/auv_ws/install/auv_interfaces/lib:/home/techsas/microros_ws/install/micro_ros_agent/lib:/home/techsas/microros_ws/install/micro_ros_msgs/lib:/opt/ros/humble/opt/rviz_ogre_vendor/lib:/opt/ros/humble/lib/aarch64-linux-gnu:/opt/ros/humble/lib:/usr/local/cuda-12.6/lib64:'), ('BROWSER', '/home/techsas/.antigravity-server/bin/1.23.2-15487b3041e65228cae24980a3f796c905ef582c/bin/helpers/browser.sh'), ('ANTIGRAVITY_CLI_ALIAS', 'agy'), ('MOTD_SHOWN', 'pam'), ('HOME', '/home/techsas'), ('OLDPWD', '/home/techsas/auv_ws/src/auv_rov'), ('TERM_PROGRAM_VERSION', '1.107.0'), ('VSCODE_IPC_HOOK_CLI', '/run/user/1000/vscode-ipc-f38ae8e5-aa41-4bdc-8e0c-b420aae207c9.sock'), ('JETSON_L4T', '36.4.7'), ('ROS_PYTHON_VERSION', '3'), ('JETSON_MODEL', 'NVIDIA Jetson Orin NX Engineering Reference Developer Kit'), ('PAGER', 'cat'), ('VSCODE_GIT_ASKPASS_MAIN', '/home/techsas/.antigravity-server/bin/1.23.2-15487b3041e65228cae24980a3f796c905ef582c/extensions/git/dist/askpass-main.js'), ('LC_MONETARY', 'id_ID.UTF-8'), ('VSCODE_GIT_ASKPASS_NODE', '/home/techsas/.antigravity-server/bin/1.23.2-15487b3041e65228cae24980a3f796c905ef582c/node'), ('VSCODE_PYTHON_AUTOACTIVATE_GUARD', '1'), ('DBUS_SESSION_BUS_ADDRESS', 'unix:path=/run/user/1000/bus'), ('COLORTERM', 'truecolor'), ('ANTIGRAVITY_AGENT', '1'), ('COLCON_PREFIX_PATH', '/home/techsas/microros_ws/install:/home/techsas/auv_ws/install'), ('ROS_DISTRO', 'humble'), ('LOGNAME', 'techsas'), ('JETSON_MODULE', 'NVIDIA Jetson Orin NX (16GB ram)'), ('JETSON_SERIAL_NUMBER', '1420424252884'), ('_', '/usr/bin/colcon'), ('ROS_VERSION', '2'), ('XDG_SESSION_CLASS', 'user'), ('TERM', 'xterm-256color'), ('XDG_SESSION_ID', '4'), ('ROS_LOCALHOST_ONLY', '0'), ('PATH', '/usr/local/cuda-12.6/bin:/home/techsas/.antigravity-server/bin/1.23.2-15487b3041e65228cae24980a3f796c905ef582c/bin/remote-cli:/home/techsas/.local/bin:/opt/ros/humble/bin:/usr/local/cuda-12.6/bin:/usr/local/sbin:/usr/local/bin:/usr/sbin:/usr/bin:/sbin:/bin:/usr/games:/usr/local/games:/snap/bin'), ('LC_ADDRESS', 'id_ID.UTF-8'), ('XDG_RUNTIME_DIR', '/run/user/1000'), ('LANG', 'en_US.UTF-8'), ('LC_TELEPHONE', 'id_ID.UTF-8'), ('LS_COLORS', 'rs=0:di=01;34:ln=01;36:mh=00:pi=40;33:so=01;35:do=01;35:bd=40;33;01:cd=40;33;01:or=40;31;01:mi=00:su=37;41:sg=30;43:ca=30;41:tw=30;42:ow=34;42:st=37;44:ex=01;32:*.tar=01;31:*.tgz=01;31:*.arc=01;31:*.arj=01;31:*.taz=01;31:*.lha=01;31:*.lz4=01;31:*.lzh=01;31:*.lzma=01;31:*.tlz=01;31:*.txz=01;31:*.tzo=01;31:*.t7z=01;31:*.zip=01;31:*.z=01;31:*.dz=01;31:*.gz=01;31:*.lrz=01;31:*.lz=01;31:*.lzo=01;31:*.xz=01;31:*.zst=01;31:*.tzst=01;31:*.bz2=01;31:*.bz=01;31:*.tbz=01;31:*.tbz2=01;31:*.tz=01;31:*.deb=01;31:*.rpm=01;31:*.jar=01;31:*.war=01;31:*.ear=01;31:*.sar=01;31:*.rar=01;31:*.alz=01;31:*.ace=01;31:*.zoo=01;31:*.cpio=01;31:*.7z=01;31:*.rz=01;31:*.cab=01;31:*.wim=01;31:*.swm=01;31:*.dwm=01;31:*.esd=01;31:*.jpg=01;35:*.jpeg=01;35:*.mjpg=01;35:*.mjpeg=01;35:*.gif=01;35:*.bmp=01;35:*.pbm=01;35:*.pgm=01;35:*.ppm=01;35:*.tga=01;35:*.xbm=01;35:*.xpm=01;35:*.tif=01;35:*.tiff=01;35:*.png=01;35:*.svg=01;35:*.svgz=01;35:*.mng=01;35:*.pcx=01;35:*.mov=01;35:*.mpg=01;35:*.mpeg=01;35:*.m2v=01;35:*.mkv=01;35:*.webm=01;35:*.webp=01;35:*.ogm=01;35:*.mp4=01;35:*.m4v=01;35:*.mp4v=01;35:*.vob=01;35:*.qt=01;35:*.nuv=01;35:*.wmv=01;35:*.asf=01;35:*.rm=01;35:*.rmvb=01;35:*.flc=01;35:*.avi=01;35:*.fli=01;35:*.flv=01;35:*.gl=01;35:*.dl=01;35:*.xcf=01;35:*.xwd=01;35:*.yuv=01;35:*.cgm=01;35:*.emf=01;35:*.ogv=01;35:*.ogx=01;35:*.aac=00;36:*.au=00;36:*.flac=00;36:*.m4a=00;36:*.mid=00;36:*.midi=00;36:*.mka=00;36:*.mp3=00;36:*.mpc=00;36:*.ogg=00;36:*.ra=00;36:*.wav=00;36:*.oga=00;36:*.opus=00;36:*.spx=00;36:*.xspf=00;36:'), ('JETSON_SOC', 'tegra234'), ('VSCODE_GIT_IPC_HANDLE', '/run/user/1000/vscode-git-5f1c2c4ac7.sock'), ('TERM_PROGRAM', 'vscode'), ('SSH_AUTH_SOCK', '/tmp/.antigravity-server/.15487b3041e65228cae24980a3f796c905ef582c-ssh-auth.sock'), ('AMENT_PREFIX_PATH', '/home/techsas/auv_ws/install/auv_pkg:/home/techsas/auv_ws/install/auv_interfaces:/home/techsas/microros_ws/install/micro_ros_setup:/home/techsas/microros_ws/install/micro_ros_agent:/home/techsas/microros_ws/install/micro_ros_msgs:/opt/ros/humble'), ('SHELL', '/bin/bash'), ('LC_NAME', 'id_ID.UTF-8'), ('LESSCLOSE', '/usr/bin/lesspipe %s %s'), ('LC_MEASUREMENT', 'id_ID.UTF-8'), ('LC_IDENTIFICATION', 'id_ID.UTF-8'), ('VSCODE_GIT_ASKPASS_EXTRA_ARGS', ''), ('JETSON_CUDA_ARCH_BIN', '8.7'), ('PWD', '/home/techsas/auv_ws/build/auv_interfaces'), ('LC_ALL', 'en_US.UTF-8'), ('SSH_CONNECTION', '192.168.2.2 55802 192.168.2.1 22'), ('XDG_DATA_DIRS', '/usr/share/gnome:/usr/local/share:/usr/share:/var/lib/snapd/desktop'), ('PYTHONPATH', '/usr/local/lib/python3.10/dist-packages/:/usr/local/lib/python3.10/dist-packages/:/home/techsas/auv_ws/build/auv_pkg:/home/techsas/auv_ws/install/auv_pkg/lib/python3.10/site-packages:/home/techsas/auv_ws/install/auv_interfaces/local/lib/python3.10/dist-packages:/home/techsas/microros_ws/install/micro_ros_msgs/local/lib/python3.10/dist-packages:/opt/ros/humble/lib/python3.10/site-packages:/opt/ros/humble/local/lib/python3.10/dist-packages'), ('LC_NUMERIC', 'id_ID.UTF-8'), ('LC_PAPER', 'id_ID.UTF-8'), ('COLCON', '1'), ('JETSON_JETPACK', ''), ('CMAKE_PREFIX_PATH', '/home/techsas/auv_ws/install/auv_interfaces:/home/techsas/microros_ws/install/micro_ros_setup:/home/techsas/microros_ws/install/micro_ros_agent:/home/techsas/microros_ws/install/micro_ros_msgs:/home/techsas/auv_ws/install/auv_pkg:/opt/ros/humble'), ('JETSON_P_NUMBER', 'p3767-0000')]), 'shell': False}
[0.726591] (auv_interfaces) StdoutLine: {'line': b'-- Install configuration: ""\n'}
[0.727893] (auv_interfaces) StdoutLine: {'line': b'-- Execute custom install script\n'}
[0.728342] (auv_interfaces) StdoutLine: {'line': b'-- Up-to-date symlink: /home/techsas/auv_ws/install/auv_interfaces/share/ament_index/resource_index/rosidl_interfaces/auv_interfaces\n'}
[0.730143] (auv_interfaces) StdoutLine: {'line': b'-- Up-to-date symlink: /home/techsas/auv_ws/install/auv_interfaces/include/auv_interfaces/auv_interfaces/msg/actuator.h\n'}
[0.730460] (auv_interfaces) StdoutLine: {'line': b'-- Up-to-date symlink: /home/techsas/auv_ws/install/auv_interfaces/include/auv_interfaces/auv_interfaces/msg/arduino_sensor.h\n'}
[0.730668] (auv_interfaces) StdoutLine: {'line': b'-- Up-to-date symlink: /home/techsas/auv_ws/install/auv_interfaces/include/auv_interfaces/auv_interfaces/msg/bounding_box.h\n'}
[0.730834] (auv_interfaces) StdoutLine: {'line': b'-- Up-to-date symlink: /home/techsas/auv_ws/install/auv_interfaces/include/auv_interfaces/auv_interfaces/msg/detail/actuator__functions.h\n'}
[0.730989] (auv_interfaces) StdoutLine: {'line': b'-- Up-to-date symlink: /home/techsas/auv_ws/install/auv_interfaces/include/auv_interfaces/auv_interfaces/msg/detail/actuator__struct.h\n'}
[0.731144] (auv_interfaces) StdoutLine: {'line': b'-- Up-to-date symlink: /home/techsas/auv_ws/install/auv_interfaces/include/auv_interfaces/auv_interfaces/msg/detail/actuator__type_support.h\n'}
[0.731318] (auv_interfaces) StdoutLine: {'line': b'-- Up-to-date symlink: /home/techsas/auv_ws/install/auv_interfaces/include/auv_interfaces/auv_interfaces/msg/detail/arduino_sensor__functions.h\n'}
[0.731507] (auv_interfaces) StdoutLine: {'line': b'-- Up-to-date symlink: /home/techsas/auv_ws/install/auv_interfaces/include/auv_interfaces/auv_interfaces/msg/detail/arduino_sensor__struct.h\n'}
[0.731699] (auv_interfaces) StdoutLine: {'line': b'-- Up-to-date symlink: /home/techsas/auv_ws/install/auv_interfaces/include/auv_interfaces/auv_interfaces/msg/detail/arduino_sensor__type_support.h\n'}
[0.731893] (auv_interfaces) StdoutLine: {'line': b'-- Up-to-date symlink: /home/techsas/auv_ws/install/auv_interfaces/include/auv_interfaces/auv_interfaces/msg/detail/bounding_box__functions.h\n'}
[0.732079] (auv_interfaces) StdoutLine: {'line': b'-- Up-to-date symlink: /home/techsas/auv_ws/install/auv_interfaces/include/auv_interfaces/auv_interfaces/msg/detail/bounding_box__struct.h\n'}
[0.732268] (auv_interfaces) StdoutLine: {'line': b'-- Up-to-date symlink: /home/techsas/auv_ws/install/auv_interfaces/include/auv_interfaces/auv_interfaces/msg/detail/bounding_box__type_support.h\n'}
[0.732456] (auv_interfaces) StdoutLine: {'line': b'-- Up-to-date symlink: /home/techsas/auv_ws/install/auv_interfaces/include/auv_interfaces/auv_interfaces/msg/detail/error__functions.h\n'}
[0.733046] (auv_interfaces) StdoutLine: {'line': b'-- Up-to-date symlink: /home/techsas/auv_ws/install/auv_interfaces/include/auv_interfaces/auv_interfaces/msg/detail/error__struct.h\n'}
[0.733212] (auv_interfaces) StdoutLine: {'line': b'-- Up-to-date symlink: /home/techsas/auv_ws/install/auv_interfaces/include/auv_interfaces/auv_interfaces/msg/detail/error__type_support.h\n'}
[0.733376] (auv_interfaces) StdoutLine: {'line': b'-- Up-to-date symlink: /home/techsas/auv_ws/install/auv_interfaces/include/auv_interfaces/auv_interfaces/msg/detail/gerak__functions.h\n'}
[0.733552] (auv_interfaces) StdoutLine: {'line': b'-- Up-to-date symlink: /home/techsas/auv_ws/install/auv_interfaces/include/auv_interfaces/auv_interfaces/msg/detail/gerak__struct.h\n'}
[0.733730] (auv_interfaces) StdoutLine: {'line': b'-- Up-to-date symlink: /home/techsas/auv_ws/install/auv_interfaces/include/auv_interfaces/auv_interfaces/msg/detail/gerak__type_support.h\n'}
[0.733908] (auv_interfaces) StdoutLine: {'line': b'-- Up-to-date symlink: /home/techsas/auv_ws/install/auv_interfaces/include/auv_interfaces/auv_interfaces/msg/detail/heading__functions.h\n'}
[0.734086] (auv_interfaces) StdoutLine: {'line': b'-- Up-to-date symlink: /home/techsas/auv_ws/install/auv_interfaces/include/auv_interfaces/auv_interfaces/msg/detail/heading__struct.h\n'}
[0.734261] (auv_interfaces) StdoutLine: {'line': b'-- Up-to-date symlink: /home/techsas/auv_ws/install/auv_interfaces/include/auv_interfaces/auv_interfaces/msg/detail/heading__type_support.h\n'}
[0.734439] (auv_interfaces) StdoutLine: {'line': b'-- Up-to-date symlink: /home/techsas/auv_ws/install/auv_interfaces/include/auv_interfaces/auv_interfaces/msg/detail/is_stable__functions.h\n'}
[0.734617] (auv_interfaces) StdoutLine: {'line': b'-- Up-to-date symlink: /home/techsas/auv_ws/install/auv_interfaces/include/auv_interfaces/auv_interfaces/msg/detail/is_stable__struct.h\n'}
[0.734796] (auv_interfaces) StdoutLine: {'line': b'-- Up-to-date symlink: /home/techsas/auv_ws/install/auv_interfaces/include/auv_interfaces/auv_interfaces/msg/detail/is_stable__type_support.h\n'}
[0.734977] (auv_interfaces) StdoutLine: {'line': b'-- Up-to-date symlink: /home/techsas/auv_ws/install/auv_interfaces/include/auv_interfaces/auv_interfaces/msg/detail/logging__functions.h\n'}
[0.735154] (auv_interfaces) StdoutLine: {'line': b'-- Up-to-date symlink: /home/techsas/auv_ws/install/auv_interfaces/include/auv_interfaces/auv_interfaces/msg/detail/logging__struct.h\n'}
[0.735333] (auv_interfaces) StdoutLine: {'line': b'-- Up-to-date symlink: /home/techsas/auv_ws/install/auv_interfaces/include/auv_interfaces/auv_interfaces/msg/detail/logging__type_support.h\n'}
[0.735510] (auv_interfaces) StdoutLine: {'line': b'-- Up-to-date symlink: /home/techsas/auv_ws/install/auv_interfaces/include/auv_interfaces/auv_interfaces/msg/detail/manual__functions.h\n'}
[0.735686] (auv_interfaces) StdoutLine: {'line': b'-- Up-to-date symlink: /home/techsas/auv_ws/install/auv_interfaces/include/auv_interfaces/auv_interfaces/msg/detail/manual__struct.h\n'}
[0.735868] (auv_interfaces) StdoutLine: {'line': b'-- Up-to-date symlink: /home/techsas/auv_ws/install/auv_interfaces/include/auv_interfaces/auv_interfaces/msg/detail/manual__type_support.h\n'}
[0.736050] (auv_interfaces) StdoutLine: {'line': b'-- Up-to-date symlink: /home/techsas/auv_ws/install/auv_interfaces/include/auv_interfaces/auv_interfaces/msg/detail/movement__functions.h\n'}
[0.736223] (auv_interfaces) StdoutLine: {'line': b'-- Up-to-date symlink: /home/techsas/auv_ws/install/auv_interfaces/include/auv_interfaces/auv_interfaces/msg/detail/movement__struct.h\n'}
[0.736401] (auv_interfaces) StdoutLine: {'line': b'-- Up-to-date symlink: /home/techsas/auv_ws/install/auv_interfaces/include/auv_interfaces/auv_interfaces/msg/detail/movement__type_support.h\n'}
[0.736746] (auv_interfaces) StdoutLine: {'line': b'-- Up-to-date symlink: /home/techsas/auv_ws/install/auv_interfaces/include/auv_interfaces/auv_interfaces/msg/detail/multi_pid__functions.h\n'}
[0.736896] (auv_interfaces) StdoutLine: {'line': b'-- Up-to-date symlink: /home/techsas/auv_ws/install/auv_interfaces/include/auv_interfaces/auv_interfaces/msg/detail/multi_pid__struct.h\n'}
[0.737032] (auv_interfaces) StdoutLine: {'line': b'-- Up-to-date symlink: /home/techsas/auv_ws/install/auv_interfaces/include/auv_interfaces/auv_interfaces/msg/detail/multi_pid__type_support.h\n'}
[0.737176] (auv_interfaces) StdoutLine: {'line': b'-- Up-to-date symlink: /home/techsas/auv_ws/install/auv_interfaces/include/auv_interfaces/auv_interfaces/msg/detail/object_detection__functions.h\n'}
[0.737340] (auv_interfaces) StdoutLine: {'line': b'-- Up-to-date symlink: /home/techsas/auv_ws/install/auv_interfaces/include/auv_interfaces/auv_interfaces/msg/detail/object_detection__struct.h\n'}
[0.737519] (auv_interfaces) StdoutLine: {'line': b'-- Up-to-date symlink: /home/techsas/auv_ws/install/auv_interfaces/include/auv_interfaces/auv_interfaces/msg/detail/object_detection__type_support.h\n'}
[0.737699] (auv_interfaces) StdoutLine: {'line': b'-- Up-to-date symlink: /home/techsas/auv_ws/install/auv_interfaces/include/auv_interfaces/auv_interfaces/msg/detail/object_difference__functions.h\n'}
[0.737877] (auv_interfaces) StdoutLine: {'line': b'-- Up-to-date symlink: /home/techsas/auv_ws/install/auv_interfaces/include/auv_interfaces/auv_interfaces/msg/detail/object_difference__struct.h\n'}
[0.738059] (auv_interfaces) StdoutLine: {'line': b'-- Up-to-date symlink: /home/techsas/auv_ws/install/auv_interfaces/include/auv_interfaces/auv_interfaces/msg/detail/object_difference__type_support.h\n'}
[0.738242] (auv_interfaces) StdoutLine: {'line': b'-- Up-to-date symlink: /home/techsas/auv_ws/install/auv_interfaces/include/auv_interfaces/auv_interfaces/msg/detail/orientation__functions.h\n'}
[0.738422] (auv_interfaces) StdoutLine: {'line': b'-- Up-to-date symlink: /home/techsas/auv_ws/install/auv_interfaces/include/auv_interfaces/auv_interfaces/msg/detail/orientation__struct.h\n'}
[0.738600] (auv_interfaces) StdoutLine: {'line': b'-- Up-to-date symlink: /home/techsas/auv_ws/install/auv_interfaces/include/auv_interfaces/auv_interfaces/msg/detail/orientation__type_support.h\n'}
[0.738779] (auv_interfaces) StdoutLine: {'line': b'-- Up-to-date symlink: /home/techsas/auv_ws/install/auv_interfaces/include/auv_interfaces/auv_interfaces/msg/detail/pid__functions.h\n'}
[0.738958] (auv_interfaces) StdoutLine: {'line': b'-- Up-to-date symlink: /home/techsas/auv_ws/install/auv_interfaces/include/auv_interfaces/auv_interfaces/msg/detail/pid__struct.h\n'}
[0.739135] (auv_interfaces) StdoutLine: {'line': b'-- Up-to-date symlink: /home/techsas/auv_ws/install/auv_interfaces/include/auv_interfaces/auv_interfaces/msg/detail/pid__type_support.h\n'}
[0.739314] (auv_interfaces) StdoutLine: {'line': b'-- Up-to-date symlink: /home/techsas/auv_ws/install/auv_interfaces/include/auv_interfaces/auv_interfaces/msg/detail/pid_vel__functions.h\n'}
[0.739492] (auv_interfaces) StdoutLine: {'line': b'-- Up-to-date symlink: /home/techsas/auv_ws/install/auv_interfaces/include/auv_interfaces/auv_interfaces/msg/detail/pid_vel__struct.h\n'}
[0.739670] (auv_interfaces) StdoutLine: {'line': b'-- Up-to-date symlink: /home/techsas/auv_ws/install/auv_interfaces/include/auv_interfaces/auv_interfaces/msg/detail/pid_vel__type_support.h\n'}
[0.739847] (auv_interfaces) StdoutLine: {'line': b'-- Up-to-date symlink: /home/techsas/auv_ws/install/auv_interfaces/include/auv_interfaces/auv_interfaces/msg/detail/sensor__functions.h\n'}
[0.740024] (auv_interfaces) StdoutLine: {'line': b'-- Up-to-date symlink: /home/techsas/auv_ws/install/auv_interfaces/include/auv_interfaces/auv_interfaces/msg/detail/sensor__struct.h\n'}
[0.740202] (auv_interfaces) StdoutLine: {'line': b'-- Up-to-date symlink: /home/techsas/auv_ws/install/auv_interfaces/include/auv_interfaces/auv_interfaces/msg/detail/sensor__type_support.h\n'}
[0.740382] (auv_interfaces) StdoutLine: {'line': b'-- Up-to-date symlink: /home/techsas/auv_ws/install/auv_interfaces/include/auv_interfaces/auv_interfaces/msg/detail/set_point__functions.h\n'}
[0.740572] (auv_interfaces) StdoutLine: {'line': b'-- Up-to-date symlink: /home/techsas/auv_ws/install/auv_interfaces/include/auv_interfaces/auv_interfaces/msg/detail/set_point__struct.h\n'}
[0.740752] (auv_interfaces) StdoutLine: {'line': b'-- Up-to-date symlink: /home/techsas/auv_ws/install/auv_interfaces/include/auv_interfaces/auv_interfaces/msg/detail/set_point__type_support.h\n'}
[0.740917] (auv_interfaces) StdoutLine: {'line': b'-- Up-to-date symlink: /home/techsas/auv_ws/install/auv_interfaces/include/auv_interfaces/auv_interfaces/msg/error.h\n'}
[0.741080] (auv_interfaces) StdoutLine: {'line': b'-- Up-to-date symlink: /home/techsas/auv_ws/install/auv_interfaces/include/auv_interfaces/auv_interfaces/msg/gerak.h\n'}
[0.741246] (auv_interfaces) StdoutLine: {'line': b'-- Up-to-date symlink: /home/techsas/auv_ws/install/auv_interfaces/include/auv_interfaces/auv_interfaces/msg/heading.h\n'}
[0.741411] (auv_interfaces) StdoutLine: {'line': b'-- Up-to-date symlink: /home/techsas/auv_ws/install/auv_interfaces/include/auv_interfaces/auv_interfaces/msg/is_stable.h\n'}
[0.741572] (auv_interfaces) StdoutLine: {'line': b'-- Up-to-date symlink: /home/techsas/auv_ws/install/auv_interfaces/include/auv_interfaces/auv_interfaces/msg/logging.h\n'}
[0.741751] (auv_interfaces) StdoutLine: {'line': b'-- Up-to-date symlink: /home/techsas/auv_ws/install/auv_interfaces/include/auv_interfaces/auv_interfaces/msg/manual.h\n'}
[0.741902] (auv_interfaces) StdoutLine: {'line': b'-- Up-to-date symlink: /home/techsas/auv_ws/install/auv_interfaces/include/auv_interfaces/auv_interfaces/msg/movement.h\n'}
[0.742067] (auv_interfaces) StdoutLine: {'line': b'-- Up-to-date symlink: /home/techsas/auv_ws/install/auv_interfaces/include/auv_interfaces/auv_interfaces/msg/multi_pid.h\n'}
[0.742233] (auv_interfaces) StdoutLine: {'line': b'-- Up-to-date symlink: /home/techsas/auv_ws/install/auv_interfaces/include/auv_interfaces/auv_interfaces/msg/object_detection.h\n'}
[0.742400] (auv_interfaces) StdoutLine: {'line': b'-- Up-to-date symlink: /home/techsas/auv_ws/install/auv_interfaces/include/auv_interfaces/auv_interfaces/msg/object_difference.h\n'}
[0.742562] (auv_interfaces) StdoutLine: {'line': b'-- Up-to-date symlink: /home/techsas/auv_ws/install/auv_interfaces/include/auv_interfaces/auv_interfaces/msg/orientation.h\n'}
[0.742728] (auv_interfaces) StdoutLine: {'line': b'-- Up-to-date symlink: /home/techsas/auv_ws/install/auv_interfaces/include/auv_interfaces/auv_interfaces/msg/pid.h\n'}
[0.742893] (auv_interfaces) StdoutLine: {'line': b'-- Up-to-date symlink: /home/techsas/auv_ws/install/auv_interfaces/include/auv_interfaces/auv_interfaces/msg/pid_vel.h\n'}
[0.743062] (auv_interfaces) StdoutLine: {'line': b'-- Up-to-date symlink: /home/techsas/auv_ws/install/auv_interfaces/include/auv_interfaces/auv_interfaces/msg/rosidl_generator_c__visibility_control.h\n'}
[0.743228] (auv_interfaces) StdoutLine: {'line': b'-- Up-to-date symlink: /home/techsas/auv_ws/install/auv_interfaces/include/auv_interfaces/auv_interfaces/msg/sensor.h\n'}
[0.743408] (auv_interfaces) StdoutLine: {'line': b'-- Up-to-date symlink: /home/techsas/auv_ws/install/auv_interfaces/include/auv_interfaces/auv_interfaces/msg/set_point.h\n'}
[0.743699] (auv_interfaces) StdoutLine: {'line': b'-- Up-to-date symlink: /home/techsas/auv_ws/install/auv_interfaces/share/auv_interfaces/environment/library_path.sh\n'}
[0.743946] (auv_interfaces) StdoutLine: {'line': b'-- Up-to-date symlink: /home/techsas/auv_ws/install/auv_interfaces/share/auv_interfaces/environment/library_path.dsv\n'}
[0.745336] (auv_interfaces) StdoutLine: {'line': b'-- Up-to-date symlink: /home/techsas/auv_ws/install/auv_interfaces/include/auv_interfaces/auv_interfaces/msg/detail/actuator__rosidl_typesupport_fastrtps_c.h\n'}
[0.745586] (auv_interfaces) StdoutLine: {'line': b'-- Up-to-date symlink: /home/techsas/auv_ws/install/auv_interfaces/include/auv_interfaces/auv_interfaces/msg/detail/arduino_sensor__rosidl_typesupport_fastrtps_c.h\n'}
[0.745763] (auv_interfaces) StdoutLine: {'line': b'-- Up-to-date symlink: /home/techsas/auv_ws/install/auv_interfaces/include/auv_interfaces/auv_interfaces/msg/detail/bounding_box__rosidl_typesupport_fastrtps_c.h\n'}
[0.745917] (auv_interfaces) StdoutLine: {'line': b'-- Up-to-date symlink: /home/techsas/auv_ws/install/auv_interfaces/include/auv_interfaces/auv_interfaces/msg/detail/error__rosidl_typesupport_fastrtps_c.h\n'}
[0.746058] (auv_interfaces) StdoutLine: {'line': b'-- Up-to-date symlink: /home/techsas/auv_ws/install/auv_interfaces/include/auv_interfaces/auv_interfaces/msg/detail/gerak__rosidl_typesupport_fastrtps_c.h\n'}
[0.746228] (auv_interfaces) StdoutLine: {'line': b'-- Up-to-date symlink: /home/techsas/auv_ws/install/auv_interfaces/include/auv_interfaces/auv_interfaces/msg/detail/heading__rosidl_typesupport_fastrtps_c.h\n'}
[0.746386] (auv_interfaces) StdoutLine: {'line': b'-- Up-to-date symlink: /home/techsas/auv_ws/install/auv_interfaces/include/auv_interfaces/auv_interfaces/msg/detail/is_stable__rosidl_typesupport_fastrtps_c.h\n'}
[0.746540] (auv_interfaces) StdoutLine: {'line': b'-- Up-to-date symlink: /home/techsas/auv_ws/install/auv_interfaces/include/auv_interfaces/auv_interfaces/msg/detail/logging__rosidl_typesupport_fastrtps_c.h\n'}
[0.746697] (auv_interfaces) StdoutLine: {'line': b'-- Up-to-date symlink: /home/techsas/auv_ws/install/auv_interfaces/include/auv_interfaces/auv_interfaces/msg/detail/manual__rosidl_typesupport_fastrtps_c.h\n'}
[0.746895] (auv_interfaces) StdoutLine: {'line': b'-- Up-to-date symlink: /home/techsas/auv_ws/install/auv_interfaces/include/auv_interfaces/auv_interfaces/msg/detail/movement__rosidl_typesupport_fastrtps_c.h\n'}
[0.747479] (auv_interfaces) StdoutLine: {'line': b'-- Up-to-date symlink: /home/techsas/auv_ws/install/auv_interfaces/include/auv_interfaces/auv_interfaces/msg/detail/multi_pid__rosidl_typesupport_fastrtps_c.h\n'}
[0.747659] (auv_interfaces) StdoutLine: {'line': b'-- Up-to-date symlink: /home/techsas/auv_ws/install/auv_interfaces/include/auv_interfaces/auv_interfaces/msg/detail/object_detection__rosidl_typesupport_fastrtps_c.h\n'}
[0.747820] (auv_interfaces) StdoutLine: {'line': b'-- Up-to-date symlink: /home/techsas/auv_ws/install/auv_interfaces/include/auv_interfaces/auv_interfaces/msg/detail/object_difference__rosidl_typesupport_fastrtps_c.h\n'}
[0.747971] (auv_interfaces) StdoutLine: {'line': b'-- Up-to-date symlink: /home/techsas/auv_ws/install/auv_interfaces/include/auv_interfaces/auv_interfaces/msg/detail/orientation__rosidl_typesupport_fastrtps_c.h\n'}
[0.748112] (auv_interfaces) StdoutLine: {'line': b'-- Up-to-date symlink: /home/techsas/auv_ws/install/auv_interfaces/include/auv_interfaces/auv_interfaces/msg/detail/pid__rosidl_typesupport_fastrtps_c.h\n'}
[0.748248] (auv_interfaces) StdoutLine: {'line': b'-- Up-to-date symlink: /home/techsas/auv_ws/install/auv_interfaces/include/auv_interfaces/auv_interfaces/msg/detail/pid_vel__rosidl_typesupport_fastrtps_c.h\n'}
[0.748376] (auv_interfaces) StdoutLine: {'line': b'-- Up-to-date symlink: /home/techsas/auv_ws/install/auv_interfaces/include/auv_interfaces/auv_interfaces/msg/detail/sensor__rosidl_typesupport_fastrtps_c.h\n'}
[0.748490] (auv_interfaces) StdoutLine: {'line': b'-- Up-to-date symlink: /home/techsas/auv_ws/install/auv_interfaces/include/auv_interfaces/auv_interfaces/msg/detail/set_point__rosidl_typesupport_fastrtps_c.h\n'}
[0.748627] (auv_interfaces) StdoutLine: {'line': b'-- Up-to-date symlink: /home/techsas/auv_ws/install/auv_interfaces/include/auv_interfaces/auv_interfaces/msg/rosidl_typesupport_fastrtps_c__visibility_control.h\n'}
[0.749657] (auv_interfaces) StdoutLine: {'line': b'-- Up-to-date symlink: /home/techsas/auv_ws/install/auv_interfaces/include/auv_interfaces/auv_interfaces/msg/detail/actuator__rosidl_typesupport_introspection_c.h\n'}
[0.749835] (auv_interfaces) StdoutLine: {'line': b'-- Up-to-date symlink: /home/techsas/auv_ws/install/auv_interfaces/include/auv_interfaces/auv_interfaces/msg/detail/arduino_sensor__rosidl_typesupport_introspection_c.h\n'}
[0.750010] (auv_interfaces) StdoutLine: {'line': b'-- Up-to-date symlink: /home/techsas/auv_ws/install/auv_interfaces/include/auv_interfaces/auv_interfaces/msg/detail/bounding_box__rosidl_typesupport_introspection_c.h\n'}
[0.750182] (auv_interfaces) StdoutLine: {'line': b'-- Up-to-date symlink: /home/techsas/auv_ws/install/auv_interfaces/include/auv_interfaces/auv_interfaces/msg/detail/error__rosidl_typesupport_introspection_c.h\n'}
[0.750355] (auv_interfaces) StdoutLine: {'line': b'-- Up-to-date symlink: /home/techsas/auv_ws/install/auv_interfaces/include/auv_interfaces/auv_interfaces/msg/detail/gerak__rosidl_typesupport_introspection_c.h\n'}
[0.750525] (auv_interfaces) StdoutLine: {'line': b'-- Up-to-date symlink: /home/techsas/auv_ws/install/auv_interfaces/include/auv_interfaces/auv_interfaces/msg/detail/heading__rosidl_typesupport_introspection_c.h\n'}
[0.750696] (auv_interfaces) StdoutLine: {'line': b'-- Up-to-date symlink: /home/techsas/auv_ws/install/auv_interfaces/include/auv_interfaces/auv_interfaces/msg/detail/is_stable__rosidl_typesupport_introspection_c.h\n'}
[0.750868] (auv_interfaces) StdoutLine: {'line': b'-- Up-to-date symlink: /home/techsas/auv_ws/install/auv_interfaces/include/auv_interfaces/auv_interfaces/msg/detail/logging__rosidl_typesupport_introspection_c.h\n'}
[0.751037] (auv_interfaces) StdoutLine: {'line': b'-- Up-to-date symlink: /home/techsas/auv_ws/install/auv_interfaces/include/auv_interfaces/auv_interfaces/msg/detail/manual__rosidl_typesupport_introspection_c.h\n'}
[0.751219] (auv_interfaces) StdoutLine: {'line': b'-- Up-to-date symlink: /home/techsas/auv_ws/install/auv_interfaces/include/auv_interfaces/auv_interfaces/msg/detail/movement__rosidl_typesupport_introspection_c.h\n'}
[0.751387] (auv_interfaces) StdoutLine: {'line': b'-- Up-to-date symlink: /home/techsas/auv_ws/install/auv_interfaces/include/auv_interfaces/auv_interfaces/msg/detail/multi_pid__rosidl_typesupport_introspection_c.h\n'}
[0.751560] (auv_interfaces) StdoutLine: {'line': b'-- Up-to-date symlink: /home/techsas/auv_ws/install/auv_interfaces/include/auv_interfaces/auv_interfaces/msg/detail/object_detection__rosidl_typesupport_introspection_c.h\n'}
[0.751728] (auv_interfaces) StdoutLine: {'line': b'-- Up-to-date symlink: /home/techsas/auv_ws/install/auv_interfaces/include/auv_interfaces/auv_interfaces/msg/detail/object_difference__rosidl_typesupport_introspection_c.h\n'}
[0.751900] (auv_interfaces) StdoutLine: {'line': b'-- Up-to-date symlink: /home/techsas/auv_ws/install/auv_interfaces/include/auv_interfaces/auv_interfaces/msg/detail/orientation__rosidl_typesupport_introspection_c.h\n'}
[0.752069] (auv_interfaces) StdoutLine: {'line': b'-- Up-to-date symlink: /home/techsas/auv_ws/install/auv_interfaces/include/auv_interfaces/auv_interfaces/msg/detail/pid__rosidl_typesupport_introspection_c.h\n'}
[0.752235] (auv_interfaces) StdoutLine: {'line': b'-- Up-to-date symlink: /home/techsas/auv_ws/install/auv_interfaces/include/auv_interfaces/auv_interfaces/msg/detail/pid_vel__rosidl_typesupport_introspection_c.h\n'}
[0.752404] (auv_interfaces) StdoutLine: {'line': b'-- Up-to-date symlink: /home/techsas/auv_ws/install/auv_interfaces/include/auv_interfaces/auv_interfaces/msg/detail/sensor__rosidl_typesupport_introspection_c.h\n'}
[0.752625] (auv_interfaces) StdoutLine: {'line': b'-- Up-to-date symlink: /home/techsas/auv_ws/install/auv_interfaces/include/auv_interfaces/auv_interfaces/msg/detail/set_point__rosidl_typesupport_introspection_c.h\n'}
[0.752841] (auv_interfaces) StdoutLine: {'line': b'-- Up-to-date symlink: /home/techsas/auv_ws/install/auv_interfaces/include/auv_interfaces/auv_interfaces/msg/rosidl_typesupport_introspection_c__visibility_control.h\n'}
[0.754253] (auv_interfaces) StdoutLine: {'line': b'-- Up-to-date symlink: /home/techsas/auv_ws/install/auv_interfaces/include/auv_interfaces/auv_interfaces/msg/actuator.hpp\n'}
[0.754420] (auv_interfaces) StdoutLine: {'line': b'-- Up-to-date symlink: /home/techsas/auv_ws/install/auv_interfaces/include/auv_interfaces/auv_interfaces/msg/arduino_sensor.hpp\n'}
[0.754581] (auv_interfaces) StdoutLine: {'line': b'-- Up-to-date symlink: /home/techsas/auv_ws/install/auv_interfaces/include/auv_interfaces/auv_interfaces/msg/bounding_box.hpp\n'}
[0.754749] (auv_interfaces) StdoutLine: {'line': b'-- Up-to-date symlink: /home/techsas/auv_ws/install/auv_interfaces/include/auv_interfaces/auv_interfaces/msg/detail/actuator__builder.hpp\n'}
[0.754916] (auv_interfaces) StdoutLine: {'line': b'-- Up-to-date symlink: /home/techsas/auv_ws/install/auv_interfaces/include/auv_interfaces/auv_interfaces/msg/detail/actuator__struct.hpp\n'}
[0.755082] (auv_interfaces) StdoutLine: {'line': b'-- Up-to-date symlink: /home/techsas/auv_ws/install/auv_interfaces/include/auv_interfaces/auv_interfaces/msg/detail/actuator__traits.hpp\n'}
[0.755246] (auv_interfaces) StdoutLine: {'line': b'-- Up-to-date symlink: /home/techsas/auv_ws/install/auv_interfaces/include/auv_interfaces/auv_interfaces/msg/detail/actuator__type_support.hpp\n'}
[0.755407] (auv_interfaces) StdoutLine: {'line': b'-- Up-to-date symlink: /home/techsas/auv_ws/install/auv_interfaces/include/auv_interfaces/auv_interfaces/msg/detail/arduino_sensor__builder.hpp\n'}
[0.755568] (auv_interfaces) StdoutLine: {'line': b'-- Up-to-date symlink: /home/techsas/auv_ws/install/auv_interfaces/include/auv_interfaces/auv_interfaces/msg/detail/arduino_sensor__struct.hpp\n'}
[0.755728] (auv_interfaces) StdoutLine: {'line': b'-- Up-to-date symlink: /home/techsas/auv_ws/install/auv_interfaces/include/auv_interfaces/auv_interfaces/msg/detail/arduino_sensor__traits.hpp\n'}
[0.755890] (auv_interfaces) StdoutLine: {'line': b'-- Up-to-date symlink: /home/techsas/auv_ws/install/auv_interfaces/include/auv_interfaces/auv_interfaces/msg/detail/arduino_sensor__type_support.hpp\n'}
[0.756053] (auv_interfaces) StdoutLine: {'line': b'-- Up-to-date symlink: /home/techsas/auv_ws/install/auv_interfaces/include/auv_interfaces/auv_interfaces/msg/detail/bounding_box__builder.hpp\n'}
[0.756216] (auv_interfaces) StdoutLine: {'line': b'-- Up-to-date symlink: /home/techsas/auv_ws/install/auv_interfaces/include/auv_interfaces/auv_interfaces/msg/detail/bounding_box__struct.hpp\n'}
[0.756375] (auv_interfaces) StdoutLine: {'line': b'-- Up-to-date symlink: /home/techsas/auv_ws/install/auv_interfaces/include/auv_interfaces/auv_interfaces/msg/detail/bounding_box__traits.hpp\n'}
[0.756543] (auv_interfaces) StdoutLine: {'line': b'-- Up-to-date symlink: /home/techsas/auv_ws/install/auv_interfaces/include/auv_interfaces/auv_interfaces/msg/detail/bounding_box__type_support.hpp\n'}
[0.756735] (auv_interfaces) StdoutLine: {'line': b'-- Up-to-date symlink: /home/techsas/auv_ws/install/auv_interfaces/include/auv_interfaces/auv_interfaces/msg/detail/error__builder.hpp\n'}
[0.756885] (auv_interfaces) StdoutLine: {'line': b'-- Up-to-date symlink: /home/techsas/auv_ws/install/auv_interfaces/include/auv_interfaces/auv_interfaces/msg/detail/error__struct.hpp\n'}
[0.757029] (auv_interfaces) StdoutLine: {'line': b'-- Up-to-date symlink: /home/techsas/auv_ws/install/auv_interfaces/include/auv_interfaces/auv_interfaces/msg/detail/error__traits.hpp\n'}
[0.757184] (auv_interfaces) StdoutLine: {'line': b'-- Up-to-date symlink: /home/techsas/auv_ws/install/auv_interfaces/include/auv_interfaces/auv_interfaces/msg/detail/error__type_support.hpp\n'}
[0.757338] (auv_interfaces) StdoutLine: {'line': b'-- Up-to-date symlink: /home/techsas/auv_ws/install/auv_interfaces/include/auv_interfaces/auv_interfaces/msg/detail/gerak__builder.hpp\n'}
[0.757491] (auv_interfaces) StdoutLine: {'line': b'-- Up-to-date symlink: /home/techsas/auv_ws/install/auv_interfaces/include/auv_interfaces/auv_interfaces/msg/detail/gerak__struct.hpp\n'}
[0.757645] (auv_interfaces) StdoutLine: {'line': b'-- Up-to-date symlink: /home/techsas/auv_ws/install/auv_interfaces/include/auv_interfaces/auv_interfaces/msg/detail/gerak__traits.hpp\n'}
[0.757799] (auv_interfaces) StdoutLine: {'line': b'-- Up-to-date symlink: /home/techsas/auv_ws/install/auv_interfaces/include/auv_interfaces/auv_interfaces/msg/detail/gerak__type_support.hpp\n'}
[0.757965] (auv_interfaces) StdoutLine: {'line': b'-- Up-to-date symlink: /home/techsas/auv_ws/install/auv_interfaces/include/auv_interfaces/auv_interfaces/msg/detail/heading__builder.hpp\n'}
[0.758121] (auv_interfaces) StdoutLine: {'line': b'-- Up-to-date symlink: /home/techsas/auv_ws/install/auv_interfaces/include/auv_interfaces/auv_interfaces/msg/detail/heading__struct.hpp\n'}
[0.758274] (auv_interfaces) StdoutLine: {'line': b'-- Up-to-date symlink: /home/techsas/auv_ws/install/auv_interfaces/include/auv_interfaces/auv_interfaces/msg/detail/heading__traits.hpp\n'}
[0.758426] (auv_interfaces) StdoutLine: {'line': b'-- Up-to-date symlink: /home/techsas/auv_ws/install/auv_interfaces/include/auv_interfaces/auv_interfaces/msg/detail/heading__type_support.hpp\n'}
[0.758582] (auv_interfaces) StdoutLine: {'line': b'-- Up-to-date symlink: /home/techsas/auv_ws/install/auv_interfaces/include/auv_interfaces/auv_interfaces/msg/detail/is_stable__builder.hpp\n'}
[0.758737] (auv_interfaces) StdoutLine: {'line': b'-- Up-to-date symlink: /home/techsas/auv_ws/install/auv_interfaces/include/auv_interfaces/auv_interfaces/msg/detail/is_stable__struct.hpp\n'}
[0.758890] (auv_interfaces) StdoutLine: {'line': b'-- Up-to-date symlink: /home/techsas/auv_ws/install/auv_interfaces/include/auv_interfaces/auv_interfaces/msg/detail/is_stable__traits.hpp\n'}
[0.759043] (auv_interfaces) StdoutLine: {'line': b'-- Up-to-date symlink: /home/techsas/auv_ws/install/auv_interfaces/include/auv_interfaces/auv_interfaces/msg/detail/is_stable__type_support.hpp\n'}
[0.759199] (auv_interfaces) StdoutLine: {'line': b'-- Up-to-date symlink: /home/techsas/auv_ws/install/auv_interfaces/include/auv_interfaces/auv_interfaces/msg/detail/logging__builder.hpp\n'}
[0.759351] (auv_interfaces) StdoutLine: {'line': b'-- Up-to-date symlink: /home/techsas/auv_ws/install/auv_interfaces/include/auv_interfaces/auv_interfaces/msg/detail/logging__struct.hpp\n'}
[0.759503] (auv_interfaces) StdoutLine: {'line': b'-- Up-to-date symlink: /home/techsas/auv_ws/install/auv_interfaces/include/auv_interfaces/auv_interfaces/msg/detail/logging__traits.hpp\n'}
[0.759657] (auv_interfaces) StdoutLine: {'line': b'-- Up-to-date symlink: /home/techsas/auv_ws/install/auv_interfaces/include/auv_interfaces/auv_interfaces/msg/detail/logging__type_support.hpp\n'}
[0.759810] (auv_interfaces) StdoutLine: {'line': b'-- Up-to-date symlink: /home/techsas/auv_ws/install/auv_interfaces/include/auv_interfaces/auv_interfaces/msg/detail/manual__builder.hpp\n'}
[0.759963] (auv_interfaces) StdoutLine: {'line': b'-- Up-to-date symlink: /home/techsas/auv_ws/install/auv_interfaces/include/auv_interfaces/auv_interfaces/msg/detail/manual__struct.hpp\n'}
[0.760116] (auv_interfaces) StdoutLine: {'line': b'-- Up-to-date symlink: /home/techsas/auv_ws/install/auv_interfaces/include/auv_interfaces/auv_interfaces/msg/detail/manual__traits.hpp\n'}
[0.760271] (auv_interfaces) StdoutLine: {'line': b'-- Up-to-date symlink: /home/techsas/auv_ws/install/auv_interfaces/include/auv_interfaces/auv_interfaces/msg/detail/manual__type_support.hpp\n'}
[0.760426] (auv_interfaces) StdoutLine: {'line': b'-- Up-to-date symlink: /home/techsas/auv_ws/install/auv_interfaces/include/auv_interfaces/auv_interfaces/msg/detail/movement__builder.hpp\n'}
[0.760607] (auv_interfaces) StdoutLine: {'line': b'-- Up-to-date symlink: /home/techsas/auv_ws/install/auv_interfaces/include/auv_interfaces/auv_interfaces/msg/detail/movement__struct.hpp\n'}
[0.760775] (auv_interfaces) StdoutLine: {'line': b'-- Up-to-date symlink: /home/techsas/auv_ws/install/auv_interfaces/include/auv_interfaces/auv_interfaces/msg/detail/movement__traits.hpp\n'}
[0.760917] (auv_interfaces) StdoutLine: {'line': b'-- Up-to-date symlink: /home/techsas/auv_ws/install/auv_interfaces/include/auv_interfaces/auv_interfaces/msg/detail/movement__type_support.hpp\n'}
[0.761067] (auv_interfaces) StdoutLine: {'line': b'-- Up-to-date symlink: /home/techsas/auv_ws/install/auv_interfaces/include/auv_interfaces/auv_interfaces/msg/detail/multi_pid__builder.hpp\n'}
[0.761217] (auv_interfaces) StdoutLine: {'line': b'-- Up-to-date symlink: /home/techsas/auv_ws/install/auv_interfaces/include/auv_interfaces/auv_interfaces/msg/detail/multi_pid__struct.hpp\n'}
[0.761371] (auv_interfaces) StdoutLine: {'line': b'-- Up-to-date symlink: /home/techsas/auv_ws/install/auv_interfaces/include/auv_interfaces/auv_interfaces/msg/detail/multi_pid__traits.hpp\n'}
[0.761526] (auv_interfaces) StdoutLine: {'line': b'-- Up-to-date symlink: /home/techsas/auv_ws/install/auv_interfaces/include/auv_interfaces/auv_interfaces/msg/detail/multi_pid__type_support.hpp\n'}
[0.761680] (auv_interfaces) StdoutLine: {'line': b'-- Up-to-date symlink: /home/techsas/auv_ws/install/auv_interfaces/include/auv_interfaces/auv_interfaces/msg/detail/object_detection__builder.hpp\n'}
[0.761834] (auv_interfaces) StdoutLine: {'line': b'-- Up-to-date symlink: /home/techsas/auv_ws/install/auv_interfaces/include/auv_interfaces/auv_interfaces/msg/detail/object_detection__struct.hpp\n'}
[0.761986] (auv_interfaces) StdoutLine: {'line': b'-- Up-to-date symlink: /home/techsas/auv_ws/install/auv_interfaces/include/auv_interfaces/auv_interfaces/msg/detail/object_detection__traits.hpp\n'}
[0.762141] (auv_interfaces) StdoutLine: {'line': b'-- Up-to-date symlink: /home/techsas/auv_ws/install/auv_interfaces/include/auv_interfaces/auv_interfaces/msg/detail/object_detection__type_support.hpp\n'}
[0.762294] (auv_interfaces) StdoutLine: {'line': b'-- Up-to-date symlink: /home/techsas/auv_ws/install/auv_interfaces/include/auv_interfaces/auv_interfaces/msg/detail/object_difference__builder.hpp\n'}
[0.762448] (auv_interfaces) StdoutLine: {'line': b'-- Up-to-date symlink: /home/techsas/auv_ws/install/auv_interfaces/include/auv_interfaces/auv_interfaces/msg/detail/object_difference__struct.hpp\n'}
[0.762602] (auv_interfaces) StdoutLine: {'line': b'-- Up-to-date symlink: /home/techsas/auv_ws/install/auv_interfaces/include/auv_interfaces/auv_interfaces/msg/detail/object_difference__traits.hpp\n'}
[0.762761] (auv_interfaces) StdoutLine: {'line': b'-- Up-to-date symlink: /home/techsas/auv_ws/install/auv_interfaces/include/auv_interfaces/auv_interfaces/msg/detail/object_difference__type_support.hpp\n'}
[0.762922] (auv_interfaces) StdoutLine: {'line': b'-- Up-to-date symlink: /home/techsas/auv_ws/install/auv_interfaces/include/auv_interfaces/auv_interfaces/msg/detail/orientation__builder.hpp\n'}
[0.763073] (auv_interfaces) StdoutLine: {'line': b'-- Up-to-date symlink: /home/techsas/auv_ws/install/auv_interfaces/include/auv_interfaces/auv_interfaces/msg/detail/orientation__struct.hpp\n'}
[0.763226] (auv_interfaces) StdoutLine: {'line': b'-- Up-to-date symlink: /home/techsas/auv_ws/install/auv_interfaces/include/auv_interfaces/auv_interfaces/msg/detail/orientation__traits.hpp\n'}
[0.763394] (auv_interfaces) StdoutLine: {'line': b'-- Up-to-date symlink: /home/techsas/auv_ws/install/auv_interfaces/include/auv_interfaces/auv_interfaces/msg/detail/orientation__type_support.hpp\n'}
[0.763551] (auv_interfaces) StdoutLine: {'line': b'-- Up-to-date symlink: /home/techsas/auv_ws/install/auv_interfaces/include/auv_interfaces/auv_interfaces/msg/detail/pid__builder.hpp\n'}
[0.763704] (auv_interfaces) StdoutLine: {'line': b'-- Up-to-date symlink: /home/techsas/auv_ws/install/auv_interfaces/include/auv_interfaces/auv_interfaces/msg/detail/pid__struct.hpp\n'}
[0.763870] (auv_interfaces) StdoutLine: {'line': b'-- Up-to-date symlink: /home/techsas/auv_ws/install/auv_interfaces/include/auv_interfaces/auv_interfaces/msg/detail/pid__traits.hpp\n'}
[0.764015] (auv_interfaces) StdoutLine: {'line': b'-- Up-to-date symlink: /home/techsas/auv_ws/install/auv_interfaces/include/auv_interfaces/auv_interfaces/msg/detail/pid__type_support.hpp\n'}
[0.764165] (auv_interfaces) StdoutLine: {'line': b'-- Up-to-date symlink: /home/techsas/auv_ws/install/auv_interfaces/include/auv_interfaces/auv_interfaces/msg/detail/pid_vel__builder.hpp\n'}
[0.764318] (auv_interfaces) StdoutLine: {'line': b'-- Up-to-date symlink: /home/techsas/auv_ws/install/auv_interfaces/include/auv_interfaces/auv_interfaces/msg/detail/pid_vel__struct.hpp\n'}
[0.764471] (auv_interfaces) StdoutLine: {'line': b'-- Up-to-date symlink: /home/techsas/auv_ws/install/auv_interfaces/include/auv_interfaces/auv_interfaces/msg/detail/pid_vel__traits.hpp\n'}
[0.764671] (auv_interfaces) StdoutLine: {'line': b'-- Up-to-date symlink: /home/techsas/auv_ws/install/auv_interfaces/include/auv_interfaces/auv_interfaces/msg/detail/pid_vel__type_support.hpp\n'}
[0.764839] (auv_interfaces) StdoutLine: {'line': b'-- Up-to-date symlink: /home/techsas/auv_ws/install/auv_interfaces/include/auv_interfaces/auv_interfaces/msg/detail/sensor__builder.hpp\n'}
[0.764984] (auv_interfaces) StdoutLine: {'line': b'-- Up-to-date symlink: /home/techsas/auv_ws/install/auv_interfaces/include/auv_interfaces/auv_interfaces/msg/detail/sensor__struct.hpp\n'}
[0.765121] (auv_interfaces) StdoutLine: {'line': b'-- Up-to-date symlink: /home/techsas/auv_ws/install/auv_interfaces/include/auv_interfaces/auv_interfaces/msg/detail/sensor__traits.hpp\n'}
[0.765260] (auv_interfaces) StdoutLine: {'line': b'-- Up-to-date symlink: /home/techsas/auv_ws/install/auv_interfaces/include/auv_interfaces/auv_interfaces/msg/detail/sensor__type_support.hpp\n'}
[0.765412] (auv_interfaces) StdoutLine: {'line': b'-- Up-to-date symlink: /home/techsas/auv_ws/install/auv_interfaces/include/auv_interfaces/auv_interfaces/msg/detail/set_point__builder.hpp\n'}
[0.765564] (auv_interfaces) StdoutLine: {'line': b'-- Up-to-date symlink: /home/techsas/auv_ws/install/auv_interfaces/include/auv_interfaces/auv_interfaces/msg/detail/set_point__struct.hpp\n'}
[0.765717] (auv_interfaces) StdoutLine: {'line': b'-- Up-to-date symlink: /home/techsas/auv_ws/install/auv_interfaces/include/auv_interfaces/auv_interfaces/msg/detail/set_point__traits.hpp\n'}
[0.765868] (auv_interfaces) StdoutLine: {'line': b'-- Up-to-date symlink: /home/techsas/auv_ws/install/auv_interfaces/include/auv_interfaces/auv_interfaces/msg/detail/set_point__type_support.hpp\n'}
[0.766016] (auv_interfaces) StdoutLine: {'line': b'-- Up-to-date symlink: /home/techsas/auv_ws/install/auv_interfaces/include/auv_interfaces/auv_interfaces/msg/error.hpp\n'}
[0.766164] (auv_interfaces) StdoutLine: {'line': b'-- Up-to-date symlink: /home/techsas/auv_ws/install/auv_interfaces/include/auv_interfaces/auv_interfaces/msg/gerak.hpp\n'}
[0.766311] (auv_interfaces) StdoutLine: {'line': b'-- Up-to-date symlink: /home/techsas/auv_ws/install/auv_interfaces/include/auv_interfaces/auv_interfaces/msg/heading.hpp\n'}
[0.766475] (auv_interfaces) StdoutLine: {'line': b'-- Up-to-date symlink: /home/techsas/auv_ws/install/auv_interfaces/include/auv_interfaces/auv_interfaces/msg/is_stable.hpp\n'}
[0.766685] (auv_interfaces) StdoutLine: {'line': b'-- Up-to-date symlink: /home/techsas/auv_ws/install/auv_interfaces/include/auv_interfaces/auv_interfaces/msg/logging.hpp\n'}
[0.766846] (auv_interfaces) StdoutLine: {'line': b'-- Up-to-date symlink: /home/techsas/auv_ws/install/auv_interfaces/include/auv_interfaces/auv_interfaces/msg/manual.hpp\n'}
[0.766991] (auv_interfaces) StdoutLine: {'line': b'-- Up-to-date symlink: /home/techsas/auv_ws/install/auv_interfaces/include/auv_interfaces/auv_interfaces/msg/movement.hpp\n'}
[0.767125] (auv_interfaces) StdoutLine: {'line': b'-- Up-to-date symlink: /home/techsas/auv_ws/install/auv_interfaces/include/auv_interfaces/auv_interfaces/msg/multi_pid.hpp\n'}
[0.767251] (auv_interfaces) StdoutLine: {'line': b'-- Up-to-date symlink: /home/techsas/auv_ws/install/auv_interfaces/include/auv_interfaces/auv_interfaces/msg/object_detection.hpp\n'}
[0.767377] (auv_interfaces) StdoutLine: {'line': b'-- Up-to-date symlink: /home/techsas/auv_ws/install/auv_interfaces/include/auv_interfaces/auv_interfaces/msg/object_difference.hpp\n'}
[0.767514] (auv_interfaces) StdoutLine: {'line': b'-- Up-to-date symlink: /home/techsas/auv_ws/install/auv_interfaces/include/auv_interfaces/auv_interfaces/msg/orientation.hpp\n'}
[0.767653] (auv_interfaces) StdoutLine: {'line': b'-- Up-to-date symlink: /home/techsas/auv_ws/install/auv_interfaces/include/auv_interfaces/auv_interfaces/msg/pid.hpp\n'}
[0.768316] (auv_interfaces) StdoutLine: {'line': b'-- Up-to-date symlink: /home/techsas/auv_ws/install/auv_interfaces/include/auv_interfaces/auv_interfaces/msg/pid_vel.hpp\n'}
[0.768593] (auv_interfaces) StdoutLine: {'line': b'-- Up-to-date symlink: /home/techsas/auv_ws/install/auv_interfaces/include/auv_interfaces/auv_interfaces/msg/rosidl_generator_cpp__visibility_control.hpp\n'}
[0.768740] (auv_interfaces) StdoutLine: {'line': b'-- Up-to-date symlink: /home/techsas/auv_ws/install/auv_interfaces/include/auv_interfaces/auv_interfaces/msg/sensor.hpp\n'}
[0.768881] (auv_interfaces) StdoutLine: {'line': b'-- Up-to-date symlink: /home/techsas/auv_ws/install/auv_interfaces/include/auv_interfaces/auv_interfaces/msg/set_point.hpp\n'}
[0.769592] (auv_interfaces) StdoutLine: {'line': b'-- Up-to-date symlink: /home/techsas/auv_ws/install/auv_interfaces/include/auv_interfaces/auv_interfaces/msg/detail/actuator__rosidl_typesupport_fastrtps_cpp.hpp\n'}
[0.769747] (auv_interfaces) StdoutLine: {'line': b'-- Up-to-date symlink: /home/techsas/auv_ws/install/auv_interfaces/include/auv_interfaces/auv_interfaces/msg/detail/arduino_sensor__rosidl_typesupport_fastrtps_cpp.hpp\n'}
[0.769908] (auv_interfaces) StdoutLine: {'line': b'-- Up-to-date symlink: /home/techsas/auv_ws/install/auv_interfaces/include/auv_interfaces/auv_interfaces/msg/detail/bounding_box__rosidl_typesupport_fastrtps_cpp.hpp\n'}
[0.770081] (auv_interfaces) StdoutLine: {'line': b'-- Up-to-date symlink: /home/techsas/auv_ws/install/auv_interfaces/include/auv_interfaces/auv_interfaces/msg/detail/error__rosidl_typesupport_fastrtps_cpp.hpp\n'}
[0.770240] (auv_interfaces) StdoutLine: {'line': b'-- Up-to-date symlink: /home/techsas/auv_ws/install/auv_interfaces/include/auv_interfaces/auv_interfaces/msg/detail/gerak__rosidl_typesupport_fastrtps_cpp.hpp\n'}
[0.770396] (auv_interfaces) StdoutLine: {'line': b'-- Up-to-date symlink: /home/techsas/auv_ws/install/auv_interfaces/include/auv_interfaces/auv_interfaces/msg/detail/heading__rosidl_typesupport_fastrtps_cpp.hpp\n'}
[0.770554] (auv_interfaces) StdoutLine: {'line': b'-- Up-to-date symlink: /home/techsas/auv_ws/install/auv_interfaces/include/auv_interfaces/auv_interfaces/msg/detail/is_stable__rosidl_typesupport_fastrtps_cpp.hpp\n'}
[0.770708] (auv_interfaces) StdoutLine: {'line': b'-- Up-to-date symlink: /home/techsas/auv_ws/install/auv_interfaces/include/auv_interfaces/auv_interfaces/msg/detail/logging__rosidl_typesupport_fastrtps_cpp.hpp\n'}
[0.770864] (auv_interfaces) StdoutLine: {'line': b'-- Up-to-date symlink: /home/techsas/auv_ws/install/auv_interfaces/include/auv_interfaces/auv_interfaces/msg/detail/manual__rosidl_typesupport_fastrtps_cpp.hpp\n'}
[0.771019] (auv_interfaces) StdoutLine: {'line': b'-- Up-to-date symlink: /home/techsas/auv_ws/install/auv_interfaces/include/auv_interfaces/auv_interfaces/msg/detail/movement__rosidl_typesupport_fastrtps_cpp.hpp\n'}
[0.771172] (auv_interfaces) StdoutLine: {'line': b'-- Up-to-date symlink: /home/techsas/auv_ws/install/auv_interfaces/include/auv_interfaces/auv_interfaces/msg/detail/multi_pid__rosidl_typesupport_fastrtps_cpp.hpp\n'}
[0.771343] (auv_interfaces) StdoutLine: {'line': b'-- Up-to-date symlink: /home/techsas/auv_ws/install/auv_interfaces/include/auv_interfaces/auv_interfaces/msg/detail/object_detection__rosidl_typesupport_fastrtps_cpp.hpp\n'}
[0.771485] (auv_interfaces) StdoutLine: {'line': b'-- Up-to-date symlink: /home/techsas/auv_ws/install/auv_interfaces/include/auv_interfaces/auv_interfaces/msg/detail/object_difference__rosidl_typesupport_fastrtps_cpp.hpp\n'}
[0.771639] (auv_interfaces) StdoutLine: {'line': b'-- Up-to-date symlink: /home/techsas/auv_ws/install/auv_interfaces/include/auv_interfaces/auv_interfaces/msg/detail/orientation__rosidl_typesupport_fastrtps_cpp.hpp\n'}
[0.771793] (auv_interfaces) StdoutLine: {'line': b'-- Up-to-date symlink: /home/techsas/auv_ws/install/auv_interfaces/include/auv_interfaces/auv_interfaces/msg/detail/pid__rosidl_typesupport_fastrtps_cpp.hpp\n'}
[0.771946] (auv_interfaces) StdoutLine: {'line': b'-- Up-to-date symlink: /home/techsas/auv_ws/install/auv_interfaces/include/auv_interfaces/auv_interfaces/msg/detail/pid_vel__rosidl_typesupport_fastrtps_cpp.hpp\n'}
[0.772098] (auv_interfaces) StdoutLine: {'line': b'-- Up-to-date symlink: /home/techsas/auv_ws/install/auv_interfaces/include/auv_interfaces/auv_interfaces/msg/detail/sensor__rosidl_typesupport_fastrtps_cpp.hpp\n'}
[0.772251] (auv_interfaces) StdoutLine: {'line': b'-- Up-to-date symlink: /home/techsas/auv_ws/install/auv_interfaces/include/auv_interfaces/auv_interfaces/msg/detail/set_point__rosidl_typesupport_fastrtps_cpp.hpp\n'}
[0.772400] (auv_interfaces) StdoutLine: {'line': b'-- Up-to-date symlink: /home/techsas/auv_ws/install/auv_interfaces/include/auv_interfaces/auv_interfaces/msg/rosidl_typesupport_fastrtps_cpp__visibility_control.h\n'}
[0.773184] (auv_interfaces) StdoutLine: {'line': b'-- Up-to-date symlink: /home/techsas/auv_ws/install/auv_interfaces/include/auv_interfaces/auv_interfaces/msg/detail/actuator__rosidl_typesupport_introspection_cpp.hpp\n'}
[0.773344] (auv_interfaces) StdoutLine: {'line': b'-- Up-to-date symlink: /home/techsas/auv_ws/install/auv_interfaces/include/auv_interfaces/auv_interfaces/msg/detail/arduino_sensor__rosidl_typesupport_introspection_cpp.hpp\n'}
[0.773507] (auv_interfaces) StdoutLine: {'line': b'-- Up-to-date symlink: /home/techsas/auv_ws/install/auv_interfaces/include/auv_interfaces/auv_interfaces/msg/detail/bounding_box__rosidl_typesupport_introspection_cpp.hpp\n'}
[0.773667] (auv_interfaces) StdoutLine: {'line': b'-- Up-to-date symlink: /home/techsas/auv_ws/install/auv_interfaces/include/auv_interfaces/auv_interfaces/msg/detail/error__rosidl_typesupport_introspection_cpp.hpp\n'}
[0.773824] (auv_interfaces) StdoutLine: {'line': b'-- Up-to-date symlink: /home/techsas/auv_ws/install/auv_interfaces/include/auv_interfaces/auv_interfaces/msg/detail/gerak__rosidl_typesupport_introspection_cpp.hpp\n'}
[0.773981] (auv_interfaces) StdoutLine: {'line': b'-- Up-to-date symlink: /home/techsas/auv_ws/install/auv_interfaces/include/auv_interfaces/auv_interfaces/msg/detail/heading__rosidl_typesupport_introspection_cpp.hpp\n'}
[0.774136] (auv_interfaces) StdoutLine: {'line': b'-- Up-to-date symlink: /home/techsas/auv_ws/install/auv_interfaces/include/auv_interfaces/auv_interfaces/msg/detail/is_stable__rosidl_typesupport_introspection_cpp.hpp\n'}
[0.774291] (auv_interfaces) StdoutLine: {'line': b'-- Up-to-date symlink: /home/techsas/auv_ws/install/auv_interfaces/include/auv_interfaces/auv_interfaces/msg/detail/logging__rosidl_typesupport_introspection_cpp.hpp\n'}
[0.774447] (auv_interfaces) StdoutLine: {'line': b'-- Up-to-date symlink: /home/techsas/auv_ws/install/auv_interfaces/include/auv_interfaces/auv_interfaces/msg/detail/manual__rosidl_typesupport_introspection_cpp.hpp\n'}
[0.774602] (auv_interfaces) StdoutLine: {'line': b'-- Up-to-date symlink: /home/techsas/auv_ws/install/auv_interfaces/include/auv_interfaces/auv_interfaces/msg/detail/movement__rosidl_typesupport_introspection_cpp.hpp\n'}
[0.774755] (auv_interfaces) StdoutLine: {'line': b'-- Up-to-date symlink: /home/techsas/auv_ws/install/auv_interfaces/include/auv_interfaces/auv_interfaces/msg/detail/multi_pid__rosidl_typesupport_introspection_cpp.hpp\n'}
[0.774909] (auv_interfaces) StdoutLine: {'line': b'-- Up-to-date symlink: /home/techsas/auv_ws/install/auv_interfaces/include/auv_interfaces/auv_interfaces/msg/detail/object_detection__rosidl_typesupport_introspection_cpp.hpp\n'}
[0.775066] (auv_interfaces) StdoutLine: {'line': b'-- Up-to-date symlink: /home/techsas/auv_ws/install/auv_interfaces/include/auv_interfaces/auv_interfaces/msg/detail/object_difference__rosidl_typesupport_introspection_cpp.hpp\n'}
[0.775308] (auv_interfaces) StdoutLine: {'line': b'-- Up-to-date symlink: /home/techsas/auv_ws/install/auv_interfaces/include/auv_interfaces/auv_interfaces/msg/detail/orientation__rosidl_typesupport_introspection_cpp.hpp\n'}
[0.775467] (auv_interfaces) StdoutLine: {'line': b'-- Up-to-date symlink: /home/techsas/auv_ws/install/auv_interfaces/include/auv_interfaces/auv_interfaces/msg/detail/pid__rosidl_typesupport_introspection_cpp.hpp\n'}
[0.775622] (auv_interfaces) StdoutLine: {'line': b'-- Up-to-date symlink: /home/techsas/auv_ws/install/auv_interfaces/include/auv_interfaces/auv_interfaces/msg/detail/pid_vel__rosidl_typesupport_introspection_cpp.hpp\n'}
[0.775778] (auv_interfaces) StdoutLine: {'line': b'-- Up-to-date symlink: /home/techsas/auv_ws/install/auv_interfaces/include/auv_interfaces/auv_interfaces/msg/detail/sensor__rosidl_typesupport_introspection_cpp.hpp\n'}
[0.775930] (auv_interfaces) StdoutLine: {'line': b'-- Up-to-date symlink: /home/techsas/auv_ws/install/auv_interfaces/include/auv_interfaces/auv_interfaces/msg/detail/set_point__rosidl_typesupport_introspection_cpp.hpp\n'}
[0.776156] (auv_interfaces) StdoutLine: {'line': b'-- Up-to-date symlink: /home/techsas/auv_ws/install/auv_interfaces/share/auv_interfaces/environment/pythonpath.sh\n'}
[0.776361] (auv_interfaces) StdoutLine: {'line': b'-- Up-to-date symlink: /home/techsas/auv_ws/install/auv_interfaces/share/auv_interfaces/environment/pythonpath.dsv\n'}
[0.776835] (auv_interfaces) StdoutLine: {'line': b'-- Up-to-date symlink: /home/techsas/auv_ws/install/auv_interfaces/local/lib/python3.10/dist-packages/auv_interfaces-0.0.0-py3.10.egg-info/PKG-INFO\n'}
[0.776990] (auv_interfaces) StdoutLine: {'line': b'-- Up-to-date symlink: /home/techsas/auv_ws/install/auv_interfaces/local/lib/python3.10/dist-packages/auv_interfaces-0.0.0-py3.10.egg-info/SOURCES.txt\n'}
[0.777146] (auv_interfaces) StdoutLine: {'line': b'-- Up-to-date symlink: /home/techsas/auv_ws/install/auv_interfaces/local/lib/python3.10/dist-packages/auv_interfaces-0.0.0-py3.10.egg-info/dependency_links.txt\n'}
[0.777301] (auv_interfaces) StdoutLine: {'line': b'-- Up-to-date symlink: /home/techsas/auv_ws/install/auv_interfaces/local/lib/python3.10/dist-packages/auv_interfaces-0.0.0-py3.10.egg-info/top_level.txt\n'}
[0.778686] (auv_interfaces) StdoutLine: {'line': b'-- Up-to-date symlink: /home/techsas/auv_ws/install/auv_interfaces/local/lib/python3.10/dist-packages/auv_interfaces/__init__.py\n'}
[0.778840] (auv_interfaces) StdoutLine: {'line': b'-- Up-to-date symlink: /home/techsas/auv_ws/install/auv_interfaces/local/lib/python3.10/dist-packages/auv_interfaces/_auv_interfaces_s.ep.rosidl_typesupport_c.c\n'}
[0.778991] (auv_interfaces) StdoutLine: {'line': b'-- Up-to-date symlink: /home/techsas/auv_ws/install/auv_interfaces/local/lib/python3.10/dist-packages/auv_interfaces/_auv_interfaces_s.ep.rosidl_typesupport_fastrtps_c.c\n'}
[0.779141] (auv_interfaces) StdoutLine: {'line': b'-- Up-to-date symlink: /home/techsas/auv_ws/install/auv_interfaces/local/lib/python3.10/dist-packages/auv_interfaces/_auv_interfaces_s.ep.rosidl_typesupport_introspection_c.c\n'}
[0.779298] (auv_interfaces) StdoutLine: {'line': b'-- Up-to-date symlink: /home/techsas/auv_ws/install/auv_interfaces/local/lib/python3.10/dist-packages/auv_interfaces/auv_interfaces_s__rosidl_typesupport_c.cpython-310-aarch64-linux-gnu.so\n'}
[0.779450] (auv_interfaces) StdoutLine: {'line': b'-- Up-to-date symlink: /home/techsas/auv_ws/install/auv_interfaces/local/lib/python3.10/dist-packages/auv_interfaces/auv_interfaces_s__rosidl_typesupport_fastrtps_c.cpython-310-aarch64-linux-gnu.so\n'}
[0.779601] (auv_interfaces) StdoutLine: {'line': b'-- Up-to-date symlink: /home/techsas/auv_ws/install/auv_interfaces/local/lib/python3.10/dist-packages/auv_interfaces/auv_interfaces_s__rosidl_typesupport_introspection_c.cpython-310-aarch64-linux-gnu.so\n'}
[0.779751] (auv_interfaces) StdoutLine: {'line': b'-- Up-to-date symlink: /home/techsas/auv_ws/install/auv_interfaces/local/lib/python3.10/dist-packages/auv_interfaces/libauv_interfaces__rosidl_generator_py.so\n'}
[0.779908] (auv_interfaces) StdoutLine: {'line': b'-- Up-to-date symlink: /home/techsas/auv_ws/install/auv_interfaces/local/lib/python3.10/dist-packages/auv_interfaces/msg/__init__.py\n'}
[0.780061] (auv_interfaces) StdoutLine: {'line': b'-- Up-to-date symlink: /home/techsas/auv_ws/install/auv_interfaces/local/lib/python3.10/dist-packages/auv_interfaces/msg/_actuator.py\n'}
[0.780211] (auv_interfaces) StdoutLine: {'line': b'-- Up-to-date symlink: /home/techsas/auv_ws/install/auv_interfaces/local/lib/python3.10/dist-packages/auv_interfaces/msg/_actuator_s.c\n'}
[0.780363] (auv_interfaces) StdoutLine: {'line': b'-- Up-to-date symlink: /home/techsas/auv_ws/install/auv_interfaces/local/lib/python3.10/dist-packages/auv_interfaces/msg/_arduino_sensor.py\n'}
[0.780513] (auv_interfaces) StdoutLine: {'line': b'-- Up-to-date symlink: /home/techsas/auv_ws/install/auv_interfaces/local/lib/python3.10/dist-packages/auv_interfaces/msg/_arduino_sensor_s.c\n'}
[0.780678] (auv_interfaces) StdoutLine: {'line': b'-- Up-to-date symlink: /home/techsas/auv_ws/install/auv_interfaces/local/lib/python3.10/dist-packages/auv_interfaces/msg/_bounding_box.py\n'}
[0.780829] (auv_interfaces) StdoutLine: {'line': b'-- Up-to-date symlink: /home/techsas/auv_ws/install/auv_interfaces/local/lib/python3.10/dist-packages/auv_interfaces/msg/_bounding_box_s.c\n'}
[0.780979] (auv_interfaces) StdoutLine: {'line': b'-- Up-to-date symlink: /home/techsas/auv_ws/install/auv_interfaces/local/lib/python3.10/dist-packages/auv_interfaces/msg/_error.py\n'}
[0.781130] (auv_interfaces) StdoutLine: {'line': b'-- Up-to-date symlink: /home/techsas/auv_ws/install/auv_interfaces/local/lib/python3.10/dist-packages/auv_interfaces/msg/_error_s.c\n'}
[0.781279] (auv_interfaces) StdoutLine: {'line': b'-- Up-to-date symlink: /home/techsas/auv_ws/install/auv_interfaces/local/lib/python3.10/dist-packages/auv_interfaces/msg/_gerak.py\n'}
[0.781431] (auv_interfaces) StdoutLine: {'line': b'-- Up-to-date symlink: /home/techsas/auv_ws/install/auv_interfaces/local/lib/python3.10/dist-packages/auv_interfaces/msg/_gerak_s.c\n'}
[0.781580] (auv_interfaces) StdoutLine: {'line': b'-- Up-to-date symlink: /home/techsas/auv_ws/install/auv_interfaces/local/lib/python3.10/dist-packages/auv_interfaces/msg/_heading.py\n'}
[0.781730] (auv_interfaces) StdoutLine: {'line': b'-- Up-to-date symlink: /home/techsas/auv_ws/install/auv_interfaces/local/lib/python3.10/dist-packages/auv_interfaces/msg/_heading_s.c\n'}
[0.781880] (auv_interfaces) StdoutLine: {'line': b'-- Up-to-date symlink: /home/techsas/auv_ws/install/auv_interfaces/local/lib/python3.10/dist-packages/auv_interfaces/msg/_is_stable.py\n'}
[0.782041] (auv_interfaces) StdoutLine: {'line': b'-- Up-to-date symlink: /home/techsas/auv_ws/install/auv_interfaces/local/lib/python3.10/dist-packages/auv_interfaces/msg/_is_stable_s.c\n'}
[0.782193] (auv_interfaces) StdoutLine: {'line': b'-- Up-to-date symlink: /home/techsas/auv_ws/install/auv_interfaces/local/lib/python3.10/dist-packages/auv_interfaces/msg/_logging.py\n'}
[0.782342] (auv_interfaces) StdoutLine: {'line': b'-- Up-to-date symlink: /home/techsas/auv_ws/install/auv_interfaces/local/lib/python3.10/dist-packages/auv_interfaces/msg/_logging_s.c\n'}
[0.782494] (auv_interfaces) StdoutLine: {'line': b'-- Up-to-date symlink: /home/techsas/auv_ws/install/auv_interfaces/local/lib/python3.10/dist-packages/auv_interfaces/msg/_manual.py\n'}
[0.782644] (auv_interfaces) StdoutLine: {'line': b'-- Up-to-date symlink: /home/techsas/auv_ws/install/auv_interfaces/local/lib/python3.10/dist-packages/auv_interfaces/msg/_manual_s.c\n'}
[0.782792] (auv_interfaces) StdoutLine: {'line': b'-- Up-to-date symlink: /home/techsas/auv_ws/install/auv_interfaces/local/lib/python3.10/dist-packages/auv_interfaces/msg/_movement.py\n'}
[0.782943] (auv_interfaces) StdoutLine: {'line': b'-- Up-to-date symlink: /home/techsas/auv_ws/install/auv_interfaces/local/lib/python3.10/dist-packages/auv_interfaces/msg/_movement_s.c\n'}
[0.783092] (auv_interfaces) StdoutLine: {'line': b'-- Up-to-date symlink: /home/techsas/auv_ws/install/auv_interfaces/local/lib/python3.10/dist-packages/auv_interfaces/msg/_multi_pid.py\n'}
[0.783244] (auv_interfaces) StdoutLine: {'line': b'-- Up-to-date symlink: /home/techsas/auv_ws/install/auv_interfaces/local/lib/python3.10/dist-packages/auv_interfaces/msg/_multi_pid_s.c\n'}
[0.783394] (auv_interfaces) StdoutLine: {'line': b'-- Up-to-date symlink: /home/techsas/auv_ws/install/auv_interfaces/local/lib/python3.10/dist-packages/auv_interfaces/msg/_object_detection.py\n'}
[0.783548] (auv_interfaces) StdoutLine: {'line': b'-- Up-to-date symlink: /home/techsas/auv_ws/install/auv_interfaces/local/lib/python3.10/dist-packages/auv_interfaces/msg/_object_detection_s.c\n'}
[0.783697] (auv_interfaces) StdoutLine: {'line': b'-- Up-to-date symlink: /home/techsas/auv_ws/install/auv_interfaces/local/lib/python3.10/dist-packages/auv_interfaces/msg/_object_difference.py\n'}
[0.783850] (auv_interfaces) StdoutLine: {'line': b'-- Up-to-date symlink: /home/techsas/auv_ws/install/auv_interfaces/local/lib/python3.10/dist-packages/auv_interfaces/msg/_object_difference_s.c\n'}
[0.783999] (auv_interfaces) StdoutLine: {'line': b'-- Up-to-date symlink: /home/techsas/auv_ws/install/auv_interfaces/local/lib/python3.10/dist-packages/auv_interfaces/msg/_orientation.py\n'}
[0.784149] (auv_interfaces) StdoutLine: {'line': b'-- Up-to-date symlink: /home/techsas/auv_ws/install/auv_interfaces/local/lib/python3.10/dist-packages/auv_interfaces/msg/_orientation_s.c\n'}
[0.784298] (auv_interfaces) StdoutLine: {'line': b'-- Up-to-date symlink: /home/techsas/auv_ws/install/auv_interfaces/local/lib/python3.10/dist-packages/auv_interfaces/msg/_pid.py\n'}
[0.784447] (auv_interfaces) StdoutLine: {'line': b'-- Up-to-date symlink: /home/techsas/auv_ws/install/auv_interfaces/local/lib/python3.10/dist-packages/auv_interfaces/msg/_pid_s.c\n'}
[0.784616] (auv_interfaces) StdoutLine: {'line': b'-- Up-to-date symlink: /home/techsas/auv_ws/install/auv_interfaces/local/lib/python3.10/dist-packages/auv_interfaces/msg/_pid_vel.py\n'}
[0.784766] (auv_interfaces) StdoutLine: {'line': b'-- Up-to-date symlink: /home/techsas/auv_ws/install/auv_interfaces/local/lib/python3.10/dist-packages/auv_interfaces/msg/_pid_vel_s.c\n'}
[0.784914] (auv_interfaces) StdoutLine: {'line': b'-- Up-to-date symlink: /home/techsas/auv_ws/install/auv_interfaces/local/lib/python3.10/dist-packages/auv_interfaces/msg/_sensor.py\n'}
[0.785062] (auv_interfaces) StdoutLine: {'line': b'-- Up-to-date symlink: /home/techsas/auv_ws/install/auv_interfaces/local/lib/python3.10/dist-packages/auv_interfaces/msg/_sensor_s.c\n'}
[0.785212] (auv_interfaces) StdoutLine: {'line': b'-- Up-to-date symlink: /home/techsas/auv_ws/install/auv_interfaces/local/lib/python3.10/dist-packages/auv_interfaces/msg/_set_point.py\n'}
[0.785362] (auv_interfaces) StdoutLine: {'line': b'-- Up-to-date symlink: /home/techsas/auv_ws/install/auv_interfaces/local/lib/python3.10/dist-packages/auv_interfaces/msg/_set_point_s.c\n'}
[0.785750] (auv_interfaces) StdoutLine: {'line': b'-- Up-to-date symlink: /home/techsas/auv_ws/install/auv_interfaces/local/lib/python3.10/dist-packages/auv_interfaces/auv_interfaces_s__rosidl_typesupport_fastrtps_c.cpython-310-aarch64-linux-gnu.so\n'}
[0.786080] (auv_interfaces) StdoutLine: {'line': b'-- Up-to-date symlink: /home/techsas/auv_ws/install/auv_interfaces/local/lib/python3.10/dist-packages/auv_interfaces/auv_interfaces_s__rosidl_typesupport_introspection_c.cpython-310-aarch64-linux-gnu.so\n'}
[0.786405] (auv_interfaces) StdoutLine: {'line': b'-- Up-to-date symlink: /home/techsas/auv_ws/install/auv_interfaces/local/lib/python3.10/dist-packages/auv_interfaces/auv_interfaces_s__rosidl_typesupport_c.cpython-310-aarch64-linux-gnu.so\n'}
[0.786653] (auv_interfaces) StdoutLine: {'line': b'-- Up-to-date symlink: /home/techsas/auv_ws/install/auv_interfaces/share/ament_index/resource_index/rust_packages/auv_interfaces\n'}
[0.787122] (auv_interfaces) StdoutLine: {'line': b'-- Up-to-date symlink: /home/techsas/auv_ws/install/auv_interfaces/share/auv_interfaces/rust/Cargo.toml\n'}
[0.787278] (auv_interfaces) StdoutLine: {'line': b'-- Up-to-date symlink: /home/techsas/auv_ws/install/auv_interfaces/share/auv_interfaces/rust/build.rs\n'}
[0.787433] (auv_interfaces) StdoutLine: {'line': b'-- Up-to-date symlink: /home/techsas/auv_ws/install/auv_interfaces/share/auv_interfaces/rust/src/lib.rs\n'}
[0.787584] (auv_interfaces) StdoutLine: {'line': b'-- Up-to-date symlink: /home/techsas/auv_ws/install/auv_interfaces/share/auv_interfaces/rust/src/msg.rs\n'}
[0.787743] (auv_interfaces) StdoutLine: {'line': b'-- Up-to-date symlink: /home/techsas/auv_ws/install/auv_interfaces/share/auv_interfaces/rust/src/msg/rmw.rs\n'}
[0.787965] (auv_interfaces) StdoutLine: {'line': b'-- Up-to-date symlink: /home/techsas/auv_ws/install/auv_interfaces/share/auv_interfaces/msg/Actuator.idl\n'}
[0.788175] (auv_interfaces) StdoutLine: {'line': b'-- Up-to-date symlink: /home/techsas/auv_ws/install/auv_interfaces/share/auv_interfaces/msg/ArduinoSensor.idl\n'}
[0.788383] (auv_interfaces) StdoutLine: {'line': b'-- Up-to-date symlink: /home/techsas/auv_ws/install/auv_interfaces/share/auv_interfaces/msg/BoundingBox.idl\n'}
[0.788607] (auv_interfaces) StdoutLine: {'line': b'-- Up-to-date symlink: /home/techsas/auv_ws/install/auv_interfaces/share/auv_interfaces/msg/Error.idl\n'}
[0.788812] (auv_interfaces) StdoutLine: {'line': b'-- Up-to-date symlink: /home/techsas/auv_ws/install/auv_interfaces/share/auv_interfaces/msg/Gerak.idl\n'}
[0.789026] (auv_interfaces) StdoutLine: {'line': b'-- Up-to-date symlink: /home/techsas/auv_ws/install/auv_interfaces/share/auv_interfaces/msg/Heading.idl\n'}
[0.789231] (auv_interfaces) StdoutLine: {'line': b'-- Up-to-date symlink: /home/techsas/auv_ws/install/auv_interfaces/share/auv_interfaces/msg/IsStable.idl\n'}
[0.789437] (auv_interfaces) StdoutLine: {'line': b'-- Up-to-date symlink: /home/techsas/auv_ws/install/auv_interfaces/share/auv_interfaces/msg/Logging.idl\n'}
[0.789640] (auv_interfaces) StdoutLine: {'line': b'-- Up-to-date symlink: /home/techsas/auv_ws/install/auv_interfaces/share/auv_interfaces/msg/Manual.idl\n'}
[0.789843] (auv_interfaces) StdoutLine: {'line': b'-- Up-to-date symlink: /home/techsas/auv_ws/install/auv_interfaces/share/auv_interfaces/msg/Movement.idl\n'}
[0.790047] (auv_interfaces) StdoutLine: {'line': b'-- Up-to-date symlink: /home/techsas/auv_ws/install/auv_interfaces/share/auv_interfaces/msg/MultiPID.idl\n'}
[0.790251] (auv_interfaces) StdoutLine: {'line': b'-- Up-to-date symlink: /home/techsas/auv_ws/install/auv_interfaces/share/auv_interfaces/msg/ObjectDetection.idl\n'}
[0.790454] (auv_interfaces) StdoutLine: {'line': b'-- Up-to-date symlink: /home/techsas/auv_ws/install/auv_interfaces/share/auv_interfaces/msg/ObjectDifference.idl\n'}
[0.790657] (auv_interfaces) StdoutLine: {'line': b'-- Up-to-date symlink: /home/techsas/auv_ws/install/auv_interfaces/share/auv_interfaces/msg/Orientation.idl\n'}
[0.790858] (auv_interfaces) StdoutLine: {'line': b'-- Up-to-date symlink: /home/techsas/auv_ws/install/auv_interfaces/share/auv_interfaces/msg/PID.idl\n'}
[0.791060] (auv_interfaces) StdoutLine: {'line': b'-- Up-to-date symlink: /home/techsas/auv_ws/install/auv_interfaces/share/auv_interfaces/msg/PIDVel.idl\n'}
[0.791259] (auv_interfaces) StdoutLine: {'line': b'-- Up-to-date symlink: /home/techsas/auv_ws/install/auv_interfaces/share/auv_interfaces/msg/Sensor.idl\n'}
[0.791479] (auv_interfaces) StdoutLine: {'line': b'-- Up-to-date symlink: /home/techsas/auv_ws/install/auv_interfaces/share/auv_interfaces/msg/SetPoint.idl\n'}
[0.791673] (auv_interfaces) StdoutLine: {'line': b'-- Up-to-date symlink: /home/techsas/auv_ws/install/auv_interfaces/share/auv_interfaces/msg/Actuator.msg\n'}
[0.791864] (auv_interfaces) StdoutLine: {'line': b'-- Up-to-date symlink: /home/techsas/auv_ws/install/auv_interfaces/share/auv_interfaces/msg/ArduinoSensor.msg\n'}
[0.792057] (auv_interfaces) StdoutLine: {'line': b'-- Up-to-date symlink: /home/techsas/auv_ws/install/auv_interfaces/share/auv_interfaces/msg/BoundingBox.msg\n'}
[0.792247] (auv_interfaces) StdoutLine: {'line': b'-- Up-to-date symlink: /home/techsas/auv_ws/install/auv_interfaces/share/auv_interfaces/msg/Error.msg\n'}
[0.792439] (auv_interfaces) StdoutLine: {'line': b'-- Up-to-date symlink: /home/techsas/auv_ws/install/auv_interfaces/share/auv_interfaces/msg/Gerak.msg\n'}
[0.792659] (auv_interfaces) StdoutLine: {'line': b'-- Up-to-date symlink: /home/techsas/auv_ws/install/auv_interfaces/share/auv_interfaces/msg/Heading.msg\n'}
[0.792854] (auv_interfaces) StdoutLine: {'line': b'-- Up-to-date symlink: /home/techsas/auv_ws/install/auv_interfaces/share/auv_interfaces/msg/IsStable.msg\n'}
[0.793039] (auv_interfaces) StdoutLine: {'line': b'-- Up-to-date symlink: /home/techsas/auv_ws/install/auv_interfaces/share/auv_interfaces/msg/Logging.msg\n'}
[0.793227] (auv_interfaces) StdoutLine: {'line': b'-- Up-to-date symlink: /home/techsas/auv_ws/install/auv_interfaces/share/auv_interfaces/msg/Manual.msg\n'}
[0.793417] (auv_interfaces) StdoutLine: {'line': b'-- Up-to-date symlink: /home/techsas/auv_ws/install/auv_interfaces/share/auv_interfaces/msg/Movement.msg\n'}
[0.793602] (auv_interfaces) StdoutLine: {'line': b'-- Up-to-date symlink: /home/techsas/auv_ws/install/auv_interfaces/share/auv_interfaces/msg/MultiPID.msg\n'}
[0.793798] (auv_interfaces) StdoutLine: {'line': b'-- Up-to-date symlink: /home/techsas/auv_ws/install/auv_interfaces/share/auv_interfaces/msg/ObjectDetection.msg\n'}
[0.793988] (auv_interfaces) StdoutLine: {'line': b'-- Up-to-date symlink: /home/techsas/auv_ws/install/auv_interfaces/share/auv_interfaces/msg/ObjectDifference.msg\n'}
[0.794176] (auv_interfaces) StdoutLine: {'line': b'-- Up-to-date symlink: /home/techsas/auv_ws/install/auv_interfaces/share/auv_interfaces/msg/Orientation.msg\n'}
[0.794367] (auv_interfaces) StdoutLine: {'line': b'-- Up-to-date symlink: /home/techsas/auv_ws/install/auv_interfaces/share/auv_interfaces/msg/PID.msg\n'}
[0.794557] (auv_interfaces) StdoutLine: {'line': b'-- Up-to-date symlink: /home/techsas/auv_ws/install/auv_interfaces/share/auv_interfaces/msg/PIDVel.msg\n'}
[0.794749] (auv_interfaces) StdoutLine: {'line': b'-- Up-to-date symlink: /home/techsas/auv_ws/install/auv_interfaces/share/auv_interfaces/msg/Sensor.msg\n'}
[0.794938] (auv_interfaces) StdoutLine: {'line': b'-- Up-to-date symlink: /home/techsas/auv_ws/install/auv_interfaces/share/auv_interfaces/msg/SetPoint.msg\n'}
[0.795178] (auv_interfaces) StdoutLine: {'line': b'-- Up-to-date symlink: /home/techsas/auv_ws/install/auv_interfaces/share/ament_index/resource_index/package_run_dependencies/auv_interfaces\n'}
[0.795378] (auv_interfaces) StdoutLine: {'line': b'-- Up-to-date symlink: /home/techsas/auv_ws/install/auv_interfaces/share/ament_index/resource_index/parent_prefix_path/auv_interfaces\n'}
[0.795593] (auv_interfaces) StdoutLine: {'line': b'-- Up-to-date symlink: /home/techsas/auv_ws/install/auv_interfaces/share/auv_interfaces/environment/ament_prefix_path.sh\n'}
[0.795795] (auv_interfaces) StdoutLine: {'line': b'-- Up-to-date symlink: /home/techsas/auv_ws/install/auv_interfaces/share/auv_interfaces/environment/ament_prefix_path.dsv\n'}
[0.796004] (auv_interfaces) StdoutLine: {'line': b'-- Up-to-date symlink: /home/techsas/auv_ws/install/auv_interfaces/share/auv_interfaces/environment/path.sh\n'}
[0.796193] (auv_interfaces) StdoutLine: {'line': b'-- Up-to-date symlink: /home/techsas/auv_ws/install/auv_interfaces/share/auv_interfaces/environment/path.dsv\n'}
[0.796386] (auv_interfaces) StdoutLine: {'line': b'-- Up-to-date symlink: /home/techsas/auv_ws/install/auv_interfaces/share/auv_interfaces/local_setup.bash\n'}
[0.796660] (auv_interfaces) StdoutLine: {'line': b'-- Up-to-date symlink: /home/techsas/auv_ws/install/auv_interfaces/share/auv_interfaces/local_setup.sh\n'}
[0.796852] (auv_interfaces) StdoutLine: {'line': b'-- Up-to-date symlink: /home/techsas/auv_ws/install/auv_interfaces/share/auv_interfaces/local_setup.zsh\n'}
[0.797043] (auv_interfaces) StdoutLine: {'line': b'-- Up-to-date symlink: /home/techsas/auv_ws/install/auv_interfaces/share/auv_interfaces/local_setup.dsv\n'}
[0.797198] (auv_interfaces) StdoutLine: {'line': b'-- Symlinking: /home/techsas/auv_ws/install/auv_interfaces/share/auv_interfaces/package.dsv\n'}
[0.800209] (-) TimerEvent: {}
[0.814343] (auv_interfaces) StdoutLine: {'line': b'-- Up-to-date symlink: /home/techsas/auv_ws/install/auv_interfaces/share/ament_index/resource_index/packages/auv_interfaces\n'}
[0.814632] (auv_interfaces) StdoutLine: {'line': b'-- Up-to-date symlink: /home/techsas/auv_ws/install/auv_interfaces/share/auv_interfaces/cmake/rosidl_cmake-extras.cmake\n'}
[0.814770] (auv_interfaces) StdoutLine: {'line': b'-- Up-to-date symlink: /home/techsas/auv_ws/install/auv_interfaces/share/auv_interfaces/cmake/ament_cmake_export_dependencies-extras.cmake\n'}
[0.814967] (auv_interfaces) StdoutLine: {'line': b'-- Up-to-date symlink: /home/techsas/auv_ws/install/auv_interfaces/share/auv_interfaces/cmake/ament_cmake_export_include_directories-extras.cmake\n'}
[0.815175] (auv_interfaces) StdoutLine: {'line': b'-- Up-to-date symlink: /home/techsas/auv_ws/install/auv_interfaces/share/auv_interfaces/cmake/ament_cmake_export_libraries-extras.cmake\n'}
[0.815420] (auv_interfaces) StdoutLine: {'line': b'-- Up-to-date symlink: /home/techsas/auv_ws/install/auv_interfaces/share/auv_interfaces/cmake/ament_cmake_export_targets-extras.cmake\n'}
[0.815614] (auv_interfaces) StdoutLine: {'line': b'-- Up-to-date symlink: /home/techsas/auv_ws/install/auv_interfaces/share/auv_interfaces/cmake/rosidl_cmake_export_typesupport_targets-extras.cmake\n'}
[0.815810] (auv_interfaces) StdoutLine: {'line': b'-- Up-to-date symlink: /home/techsas/auv_ws/install/auv_interfaces/share/auv_interfaces/cmake/rosidl_cmake_export_typesupport_libraries-extras.cmake\n'}
[0.816218] (auv_interfaces) StdoutLine: {'line': b'-- Up-to-date symlink: /home/techsas/auv_ws/install/auv_interfaces/share/auv_interfaces/cmake/auv_interfacesConfig.cmake\n'}
[0.816329] (auv_interfaces) StdoutLine: {'line': b'-- Up-to-date symlink: /home/techsas/auv_ws/install/auv_interfaces/share/auv_interfaces/cmake/auv_interfacesConfig-version.cmake\n'}
[0.816456] (auv_interfaces) StdoutLine: {'line': b'-- Up-to-date symlink: /home/techsas/auv_ws/install/auv_interfaces/share/auv_interfaces/package.xml\n'}
[0.816753] (auv_interfaces) StdoutLine: {'line': b'-- Up-to-date: /home/techsas/auv_ws/install/auv_interfaces/lib/libauv_interfaces__rosidl_generator_c.so\n'}
[0.817159] (auv_interfaces) StdoutLine: {'line': b'-- Up-to-date: /home/techsas/auv_ws/install/auv_interfaces/lib/libauv_interfaces__rosidl_typesupport_fastrtps_c.so\n'}
[0.817514] (auv_interfaces) StdoutLine: {'line': b'-- Up-to-date: /home/techsas/auv_ws/install/auv_interfaces/lib/libauv_interfaces__rosidl_typesupport_introspection_c.so\n'}
[0.817842] (auv_interfaces) StdoutLine: {'line': b'-- Up-to-date: /home/techsas/auv_ws/install/auv_interfaces/lib/libauv_interfaces__rosidl_typesupport_c.so\n'}
[0.818193] (auv_interfaces) StdoutLine: {'line': b'-- Up-to-date: /home/techsas/auv_ws/install/auv_interfaces/lib/libauv_interfaces__rosidl_typesupport_fastrtps_cpp.so\n'}
[0.818546] (auv_interfaces) StdoutLine: {'line': b'-- Up-to-date: /home/techsas/auv_ws/install/auv_interfaces/lib/libauv_interfaces__rosidl_typesupport_introspection_cpp.so\n'}
[0.818875] (auv_interfaces) StdoutLine: {'line': b'-- Up-to-date: /home/techsas/auv_ws/install/auv_interfaces/lib/libauv_interfaces__rosidl_typesupport_cpp.so\n'}
[0.882189] (auv_interfaces) StdoutLine: {'line': b"Listing '/home/techsas/auv_ws/install/auv_interfaces/local/lib/python3.10/dist-packages/auv_interfaces'...\n"}
[0.882488] (auv_interfaces) StdoutLine: {'line': b"Listing '/home/techsas/auv_ws/install/auv_interfaces/local/lib/python3.10/dist-packages/auv_interfaces/msg'...\n"}
[0.891458] (auv_interfaces) StdoutLine: {'line': b'-- Up-to-date: /home/techsas/auv_ws/install/auv_interfaces/lib/libauv_interfaces__rosidl_generator_py.so\n'}
[0.891903] (auv_interfaces) StdoutLine: {'line': b'-- Up-to-date: /home/techsas/auv_ws/install/auv_interfaces/share/auv_interfaces/cmake/export_auv_interfaces__rosidl_generator_cExport.cmake\n'}
[0.892098] (auv_interfaces) StdoutLine: {'line': b'-- Up-to-date: /home/techsas/auv_ws/install/auv_interfaces/share/auv_interfaces/cmake/export_auv_interfaces__rosidl_generator_cExport-noconfig.cmake\n'}
[0.892246] (auv_interfaces) StdoutLine: {'line': b'-- Up-to-date: /home/techsas/auv_ws/install/auv_interfaces/share/auv_interfaces/cmake/export_auv_interfaces__rosidl_typesupport_fastrtps_cExport.cmake\n'}
[0.892415] (auv_interfaces) StdoutLine: {'line': b'-- Up-to-date: /home/techsas/auv_ws/install/auv_interfaces/share/auv_interfaces/cmake/export_auv_interfaces__rosidl_typesupport_fastrtps_cExport-noconfig.cmake\n'}
[0.892576] (auv_interfaces) StdoutLine: {'line': b'-- Up-to-date: /home/techsas/auv_ws/install/auv_interfaces/share/auv_interfaces/cmake/auv_interfaces__rosidl_typesupport_introspection_cExport.cmake\n'}
[0.892753] (auv_interfaces) StdoutLine: {'line': b'-- Up-to-date: /home/techsas/auv_ws/install/auv_interfaces/share/auv_interfaces/cmake/auv_interfaces__rosidl_typesupport_introspection_cExport-noconfig.cmake\n'}
[0.892899] (auv_interfaces) StdoutLine: {'line': b'-- Up-to-date: /home/techsas/auv_ws/install/auv_interfaces/share/auv_interfaces/cmake/auv_interfaces__rosidl_typesupport_cExport.cmake\n'}
[0.893069] (auv_interfaces) StdoutLine: {'line': b'-- Up-to-date: /home/techsas/auv_ws/install/auv_interfaces/share/auv_interfaces/cmake/auv_interfaces__rosidl_typesupport_cExport-noconfig.cmake\n'}
[0.893239] (auv_interfaces) StdoutLine: {'line': b'-- Up-to-date: /home/techsas/auv_ws/install/auv_interfaces/share/auv_interfaces/cmake/export_auv_interfaces__rosidl_generator_cppExport.cmake\n'}
[0.893346] (auv_interfaces) StdoutLine: {'line': b'-- Up-to-date: /home/techsas/auv_ws/install/auv_interfaces/share/auv_interfaces/cmake/export_auv_interfaces__rosidl_typesupport_fastrtps_cppExport.cmake\n'}
[0.893516] (auv_interfaces) StdoutLine: {'line': b'-- Up-to-date: /home/techsas/auv_ws/install/auv_interfaces/share/auv_interfaces/cmake/export_auv_interfaces__rosidl_typesupport_fastrtps_cppExport-noconfig.cmake\n'}
[0.893618] (auv_interfaces) StdoutLine: {'line': b'-- Up-to-date: /home/techsas/auv_ws/install/auv_interfaces/share/auv_interfaces/cmake/auv_interfaces__rosidl_typesupport_introspection_cppExport.cmake\n'}
[0.893784] (auv_interfaces) StdoutLine: {'line': b'-- Up-to-date: /home/techsas/auv_ws/install/auv_interfaces/share/auv_interfaces/cmake/auv_interfaces__rosidl_typesupport_introspection_cppExport-noconfig.cmake\n'}
[0.893890] (auv_interfaces) StdoutLine: {'line': b'-- Up-to-date: /home/techsas/auv_ws/install/auv_interfaces/share/auv_interfaces/cmake/auv_interfaces__rosidl_typesupport_cppExport.cmake\n'}
[0.894007] (auv_interfaces) StdoutLine: {'line': b'-- Up-to-date: /home/techsas/auv_ws/install/auv_interfaces/share/auv_interfaces/cmake/auv_interfaces__rosidl_typesupport_cppExport-noconfig.cmake\n'}
[0.894105] (auv_interfaces) StdoutLine: {'line': b'-- Up-to-date: /home/techsas/auv_ws/install/auv_interfaces/share/auv_interfaces/cmake/export_auv_interfaces__rosidl_generator_pyExport.cmake\n'}
[0.894201] (auv_interfaces) StdoutLine: {'line': b'-- Up-to-date: /home/techsas/auv_ws/install/auv_interfaces/share/auv_interfaces/cmake/export_auv_interfaces__rosidl_generator_pyExport-noconfig.cmake\n'}
[0.899325] (auv_interfaces) CommandEnded: {'returncode': 0}
[0.900887] (-) TimerEvent: {}
[0.970373] (auv_interfaces) JobEnded: {'identifier': 'auv_interfaces', 'rc': 0}
[0.973190] (auv_pkg) JobStarted: {'identifier': 'auv_pkg'}
[1.000996] (-) TimerEvent: {}
[1.101460] (-) TimerEvent: {}
[1.202054] (-) TimerEvent: {}
[1.302759] (-) TimerEvent: {}
[1.403389] (-) TimerEvent: {}
[1.469727] (auv_rov) Command: {'cmd': ['/usr/bin/python3', '-W', 'ignore:setup.py install is deprecated', '-W', 'ignore:easy_install command is deprecated', 'setup.py', 'develop', '--editable', '--build-directory', '/home/techsas/auv_ws/build/auv_rov/build', '--no-deps', 'symlink_data'], 'cwd': '/home/techsas/auv_ws/build/auv_rov', 'env': {'LESSOPEN': '| /usr/bin/lesspipe %s', 'USER': 'techsas', 'SSH_CLIENT': '192.168.2.2 55802 22', 'LC_TIME': 'id_ID.UTF-8', 'XDG_SESSION_TYPE': 'tty', 'GIT_ASKPASS': '/home/techsas/.antigravity-server/bin/1.23.2-15487b3041e65228cae24980a3f796c905ef582c/extensions/git/dist/askpass.sh', 'SHLVL': '1', 'LD_LIBRARY_PATH': '/usr/local/lib:/usr/local/cuda-12.6/lib64:/usr/local/lib:/home/techsas/auv_ws/install/auv_interfaces/lib:/home/techsas/microros_ws/install/micro_ros_agent/lib:/home/techsas/microros_ws/install/micro_ros_msgs/lib:/opt/ros/humble/opt/rviz_ogre_vendor/lib:/opt/ros/humble/lib/aarch64-linux-gnu:/opt/ros/humble/lib:/usr/local/cuda-12.6/lib64:', 'BROWSER': '/home/techsas/.antigravity-server/bin/1.23.2-15487b3041e65228cae24980a3f796c905ef582c/bin/helpers/browser.sh', 'ANTIGRAVITY_CLI_ALIAS': 'agy', 'MOTD_SHOWN': 'pam', 'HOME': '/home/techsas', 'OLDPWD': '/home/techsas/auv_ws/src/auv_rov', 'TERM_PROGRAM_VERSION': '1.107.0', 'VSCODE_IPC_HOOK_CLI': '/run/user/1000/vscode-ipc-f38ae8e5-aa41-4bdc-8e0c-b420aae207c9.sock', 'JETSON_L4T': '36.4.7', 'ROS_PYTHON_VERSION': '3', 'JETSON_MODEL': 'NVIDIA Jetson Orin NX Engineering Reference Developer Kit', 'PAGER': 'cat', 'VSCODE_GIT_ASKPASS_MAIN': '/home/techsas/.antigravity-server/bin/1.23.2-15487b3041e65228cae24980a3f796c905ef582c/extensions/git/dist/askpass-main.js', 'LC_MONETARY': 'id_ID.UTF-8', 'VSCODE_GIT_ASKPASS_NODE': '/home/techsas/.antigravity-server/bin/1.23.2-15487b3041e65228cae24980a3f796c905ef582c/node', 'VSCODE_PYTHON_AUTOACTIVATE_GUARD': '1', 'DBUS_SESSION_BUS_ADDRESS': 'unix:path=/run/user/1000/bus', 'COLORTERM': 'truecolor', 'ANTIGRAVITY_AGENT': '1', 'COLCON_PREFIX_PATH': '/home/techsas/microros_ws/install:/home/techsas/auv_ws/install', 'ROS_DISTRO': 'humble', 'LOGNAME': 'techsas', 'JETSON_MODULE': 'NVIDIA Jetson Orin NX (16GB ram)', 'JETSON_SERIAL_NUMBER': '1420424252884', '_': '/usr/bin/colcon', 'ROS_VERSION': '2', 'XDG_SESSION_CLASS': 'user', 'TERM': 'xterm-256color', 'XDG_SESSION_ID': '4', 'ROS_LOCALHOST_ONLY': '0', 'PATH': '/usr/local/cuda-12.6/bin:/home/techsas/.antigravity-server/bin/1.23.2-15487b3041e65228cae24980a3f796c905ef582c/bin/remote-cli:/home/techsas/.local/bin:/opt/ros/humble/bin:/usr/local/cuda-12.6/bin:/usr/local/sbin:/usr/local/bin:/usr/sbin:/usr/bin:/sbin:/bin:/usr/games:/usr/local/games:/snap/bin', 'LC_ADDRESS': 'id_ID.UTF-8', 'XDG_RUNTIME_DIR': '/run/user/1000', 'LANG': 'en_US.UTF-8', 'LC_TELEPHONE': 'id_ID.UTF-8', 'LS_COLORS': 'rs=0:di=01;34:ln=01;36:mh=00:pi=40;33:so=01;35:do=01;35:bd=40;33;01:cd=40;33;01:or=40;31;01:mi=00:su=37;41:sg=30;43:ca=30;41:tw=30;42:ow=34;42:st=37;44:ex=01;32:*.tar=01;31:*.tgz=01;31:*.arc=01;31:*.arj=01;31:*.taz=01;31:*.lha=01;31:*.lz4=01;31:*.lzh=01;31:*.lzma=01;31:*.tlz=01;31:*.txz=01;31:*.tzo=01;31:*.t7z=01;31:*.zip=01;31:*.z=01;31:*.dz=01;31:*.gz=01;31:*.lrz=01;31:*.lz=01;31:*.lzo=01;31:*.xz=01;31:*.zst=01;31:*.tzst=01;31:*.bz2=01;31:*.bz=01;31:*.tbz=01;31:*.tbz2=01;31:*.tz=01;31:*.deb=01;31:*.rpm=01;31:*.jar=01;31:*.war=01;31:*.ear=01;31:*.sar=01;31:*.rar=01;31:*.alz=01;31:*.ace=01;31:*.zoo=01;31:*.cpio=01;31:*.7z=01;31:*.rz=01;31:*.cab=01;31:*.wim=01;31:*.swm=01;31:*.dwm=01;31:*.esd=01;31:*.jpg=01;35:*.jpeg=01;35:*.mjpg=01;35:*.mjpeg=01;35:*.gif=01;35:*.bmp=01;35:*.pbm=01;35:*.pgm=01;35:*.ppm=01;35:*.tga=01;35:*.xbm=01;35:*.xpm=01;35:*.tif=01;35:*.tiff=01;35:*.png=01;35:*.svg=01;35:*.svgz=01;35:*.mng=01;35:*.pcx=01;35:*.mov=01;35:*.mpg=01;35:*.mpeg=01;35:*.m2v=01;35:*.mkv=01;35:*.webm=01;35:*.webp=01;35:*.ogm=01;35:*.mp4=01;35:*.m4v=01;35:*.mp4v=01;35:*.vob=01;35:*.qt=01;35:*.nuv=01;35:*.wmv=01;35:*.asf=01;35:*.rm=01;35:*.rmvb=01;35:*.flc=01;35:*.avi=01;35:*.fli=01;35:*.flv=01;35:*.gl=01;35:*.dl=01;35:*.xcf=01;35:*.xwd=01;35:*.yuv=01;35:*.cgm=01;35:*.emf=01;35:*.ogv=01;35:*.ogx=01;35:*.aac=00;36:*.au=00;36:*.flac=00;36:*.m4a=00;36:*.mid=00;36:*.midi=00;36:*.mka=00;36:*.mp3=00;36:*.mpc=00;36:*.ogg=00;36:*.ra=00;36:*.wav=00;36:*.oga=00;36:*.opus=00;36:*.spx=00;36:*.xspf=00;36:', 'JETSON_SOC': 'tegra234', 'VSCODE_GIT_IPC_HANDLE': '/run/user/1000/vscode-git-5f1c2c4ac7.sock', 'TERM_PROGRAM': 'vscode', 'SSH_AUTH_SOCK': '/tmp/.antigravity-server/.15487b3041e65228cae24980a3f796c905ef582c-ssh-auth.sock', 'AMENT_PREFIX_PATH': '/home/techsas/auv_ws/install/auv_pkg:/home/techsas/auv_ws/install/auv_interfaces:/home/techsas/microros_ws/install/micro_ros_setup:/home/techsas/microros_ws/install/micro_ros_agent:/home/techsas/microros_ws/install/micro_ros_msgs:/opt/ros/humble', 'SHELL': '/bin/bash', 'LC_NAME': 'id_ID.UTF-8', 'LESSCLOSE': '/usr/bin/lesspipe %s %s', 'LC_MEASUREMENT': 'id_ID.UTF-8', 'LC_IDENTIFICATION': 'id_ID.UTF-8', 'VSCODE_GIT_ASKPASS_EXTRA_ARGS': '', 'JETSON_CUDA_ARCH_BIN': '8.7', 'PWD': '/home/techsas/auv_ws/build/auv_rov', 'LC_ALL': 'en_US.UTF-8', 'SSH_CONNECTION': '192.168.2.2 55802 192.168.2.1 22', 'XDG_DATA_DIRS': '/usr/share/gnome:/usr/local/share:/usr/share:/var/lib/snapd/desktop', 'PYTHONPATH': '/home/techsas/auv_ws/build/auv_rov/prefix_override:/usr/lib/python3/dist-packages/colcon_core/task/python/colcon_distutils_commands:/home/techsas/auv_ws/install/auv_rov/lib/python3.10/site-packages:/usr/local/lib/python3.10/dist-packages/:/usr/local/lib/python3.10/dist-packages/:/home/techsas/auv_ws/build/auv_pkg:/home/techsas/auv_ws/install/auv_pkg/lib/python3.10/site-packages:/home/techsas/auv_ws/install/auv_interfaces/local/lib/python3.10/dist-packages:/home/techsas/microros_ws/install/micro_ros_msgs/local/lib/python3.10/dist-packages:/opt/ros/humble/lib/python3.10/site-packages:/opt/ros/humble/local/lib/python3.10/dist-packages', 'LC_NUMERIC': 'id_ID.UTF-8', 'LC_PAPER': 'id_ID.UTF-8', 'COLCON': '1', 'JETSON_JETPACK': '', 'CMAKE_PREFIX_PATH': '/home/techsas/auv_ws/install/auv_interfaces:/home/techsas/microros_ws/install/micro_ros_setup:/home/techsas/microros_ws/install/micro_ros_agent:/home/techsas/microros_ws/install/micro_ros_msgs', 'JETSON_P_NUMBER': 'p3767-0000'}, 'shell': False}
[1.503480] (-) TimerEvent: {}
[1.604025] (-) TimerEvent: {}
[1.704606] (-) TimerEvent: {}
[1.805172] (-) TimerEvent: {}
[1.905725] (-) TimerEvent: {}
[1.928092] (auv_rov) StdoutLine: {'line': b'running develop\n'}
[2.005874] (-) TimerEvent: {}
[2.063448] (auv_pkg) Command: {'cmd': ['/usr/bin/python3', '-W', 'ignore:setup.py install is deprecated', '-W', 'ignore:easy_install command is deprecated', 'setup.py', 'develop', '--editable', '--build-directory', '/home/techsas/auv_ws/build/auv_pkg/build', '--no-deps', 'symlink_data'], 'cwd': '/home/techsas/auv_ws/build/auv_pkg', 'env': {'LESSOPEN': '| /usr/bin/lesspipe %s', 'USER': 'techsas', 'SSH_CLIENT': '192.168.2.2 55802 22', 'LC_TIME': 'id_ID.UTF-8', 'XDG_SESSION_TYPE': 'tty', 'GIT_ASKPASS': '/home/techsas/.antigravity-server/bin/1.23.2-15487b3041e65228cae24980a3f796c905ef582c/extensions/git/dist/askpass.sh', 'SHLVL': '1', 'LD_LIBRARY_PATH': '/home/techsas/auv_ws/install/auv_interfaces/lib:/usr/local/lib:/usr/local/cuda-12.6/lib64:/usr/local/lib:/home/techsas/microros_ws/install/micro_ros_agent/lib:/home/techsas/microros_ws/install/micro_ros_msgs/lib:/opt/ros/humble/opt/rviz_ogre_vendor/lib:/opt/ros/humble/lib/aarch64-linux-gnu:/opt/ros/humble/lib:/usr/local/cuda-12.6/lib64', 'BROWSER': '/home/techsas/.antigravity-server/bin/1.23.2-15487b3041e65228cae24980a3f796c905ef582c/bin/helpers/browser.sh', 'ANTIGRAVITY_CLI_ALIAS': 'agy', 'MOTD_SHOWN': 'pam', 'HOME': '/home/techsas', 'OLDPWD': '/home/techsas/auv_ws/src/auv_rov', 'TERM_PROGRAM_VERSION': '1.107.0', 'VSCODE_IPC_HOOK_CLI': '/run/user/1000/vscode-ipc-f38ae8e5-aa41-4bdc-8e0c-b420aae207c9.sock', 'JETSON_L4T': '36.4.7', 'ROS_PYTHON_VERSION': '3', 'JETSON_MODEL': 'NVIDIA Jetson Orin NX Engineering Reference Developer Kit', 'PAGER': 'cat', 'VSCODE_GIT_ASKPASS_MAIN': '/home/techsas/.antigravity-server/bin/1.23.2-15487b3041e65228cae24980a3f796c905ef582c/extensions/git/dist/askpass-main.js', 'LC_MONETARY': 'id_ID.UTF-8', 'VSCODE_GIT_ASKPASS_NODE': '/home/techsas/.antigravity-server/bin/1.23.2-15487b3041e65228cae24980a3f796c905ef582c/node', 'VSCODE_PYTHON_AUTOACTIVATE_GUARD': '1', 'DBUS_SESSION_BUS_ADDRESS': 'unix:path=/run/user/1000/bus', 'COLORTERM': 'truecolor', 'ANTIGRAVITY_AGENT': '1', 'COLCON_PREFIX_PATH': '/home/techsas/microros_ws/install:/home/techsas/auv_ws/install', 'ROS_DISTRO': 'humble', 'LOGNAME': 'techsas', 'JETSON_MODULE': 'NVIDIA Jetson Orin NX (16GB ram)', 'JETSON_SERIAL_NUMBER': '1420424252884', '_': '/usr/bin/colcon', 'ROS_VERSION': '2', 'XDG_SESSION_CLASS': 'user', 'TERM': 'xterm-256color', 'XDG_SESSION_ID': '4', 'ROS_LOCALHOST_ONLY': '0', 'PATH': '/usr/local/cuda-12.6/bin:/home/techsas/.antigravity-server/bin/1.23.2-15487b3041e65228cae24980a3f796c905ef582c/bin/remote-cli:/home/techsas/.local/bin:/opt/ros/humble/bin:/usr/local/cuda-12.6/bin:/usr/local/sbin:/usr/local/bin:/usr/sbin:/usr/bin:/sbin:/bin:/usr/games:/usr/local/games:/snap/bin', 'LC_ADDRESS': 'id_ID.UTF-8', 'XDG_RUNTIME_DIR': '/run/user/1000', 'LANG': 'en_US.UTF-8', 'LC_TELEPHONE': 'id_ID.UTF-8', 'LS_COLORS': 'rs=0:di=01;34:ln=01;36:mh=00:pi=40;33:so=01;35:do=01;35:bd=40;33;01:cd=40;33;01:or=40;31;01:mi=00:su=37;41:sg=30;43:ca=30;41:tw=30;42:ow=34;42:st=37;44:ex=01;32:*.tar=01;31:*.tgz=01;31:*.arc=01;31:*.arj=01;31:*.taz=01;31:*.lha=01;31:*.lz4=01;31:*.lzh=01;31:*.lzma=01;31:*.tlz=01;31:*.txz=01;31:*.tzo=01;31:*.t7z=01;31:*.zip=01;31:*.z=01;31:*.dz=01;31:*.gz=01;31:*.lrz=01;31:*.lz=01;31:*.lzo=01;31:*.xz=01;31:*.zst=01;31:*.tzst=01;31:*.bz2=01;31:*.bz=01;31:*.tbz=01;31:*.tbz2=01;31:*.tz=01;31:*.deb=01;31:*.rpm=01;31:*.jar=01;31:*.war=01;31:*.ear=01;31:*.sar=01;31:*.rar=01;31:*.alz=01;31:*.ace=01;31:*.zoo=01;31:*.cpio=01;31:*.7z=01;31:*.rz=01;31:*.cab=01;31:*.wim=01;31:*.swm=01;31:*.dwm=01;31:*.esd=01;31:*.jpg=01;35:*.jpeg=01;35:*.mjpg=01;35:*.mjpeg=01;35:*.gif=01;35:*.bmp=01;35:*.pbm=01;35:*.pgm=01;35:*.ppm=01;35:*.tga=01;35:*.xbm=01;35:*.xpm=01;35:*.tif=01;35:*.tiff=01;35:*.png=01;35:*.svg=01;35:*.svgz=01;35:*.mng=01;35:*.pcx=01;35:*.mov=01;35:*.mpg=01;35:*.mpeg=01;35:*.m2v=01;35:*.mkv=01;35:*.webm=01;35:*.webp=01;35:*.ogm=01;35:*.mp4=01;35:*.m4v=01;35:*.mp4v=01;35:*.vob=01;35:*.qt=01;35:*.nuv=01;35:*.wmv=01;35:*.asf=01;35:*.rm=01;35:*.rmvb=01;35:*.flc=01;35:*.avi=01;35:*.fli=01;35:*.flv=01;35:*.gl=01;35:*.dl=01;35:*.xcf=01;35:*.xwd=01;35:*.yuv=01;35:*.cgm=01;35:*.emf=01;35:*.ogv=01;35:*.ogx=01;35:*.aac=00;36:*.au=00;36:*.flac=00;36:*.m4a=00;36:*.mid=00;36:*.midi=00;36:*.mka=00;36:*.mp3=00;36:*.mpc=00;36:*.ogg=00;36:*.ra=00;36:*.wav=00;36:*.oga=00;36:*.opus=00;36:*.spx=00;36:*.xspf=00;36:', 'JETSON_SOC': 'tegra234', 'VSCODE_GIT_IPC_HANDLE': '/run/user/1000/vscode-git-5f1c2c4ac7.sock', 'TERM_PROGRAM': 'vscode', 'SSH_AUTH_SOCK': '/tmp/.antigravity-server/.15487b3041e65228cae24980a3f796c905ef582c-ssh-auth.sock', 'AMENT_PREFIX_PATH': '/home/techsas/auv_ws/install/auv_pkg:/home/techsas/auv_ws/install/auv_interfaces:/home/techsas/microros_ws/install/micro_ros_setup:/home/techsas/microros_ws/install/micro_ros_agent:/home/techsas/microros_ws/install/micro_ros_msgs:/opt/ros/humble', 'SHELL': '/bin/bash', 'LC_NAME': 'id_ID.UTF-8', 'LESSCLOSE': '/usr/bin/lesspipe %s %s', 'LC_MEASUREMENT': 'id_ID.UTF-8', 'LC_IDENTIFICATION': 'id_ID.UTF-8', 'VSCODE_GIT_ASKPASS_EXTRA_ARGS': '', 'JETSON_CUDA_ARCH_BIN': '8.7', 'PWD': '/home/techsas/auv_ws/build/auv_pkg', 'LC_ALL': 'en_US.UTF-8', 'SSH_CONNECTION': '192.168.2.2 55802 192.168.2.1 22', 'XDG_DATA_DIRS': '/usr/share/gnome:/usr/local/share:/usr/share:/var/lib/snapd/desktop', 'PYTHONPATH': '/home/techsas/auv_ws/build/auv_pkg/prefix_override:/usr/lib/python3/dist-packages/colcon_core/task/python/colcon_distutils_commands:/home/techsas/auv_ws/install/auv_pkg/lib/python3.10/site-packages:/usr/local/lib/python3.10/dist-packages/:/usr/local/lib/python3.10/dist-packages/:/home/techsas/auv_ws/build/auv_pkg:/home/techsas/auv_ws/install/auv_pkg/lib/python3.10/site-packages:/home/techsas/auv_ws/install/auv_interfaces/local/lib/python3.10/dist-packages:/home/techsas/microros_ws/install/micro_ros_msgs/local/lib/python3.10/dist-packages:/opt/ros/humble/lib/python3.10/site-packages:/opt/ros/humble/local/lib/python3.10/dist-packages', 'LC_NUMERIC': 'id_ID.UTF-8', 'LC_PAPER': 'id_ID.UTF-8', 'COLCON': '1', 'JETSON_JETPACK': '', 'CMAKE_PREFIX_PATH': '/home/techsas/auv_ws/install/auv_interfaces:/home/techsas/microros_ws/install/micro_ros_setup:/home/techsas/microros_ws/install/micro_ros_agent:/home/techsas/microros_ws/install/micro_ros_msgs', 'JETSON_P_NUMBER': 'p3767-0000'}, 'shell': False}
[2.106023] (-) TimerEvent: {}
[2.206563] (-) TimerEvent: {}
[2.222311] (auv_rov) StdoutLine: {'line': b'running egg_info\n'}
[2.222735] (auv_rov) StdoutLine: {'line': b'writing auv_rov.egg-info/PKG-INFO\n'}
[2.223165] (auv_rov) StdoutLine: {'line': b'writing dependency_links to auv_rov.egg-info/dependency_links.txt\n'}
[2.223415] (auv_rov) StdoutLine: {'line': b'writing entry points to auv_rov.egg-info/entry_points.txt\n'}
[2.223634] (auv_rov) StdoutLine: {'line': b'writing requirements to auv_rov.egg-info/requires.txt\n'}
[2.223784] (auv_rov) StdoutLine: {'line': b'writing top-level names to auv_rov.egg-info/top_level.txt\n'}
[2.226981] (auv_rov) StdoutLine: {'line': b"reading manifest file 'auv_rov.egg-info/SOURCES.txt'\n"}
[2.227961] (auv_rov) StdoutLine: {'line': b"writing manifest file 'auv_rov.egg-info/SOURCES.txt'\n"}
[2.230307] (auv_rov) StdoutLine: {'line': b'running build_ext\n'}
[2.230652] (auv_rov) StdoutLine: {'line': b'Creating /home/techsas/auv_ws/install/auv_rov/lib/python3.10/site-packages/auv-rov.egg-link (link to .)\n'}
[2.232073] (auv_rov) StdoutLine: {'line': b'\n'}
[2.232220] (auv_rov) StdoutLine: {'line': b'Installed /home/techsas/auv_ws/build/auv_rov\n'}
[2.232333] (auv_rov) StdoutLine: {'line': b'running symlink_data\n'}
[2.304787] (auv_rov) CommandEnded: {'returncode': 0}
[2.306643] (-) TimerEvent: {}
[2.319205] (auv_rov) JobEnded: {'identifier': 'auv_rov', 'rc': 0}
[2.406802] (-) TimerEvent: {}
[2.507303] (-) TimerEvent: {}
[2.514929] (auv_pkg) StdoutLine: {'line': b'running develop\n'}
[2.607430] (-) TimerEvent: {}
[2.707968] (-) TimerEvent: {}
[2.807262] (auv_pkg) StdoutLine: {'line': b'running egg_info\n'}
[2.807656] (auv_pkg) StdoutLine: {'line': b'writing auv_pkg.egg-info/PKG-INFO\n'}
[2.807832] (auv_pkg) StdoutLine: {'line': b'writing dependency_links to auv_pkg.egg-info/dependency_links.txt\n'}
[2.807957] (-) TimerEvent: {}
[2.808335] (auv_pkg) StdoutLine: {'line': b'writing entry points to auv_pkg.egg-info/entry_points.txt\n'}
[2.808577] (auv_pkg) StdoutLine: {'line': b'writing requirements to auv_pkg.egg-info/requires.txt\n'}
[2.808742] (auv_pkg) StdoutLine: {'line': b'writing top-level names to auv_pkg.egg-info/top_level.txt\n'}
[2.812182] (auv_pkg) StdoutLine: {'line': b"reading manifest file 'auv_pkg.egg-info/SOURCES.txt'\n"}
[2.813886] (auv_pkg) StdoutLine: {'line': b"writing manifest file 'auv_pkg.egg-info/SOURCES.txt'\n"}
[2.816446] (auv_pkg) StdoutLine: {'line': b'running build_ext\n'}
[2.816790] (auv_pkg) StdoutLine: {'line': b'Creating /home/techsas/auv_ws/install/auv_pkg/lib/python3.10/site-packages/auv-pkg.egg-link (link to .)\n'}
[2.818514] (auv_pkg) StdoutLine: {'line': b'Installing accumulator script to /home/techsas/auv_ws/install/auv_pkg/lib/auv_pkg\n'}
[2.818850] (auv_pkg) StdoutLine: {'line': b'Installing accumulator_fadhil script to /home/techsas/auv_ws/install/auv_pkg/lib/auv_pkg\n'}
[2.819064] (auv_pkg) StdoutLine: {'line': b'Installing accumulator_new script to /home/techsas/auv_ws/install/auv_pkg/lib/auv_pkg\n'}
[2.819262] (auv_pkg) StdoutLine: {'line': b'Installing bucket_detection script to /home/techsas/auv_ws/install/auv_pkg/lib/auv_pkg\n'}
[2.819459] (auv_pkg) StdoutLine: {'line': b'Installing gui_timer script to /home/techsas/auv_ws/install/auv_pkg/lib/auv_pkg\n'}
[2.819653] (auv_pkg) StdoutLine: {'line': b'Installing guidance_flag1 script to /home/techsas/auv_ws/install/auv_pkg/lib/auv_pkg\n'}
[2.819840] (auv_pkg) StdoutLine: {'line': b'Installing guidance_flag2 script to /home/techsas/auv_ws/install/auv_pkg/lib/auv_pkg\n'}
[2.820031] (auv_pkg) StdoutLine: {'line': b'Installing guidance_flag3 script to /home/techsas/auv_ws/install/auv_pkg/lib/auv_pkg\n'}
[2.820221] (auv_pkg) StdoutLine: {'line': b'Installing guidance_flare_gate script to /home/techsas/auv_ws/install/auv_pkg/lib/auv_pkg\n'}
[2.820413] (auv_pkg) StdoutLine: {'line': b'Installing guidance_full_reynard script to /home/techsas/auv_ws/install/auv_pkg/lib/auv_pkg\n'}
[2.820660] (auv_pkg) StdoutLine: {'line': b'Installing guidance_full_reynard_v2 script to /home/techsas/auv_ws/install/auv_pkg/lib/auv_pkg\n'}
[2.820844] (auv_pkg) StdoutLine: {'line': b'Installing guidance_mission script to /home/techsas/auv_ws/install/auv_pkg/lib/auv_pkg\n'}
[2.821033] (auv_pkg) StdoutLine: {'line': b'Installing guidance_new script to /home/techsas/auv_ws/install/auv_pkg/lib/auv_pkg\n'}
[2.821216] (auv_pkg) StdoutLine: {'line': b'Installing guidance_orange_gate_bucket script to /home/techsas/auv_ws/install/auv_pkg/lib/auv_pkg\n'}
[2.821399] (auv_pkg) StdoutLine: {'line': b'Installing guidance_sauvc_fadhil script to /home/techsas/auv_ws/install/auv_pkg/lib/auv_pkg\n'}
[2.821582] (auv_pkg) StdoutLine: {'line': b'Installing guidance_sauvc_qualification script to /home/techsas/auv_ws/install/auv_pkg/lib/auv_pkg\n'}
[2.821765] (auv_pkg) StdoutLine: {'line': b'Installing guidance_teensy script to /home/techsas/auv_ws/install/auv_pkg/lib/auv_pkg\n'}
[2.821946] (auv_pkg) StdoutLine: {'line': b'Installing map_sauvc script to /home/techsas/auv_ws/install/auv_pkg/lib/auv_pkg\n'}
[2.822126] (auv_pkg) StdoutLine: {'line': b'Installing object_detection script to /home/techsas/auv_ws/install/auv_pkg/lib/auv_pkg\n'}
[2.822309] (auv_pkg) StdoutLine: {'line': b'Installing object_detection_new script to /home/techsas/auv_ws/install/auv_pkg/lib/auv_pkg\n'}
[2.822489] (auv_pkg) StdoutLine: {'line': b'Installing pid_logger_pub script to /home/techsas/auv_ws/install/auv_pkg/lib/auv_pkg\n'}
[2.822670] (auv_pkg) StdoutLine: {'line': b'Installing pub_teensy script to /home/techsas/auv_ws/install/auv_pkg/lib/auv_pkg\n'}
[2.822848] (auv_pkg) StdoutLine: {'line': b'Installing pub_teensy_serial_simple script to /home/techsas/auv_ws/install/auv_pkg/lib/auv_pkg\n'}
[2.823026] (auv_pkg) StdoutLine: {'line': b'Installing pub_yaw_only script to /home/techsas/auv_ws/install/auv_pkg/lib/auv_pkg\n'}
[2.823205] (auv_pkg) StdoutLine: {'line': b'Installing serial_monitoring_safety script to /home/techsas/auv_ws/install/auv_pkg/lib/auv_pkg\n'}
[2.823749] (auv_pkg) StdoutLine: {'line': b'Installing serial_monitoring_safety_and_bucket script to /home/techsas/auv_ws/install/auv_pkg/lib/auv_pkg\n'}
[2.823947] (auv_pkg) StdoutLine: {'line': b'Installing tes_gui script to /home/techsas/auv_ws/install/auv_pkg/lib/auv_pkg\n'}
[2.824141] (auv_pkg) StdoutLine: {'line': b'Installing tes_yaw_diff script to /home/techsas/auv_ws/install/auv_pkg/lib/auv_pkg\n'}
[2.824324] (auv_pkg) StdoutLine: {'line': b'Installing test_node script to /home/techsas/auv_ws/install/auv_pkg/lib/auv_pkg\n'}
[2.824696] (auv_pkg) StdoutLine: {'line': b'\n'}
[2.824827] (auv_pkg) StdoutLine: {'line': b'Installed /home/techsas/auv_ws/build/auv_pkg\n'}
[2.824947] (auv_pkg) StdoutLine: {'line': b'running symlink_data\n'}
[2.898973] (auv_pkg) CommandEnded: {'returncode': 0}
[2.908094] (-) TimerEvent: {}
[2.930261] (auv_pkg) JobEnded: {'identifier': 'auv_pkg', 'rc': 0}
[2.933056] (-) EventReactorShutdown: {}
