[0.000000] (-) TimerEvent: {}
[0.000921] (auv_interfaces) JobQueued: {'identifier': 'auv_interfaces', 'dependencies': OrderedDict()}
[0.001173] (auv_rov) JobQueued: {'identifier': 'auv_rov', 'dependencies': OrderedDict()}
[0.001387] (auv_pkg) JobQueued: {'identifier': 'auv_pkg', 'dependencies': OrderedDict([('auv_interfaces', '/home/techsas/auv_ws/install/auv_interfaces')])}
[0.001487] (auv_interfaces) JobStarted: {'identifier': 'auv_interfaces'}
[0.011625] (auv_rov) JobStarted: {'identifier': 'auv_rov'}
[0.023229] (auv_interfaces) JobProgress: {'identifier': 'auv_interfaces', 'progress': 'cmake'}
[0.024320] (auv_interfaces) JobProgress: {'identifier': 'auv_interfaces', 'progress': 'build'}
[0.025403] (auv_interfaces) Command: {'cmd': ['/usr/bin/cmake', '--build', '/home/techsas/auv_ws/build/auv_interfaces', '--', '-j8', '-l8'], 'cwd': '/home/techsas/auv_ws/build/auv_interfaces', 'env': OrderedDict([('LESSOPEN', '| /usr/bin/lesspipe %s'), ('USER', 'techsas'), ('SSH_CLIENT', '192.168.2.2 55802 22'), ('LC_TIME', 'id_ID.UTF-8'), ('XDG_SESSION_TYPE', 'tty'), ('GIT_ASKPASS', '/home/techsas/.antigravity-server/bin/1.23.2-15487b3041e65228cae24980a3f796c905ef582c/extensions/git/dist/askpass.sh'), ('SHLVL', '1'), ('LD_LIBRARY_PATH', '/usr/local/lib:/usr/local/cuda-12.6/lib64:/usr/local/lib:/home/techsas/auv_ws/install/auv_interfaces/lib:/home/techsas/microros_ws/install/micro_ros_agent/lib:/home/techsas/microros_ws/install/micro_ros_msgs/lib:/opt/ros/humble/opt/rviz_ogre_vendor/lib:/opt/ros/humble/lib/aarch64-linux-gnu:/opt/ros/humble/lib:/usr/local/cuda-12.6/lib64:'), ('BROWSER', '/home/techsas/.antigravity-server/bin/1.23.2-15487b3041e65228cae24980a3f796c905ef582c/bin/helpers/browser.sh'), ('ANTIGRAVITY_CLI_ALIAS', 'agy'), ('MOTD_SHOWN', 'pam'), ('HOME', '/home/techsas'), ('OLDPWD', '/home/techsas/auv_ws/src/auv_rov'), ('TERM_PROGRAM_VERSION', '1.107.0'), ('VSCODE_IPC_HOOK_CLI', '/run/user/1000/vscode-ipc-f38ae8e5-aa41-4bdc-8e0c-b420aae207c9.sock'), ('JETSON_L4T', '36.4.7'), ('ROS_PYTHON_VERSION', '3'), ('JETSON_MODEL', 'NVIDIA Jetson Orin NX Engineering Reference Developer Kit'), ('PAGER', 'cat'), ('VSCODE_GIT_ASKPASS_MAIN', '/home/techsas/.antigravity-server/bin/1.23.2-15487b3041e65228cae24980a3f796c905ef582c/extensions/git/dist/askpass-main.js'), ('LC_MONETARY', 'id_ID.UTF-8'), ('VSCODE_GIT_ASKPASS_NODE', '/home/techsas/.antigravity-server/bin/1.23.2-15487b3041e65228cae24980a3f796c905ef582c/node'), ('VSCODE_PYTHON_AUTOACTIVATE_GUARD', '1'), ('DBUS_SESSION_BUS_ADDRESS', 'unix:path=/run/user/1000/bus'), ('COLORTERM', 'truecolor'), ('ANTIGRAVITY_AGENT', '1'), ('COLCON_PREFIX_PATH', '/home/techsas/microros_ws/install:/home/techsas/auv_ws/install'), ('ROS_DISTRO', 'humble'), ('LOGNAME', 'techsas'), ('JETSON_MODULE', 'NVIDIA Jetson Orin NX (16GB ram)'), ('JETSON_SERIAL_NUMBER', '1420424252884'), ('_', '/usr/bin/colcon'), ('ROS_VERSION', '2'), ('XDG_SESSION_CLASS', 'user'), ('TERM', 'xterm-256color'), ('XDG_SESSION_ID', '4'), ('ROS_LOCALHOST_ONLY', '0'), ('PATH', '/usr/local/cuda-12.6/bin:/home/techsas/.antigravity-server/bin/1.23.2-15487b3041e65228cae24980a3f796c905ef582c/bin/remote-cli:/home/techsas/.local/bin:/opt/ros/humble/bin:/usr/local/cuda-12.6/bin:/usr/local/sbin:/usr/local/bin:/usr/sbin:/usr/bin:/sbin:/bin:/usr/games:/usr/local/games:/snap/bin'), ('LC_ADDRESS', 'id_ID.UTF-8'), ('XDG_RUNTIME_DIR', '/run/user/1000'), ('LANG', 'en_US.UTF-8'), ('LC_TELEPHONE', 'id_ID.UTF-8'), ('LS_COLORS', 'rs=0:di=01;34:ln=01;36:mh=00:pi=40;33:so=01;35:do=01;35:bd=40;33;01:cd=40;33;01:or=40;31;01:mi=00:su=37;41:sg=30;43:ca=30;41:tw=30;42:ow=34;42:st=37;44:ex=01;32:*.tar=01;31:*.tgz=01;31:*.arc=01;31:*.arj=01;31:*.taz=01;31:*.lha=01;31:*.lz4=01;31:*.lzh=01;31:*.lzma=01;31:*.tlz=01;31:*.txz=01;31:*.tzo=01;31:*.t7z=01;31:*.zip=01;31:*.z=01;31:*.dz=01;31:*.gz=01;31:*.lrz=01;31:*.lz=01;31:*.lzo=01;31:*.xz=01;31:*.zst=01;31:*.tzst=01;31:*.bz2=01;31:*.bz=01;31:*.tbz=01;31:*.tbz2=01;31:*.tz=01;31:*.deb=01;31:*.rpm=01;31:*.jar=01;31:*.war=01;31:*.ear=01;31:*.sar=01;31:*.rar=01;31:*.alz=01;31:*.ace=01;31:*.zoo=01;31:*.cpio=01;31:*.7z=01;31:*.rz=01;31:*.cab=01;31:*.wim=01;31:*.swm=01;31:*.dwm=01;31:*.esd=01;31:*.jpg=01;35:*.jpeg=01;35:*.mjpg=01;35:*.mjpeg=01;35:*.gif=01;35:*.bmp=01;35:*.pbm=01;35:*.pgm=01;35:*.ppm=01;35:*.tga=01;35:*.xbm=01;35:*.xpm=01;35:*.tif=01;35:*.tiff=01;35:*.png=01;35:*.svg=01;35:*.svgz=01;35:*.mng=01;35:*.pcx=01;35:*.mov=01;35:*.mpg=01;35:*.mpeg=01;35:*.m2v=01;35:*.mkv=01;35:*.webm=01;35:*.webp=01;35:*.ogm=01;35:*.mp4=01;35:*.m4v=01;35:*.mp4v=01;35:*.vob=01;35:*.qt=01;35:*.nuv=01;35:*.wmv=01;35:*.asf=01;35:*.rm=01;35:*.rmvb=01;35:*.flc=01;35:*.avi=01;35:*.fli=01;35:*.flv=01;35:*.gl=01;35:*.dl=01;35:*.xcf=01;35:*.xwd=01;35:*.yuv=01;35:*.cgm=01;35:*.emf=01;35:*.ogv=01;35:*.ogx=01;35:*.aac=00;36:*.au=00;36:*.flac=00;36:*.m4a=00;36:*.mid=00;36:*.midi=00;36:*.mka=00;36:*.mp3=00;36:*.mpc=00;36:*.ogg=00;36:*.ra=00;36:*.wav=00;36:*.oga=00;36:*.opus=00;36:*.spx=00;36:*.xspf=00;36:'), ('JETSON_SOC', 'tegra234'), ('VSCODE_GIT_IPC_HANDLE', '/run/user/1000/vscode-git-5f1c2c4ac7.sock'), ('TERM_PROGRAM', 'vscode'), ('SSH_AUTH_SOCK', '/tmp/.antigravity-server/.15487b3041e65228cae24980a3f796c905ef582c-ssh-auth.sock'), ('AMENT_PREFIX_PATH', '/home/techsas/auv_ws/install/auv_pkg:/home/techsas/auv_ws/install/auv_interfaces:/home/techsas/microros_ws/install/micro_ros_setup:/home/techsas/microros_ws/install/micro_ros_agent:/home/techsas/microros_ws/install/micro_ros_msgs:/opt/ros/humble'), ('SHELL', '/bin/bash'), ('LC_NAME', 'id_ID.UTF-8'), ('LESSCLOSE', '/usr/bin/lesspipe %s %s'), ('LC_MEASUREMENT', 'id_ID.UTF-8'), ('LC_IDENTIFICATION', 'id_ID.UTF-8'), ('VSCODE_GIT_ASKPASS_EXTRA_ARGS', ''), ('JETSON_CUDA_ARCH_BIN', '8.7'), ('PWD', '/home/techsas/auv_ws/build/auv_interfaces'), ('LC_ALL', 'en_US.UTF-8'), ('SSH_CONNECTION', '192.168.2.2 55802 192.168.2.1 22'), ('XDG_DATA_DIRS', '/usr/share/gnome:/usr/local/share:/usr/share:/var/lib/snapd/desktop'), ('PYTHONPATH', '/usr/local/lib/python3.10/dist-packages/:/usr/local/lib/python3.10/dist-packages/:/home/techsas/auv_ws/build/auv_pkg:/home/techsas/auv_ws/install/auv_pkg/lib/python3.10/site-packages:/home/techsas/auv_ws/install/auv_interfaces/local/lib/python3.10/dist-packages:/home/techsas/microros_ws/install/micro_ros_msgs/local/lib/python3.10/dist-packages:/opt/ros/humble/lib/python3.10/site-packages:/opt/ros/humble/local/lib/python3.10/dist-packages'), ('LC_NUMERIC', 'id_ID.UTF-8'), ('LC_PAPER', 'id_ID.UTF-8'), ('COLCON', '1'), ('JETSON_JETPACK', ''), ('CMAKE_PREFIX_PATH', '/home/techsas/auv_ws/install/auv_interfaces:/home/techsas/microros_ws/install/micro_ros_setup:/home/techsas/microros_ws/install/micro_ros_agent:/home/techsas/microros_ws/install/micro_ros_msgs:/home/techsas/auv_ws/install/auv_pkg:/opt/ros/humble'), ('JETSON_P_NUMBER', 'p3767-0000')]), 'shell': False}
[0.099296] (-) TimerEvent: {}
[0.137867] (auv_interfaces) StdoutLine: {'line': b'[  1%] Built target auv_interfaces__rs\n'}
[0.138972] (auv_interfaces) StdoutLine: {'line': b'[  1%] Built target auv_interfaces__cpp\n'}
[0.146627] (auv_interfaces) StdoutLine: {'line': b'[ 13%] Built target auv_interfaces__rosidl_generator_c\n'}
[0.153789] (auv_interfaces) StdoutLine: {'line': b'[ 13%] Built target ament_cmake_python_symlink_auv_interfaces\n'}
[0.197664] (auv_interfaces) StdoutLine: {'line': b'[ 37%] Built target auv_interfaces__rosidl_typesupport_introspection_c\n'}
[0.198159] (auv_interfaces) StdoutLine: {'line': b'[ 37%] Built target auv_interfaces__rosidl_typesupport_cpp\n'}
[0.199385] (-) TimerEvent: {}
[0.201081] (auv_interfaces) StdoutLine: {'line': b'[ 57%] Built target auv_interfaces__rosidl_typesupport_fastrtps_cpp\n'}
[0.201808] (auv_interfaces) StdoutLine: {'line': b'[ 61%] Built target auv_interfaces__rosidl_typesupport_fastrtps_c\n'}
[0.205442] (auv_interfaces) StdoutLine: {'line': b'[ 73%] Built target auv_interfaces__rosidl_typesupport_c\n'}
[0.209509] (auv_interfaces) StdoutLine: {'line': b'[ 85%] Built target auv_interfaces__rosidl_typesupport_introspection_cpp\n'}
[0.246767] (auv_interfaces) StdoutLine: {'line': b'[ 85%] Built target auv_interfaces\n'}
[0.286823] (auv_interfaces) StdoutLine: {'line': b'[ 86%] Built target auv_interfaces__py\n'}
[0.299543] (-) TimerEvent: {}
[0.341979] (auv_interfaces) StdoutLine: {'line': b'[ 97%] Built target auv_interfaces__rosidl_generator_py\n'}
[0.384957] (auv_interfaces) StdoutLine: {'line': b'[100%] Built target auv_interfaces__rosidl_typesupport_introspection_c__pyext\n'}
[0.385391] (auv_interfaces) StdoutLine: {'line': b'[100%] Built target auv_interfaces__rosidl_typesupport_fastrtps_c__pyext\n'}
[0.385553] (auv_interfaces) StdoutLine: {'line': b'[100%] Built target auv_interfaces__rosidl_typesupport_c__pyext\n'}
[0.399661] (-) TimerEvent: {}
[0.500201] (-) TimerEvent: {}
[0.594358] (auv_interfaces) StdoutLine: {'line': b'running egg_info\n'}
[0.595547] (auv_interfaces) StdoutLine: {'line': b'writing auv_interfaces.egg-info/PKG-INFO\n'}
[0.596056] (auv_interfaces) StdoutLine: {'line': b'writing dependency_links to auv_interfaces.egg-info/dependency_links.txt\n'}
[0.596425] (auv_interfaces) StdoutLine: {'line': b'writing top-level names to auv_interfaces.egg-info/top_level.txt\n'}
[0.600253] (-) TimerEvent: {}
[0.600777] (auv_interfaces) StdoutLine: {'line': b"reading manifest file 'auv_interfaces.egg-info/SOURCES.txt'\n"}
[0.602158] (auv_interfaces) StdoutLine: {'line': b"writing manifest file 'auv_interfaces.egg-info/SOURCES.txt'\n"}
[0.668397] (auv_interfaces) StdoutLine: {'line': b'[100%] Built target ament_cmake_python_build_auv_interfaces_egg\n'}
[0.697359] (auv_interfaces) CommandEnded: {'returncode': 0}
[0.699240] (auv_interfaces) JobProgress: {'identifier': 'auv_interfaces', 'progress': 'install'}
[0.700364] (-) TimerEvent: {}
[0.717444] (auv_interfaces) Command: {'cmd': ['/usr/bin/cmake', '--install', '/home/techsas/auv_ws/build/auv_interfaces'], 'cwd': '/home/techsas/auv_ws/build/auv_interfaces', 'env': OrderedDict([('LESSOPEN', '| /usr/bin/lesspipe %s'), ('USER', 'techsas'), ('SSH_CLIENT', '192.168.2.2 55802 22'), ('LC_TIME', 'id_ID.UTF-8'), ('XDG_SESSION_TYPE', 'tty'), ('GIT_ASKPASS', '/home/techsas/.antigravity-server/bin/1.23.2-15487b3041e65228cae24980a3f796c905ef582c/extensions/git/dist/askpass.sh'), ('SHLVL', '1'), ('LD_LIBRARY_PATH', '/usr/local/lib:/usr/local/cuda-12.6/lib64:/usr/local/lib:/home/techsas/auv_ws/install/auv_interfaces/lib:/home/techsas/microros_ws/install/micro_ros_agent/lib:/home/techsas/microros_ws/install/micro_ros_msgs/lib:/opt/ros/humble/opt/rviz_ogre_vendor/lib:/opt/ros/humble/lib/aarch64-linux-gnu:/opt/ros/humble/lib:/usr/local/cuda-12.6/lib64:'), ('BROWSER', '/home/techsas/.antigravity-server/bin/1.23.2-15487b3041e65228cae24980a3f796c905ef582c/bin/helpers/browser.sh'), ('ANTIGRAVITY_CLI_ALIAS', 'agy'), ('MOTD_SHOWN', 'pam'), ('HOME', '/home/techsas'), ('OLDPWD', '/home/techsas/auv_ws/src/auv_rov'), ('TERM_PROGRAM_VERSION', '1.107.0'), ('VSCODE_IPC_HOOK_CLI', '/run/user/1000/vscode-ipc-f38ae8e5-aa41-4bdc-8e0c-b420aae207c9.sock'), ('JETSON_L4T', '36.4.7'), ('ROS_PYTHON_VERSION', '3'), ('JETSON_MODEL', 'NVIDIA Jetson Orin NX Engineering Reference Developer Kit'), ('PAGER', 'cat'), ('VSCODE_GIT_ASKPASS_MAIN', '/home/techsas/.antigravity-server/bin/1.23.2-15487b3041e65228cae24980a3f796c905ef582c/extensions/git/dist/askpass-main.js'), ('LC_MONETARY', 'id_ID.UTF-8'), ('VSCODE_GIT_ASKPASS_NODE', '/home/techsas/.antigravity-server/bin/1.23.2-15487b3041e65228cae24980a3f796c905ef582c/node'), ('VSCODE_PYTHON_AUTOACTIVATE_GUARD', '1'), ('DBUS_SESSION_BUS_ADDRESS', 'unix:path=/run/user/1000/bus'), ('COLORTERM', 'truecolor'), ('ANTIGRAVITY_AGENT', '1'), ('COLCON_PREFIX_PATH', '/home/techsas/microros_ws/install:/home/techsas/auv_ws/install'), ('ROS_DISTRO', 'humble'), ('LOGNAME', 'techsas'), ('JETSON_MODULE', 'NVIDIA Jetson Orin NX (16GB ram)'), ('JETSON_SERIAL_NUMBER', '1420424252884'), ('_', '/usr/bin/colcon'), ('ROS_VERSION', '2'), ('XDG_SESSION_CLASS', 'user'), ('TERM', 'xterm-256color'), ('XDG_SESSION_ID', '4'), ('ROS_LOCALHOST_ONLY', '0'), ('PATH', '/usr/local/cuda-12.6/bin:/home/techsas/.antigravity-server/bin/1.23.2-15487b3041e65228cae24980a3f796c905ef582c/bin/remote-cli:/home/techsas/.local/bin:/opt/ros/humble/bin:/usr/local/cuda-12.6/bin:/usr/local/sbin:/usr/local/bin:/usr/sbin:/usr/bin:/sbin:/bin:/usr/games:/usr/local/games:/snap/bin'), ('LC_ADDRESS', 'id_ID.UTF-8'), ('XDG_RUNTIME_DIR', '/run/user/1000'), ('LANG', 'en_US.UTF-8'), ('LC_TELEPHONE', 'id_ID.UTF-8'), ('LS_COLORS', 'rs=0:di=01;34:ln=01;36:mh=00:pi=40;33:so=01;35:do=01;35:bd=40;33;01:cd=40;33;01:or=40;31;01:mi=00:su=37;41:sg=30;43:ca=30;41:tw=30;42:ow=34;42:st=37;44:ex=01;32:*.tar=01;31:*.tgz=01;31:*.arc=01;31:*.arj=01;31:*.taz=01;31:*.lha=01;31:*.lz4=01;31:*.lzh=01;31:*.lzma=01;31:*.tlz=01;31:*.txz=01;31:*.tzo=01;31:*.t7z=01;31:*.zip=01;31:*.z=01;31:*.dz=01;31:*.gz=01;31:*.lrz=01;31:*.lz=01;31:*.lzo=01;31:*.xz=01;31:*.zst=01;31:*.tzst=01;31:*.bz2=01;31:*.bz=01;31:*.tbz=01;31:*.tbz2=01;31:*.tz=01;31:*.deb=01;31:*.rpm=01;31:*.jar=01;31:*.war=01;31:*.ear=01;31:*.sar=01;31:*.rar=01;31:*.alz=01;31:*.ace=01;31:*.zoo=01;31:*.cpio=01;31:*.7z=01;31:*.rz=01;31:*.cab=01;31:*.wim=01;31:*.swm=01;31:*.dwm=01;31:*.esd=01;31:*.jpg=01;35:*.jpeg=01;35:*.mjpg=01;35:*.mjpeg=01;35:*.gif=01;35:*.bmp=01;35:*.pbm=01;35:*.pgm=01;35:*.ppm=01;35:*.tga=01;35:*.xbm=01;35:*.xpm=01;35:*.tif=01;35:*.tiff=01;35:*.png=01;35:*.svg=01;35:*.svgz=01;35:*.mng=01;35:*.pcx=01;35:*.mov=01;35:*.mpg=01;35:*.mpeg=01;35:*.m2v=01;35:*.mkv=01;35:*.webm=01;35:*.webp=01;35:*.ogm=01;35:*.mp4=01;35:*.m4v=01;35:*.mp4v=01;35:*.vob=01;35:*.qt=01;35:*.nuv=01;35:*.wmv=01;35:*.asf=01;35:*.rm=01;35:*.rmvb=01;35:*.flc=01;35:*.avi=01;35:*.fli=01;35:*.flv=01;35:*.gl=01;35:*.dl=01;35:*.xcf=01;35:*.xwd=01;35:*.yuv=01;35:*.cgm=01;35:*.emf=01;35:*.ogv=01;35:*.ogx=01;35:*.aac=00;36:*.au=00;36:*.flac=00;36:*.m4a=00;36:*.mid=00;36:*.midi=00;36:*.mka=00;36:*.mp3=00;36:*.mpc=00;36:*.ogg=00;36:*.ra=00;36:*.wav=00;36:*.oga=00;36:*.opus=00;36:*.spx=00;36:*.xspf=00;36:'), ('JETSON_SOC', 'tegra234'), ('VSCODE_GIT_IPC_HANDLE', '/run/user/1000/vscode-git-5f1c2c4ac7.sock'), ('TERM_PROGRAM', 'vscode'), ('SSH_AUTH_SOCK', '/tmp/.antigravity-server/.15487b3041e65228cae24980a3f796c905ef582c-ssh-auth.sock'), ('AMENT_PREFIX_PATH', '/home/techsas/auv_ws/install/auv_pkg:/home/techsas/auv_ws/install/auv_interfaces:/home/techsas/microros_ws/install/micro_ros_setup:/home/techsas/microros_ws/install/micro_ros_agent:/home/techsas/microros_ws/install/micro_ros_msgs:/opt/ros/humble'), ('SHELL', '/bin/bash'), ('LC_NAME', 'id_ID.UTF-8'), ('LESSCLOSE', '/usr/bin/lesspipe %s %s'), ('LC_MEASUREMENT', 'id_ID.UTF-8'), ('LC_IDENTIFICATION', 'id_ID.UTF-8'), ('VSCODE_GIT_ASKPASS_EXTRA_ARGS', ''), ('JETSON_CUDA_ARCH_BIN', '8.7'), ('PWD', '/home/techsas/auv_ws/build/auv_interfaces'), ('LC_ALL', 'en_US.UTF-8'), ('SSH_CONNECTION', '192.168.2.2 55802 192.168.2.1 22'), ('XDG_DATA_DIRS', '/usr/share/gnome:/usr/local/share:/usr/share:/var/lib/snapd/desktop'), ('PYTHONPATH', '/usr/local/lib/python3.10/dist-packages/:/usr/local/lib/python3.10/dist-packages/:/home/techsas/auv_ws/build/auv_pkg:/home/techsas/auv_ws/install/auv_pkg/lib/python3.10/site-packages:/home/techsas/auv_ws/install/auv_interfaces/local/lib/python3.10/dist-packages:/home/techsas/microros_ws/install/micro_ros_msgs/local/lib/python3.10/dist-packages:/opt/ros/humble/lib/python3.10/site-packages:/opt/ros/humble/local/lib/python3.10/dist-packages'), ('LC_NUMERIC', 'id_ID.UTF-8'), ('LC_PAPER', 'id_ID.UTF-8'), ('COLCON', '1'), ('JETSON_JETPACK', ''), ('CMAKE_PREFIX_PATH', '/home/techsas/auv_ws/install/auv_interfaces:/home/techsas/microros_ws/install/micro_ros_setup:/home/techsas/microros_ws/install/micro_ros_agent:/home/techsas/microros_ws/install/micro_ros_msgs:/home/techsas/auv_ws/install/auv_pkg:/opt/ros/humble'), ('JETSON_P_NUMBER', 'p3767-0000')]), 'shell': False}
[0.735199] (auv_interfaces) StdoutLine: {'line': b'-- Install configuration: ""\n'}
[0.736382] (auv_interfaces) StdoutLine: {'line': b'-- Execute custom install script\n'}
[0.736871] (auv_interfaces) StdoutLine: {'line': b'-- Up-to-date symlink: /home/techsas/auv_ws/install/auv_interfaces/share/ament_index/resource_index/rosidl_interfaces/auv_interfaces\n'}
[0.738778] (auv_interfaces) StdoutLine: {'line': b'-- Up-to-date symlink: /home/techsas/auv_ws/install/auv_interfaces/include/auv_interfaces/auv_interfaces/msg/actuator.h\n'}
[0.739217] (auv_interfaces) StdoutLine: {'line': b'-- Up-to-date symlink: /home/techsas/auv_ws/install/auv_interfaces/include/auv_interfaces/auv_interfaces/msg/arduino_sensor.h\n'}
[0.739419] (auv_interfaces) StdoutLine: {'line': b'-- Up-to-date symlink: /home/techsas/auv_ws/install/auv_interfaces/include/auv_interfaces/auv_interfaces/msg/bounding_box.h\n'}
[0.739590] (auv_interfaces) StdoutLine: {'line': b'-- Up-to-date symlink: /home/techsas/auv_ws/install/auv_interfaces/include/auv_interfaces/auv_interfaces/msg/detail/actuator__functions.h\n'}
[0.739749] (auv_interfaces) StdoutLine: {'line': b'-- Up-to-date symlink: /home/techsas/auv_ws/install/auv_interfaces/include/auv_interfaces/auv_interfaces/msg/detail/actuator__struct.h\n'}
[0.739882] (auv_interfaces) StdoutLine: {'line': b'-- Up-to-date symlink: /home/techsas/auv_ws/install/auv_interfaces/include/auv_interfaces/auv_interfaces/msg/detail/actuator__type_support.h\n'}
[0.740039] (auv_interfaces) StdoutLine: {'line': b'-- Up-to-date symlink: /home/techsas/auv_ws/install/auv_interfaces/include/auv_interfaces/auv_interfaces/msg/detail/arduino_sensor__functions.h\n'}
[0.740191] (auv_interfaces) StdoutLine: {'line': b'-- Up-to-date symlink: /home/techsas/auv_ws/install/auv_interfaces/include/auv_interfaces/auv_interfaces/msg/detail/arduino_sensor__struct.h\n'}
[0.740375] (auv_interfaces) StdoutLine: {'line': b'-- Up-to-date symlink: /home/techsas/auv_ws/install/auv_interfaces/include/auv_interfaces/auv_interfaces/msg/detail/arduino_sensor__type_support.h\n'}
[0.740568] (auv_interfaces) StdoutLine: {'line': b'-- Up-to-date symlink: /home/techsas/auv_ws/install/auv_interfaces/include/auv_interfaces/auv_interfaces/msg/detail/bounding_box__functions.h\n'}
[0.740757] (auv_interfaces) StdoutLine: {'line': b'-- Up-to-date symlink: /home/techsas/auv_ws/install/auv_interfaces/include/auv_interfaces/auv_interfaces/msg/detail/bounding_box__struct.h\n'}
[0.740951] (auv_interfaces) StdoutLine: {'line': b'-- Up-to-date symlink: /home/techsas/auv_ws/install/auv_interfaces/include/auv_interfaces/auv_interfaces/msg/detail/bounding_box__type_support.h\n'}
[0.741138] (auv_interfaces) StdoutLine: {'line': b'-- Up-to-date symlink: /home/techsas/auv_ws/install/auv_interfaces/include/auv_interfaces/auv_interfaces/msg/detail/error__functions.h\n'}
[0.741299] (auv_interfaces) StdoutLine: {'line': b'-- Up-to-date symlink: /home/techsas/auv_ws/install/auv_interfaces/include/auv_interfaces/auv_interfaces/msg/detail/error__struct.h\n'}
[0.741441] (auv_interfaces) StdoutLine: {'line': b'-- Up-to-date symlink: /home/techsas/auv_ws/install/auv_interfaces/include/auv_interfaces/auv_interfaces/msg/detail/error__type_support.h\n'}
[0.741638] (auv_interfaces) StdoutLine: {'line': b'-- Up-to-date symlink: /home/techsas/auv_ws/install/auv_interfaces/include/auv_interfaces/auv_interfaces/msg/detail/gerak__functions.h\n'}
[0.741863] (auv_interfaces) StdoutLine: {'line': b'-- Up-to-date symlink: /home/techsas/auv_ws/install/auv_interfaces/include/auv_interfaces/auv_interfaces/msg/detail/gerak__struct.h\n'}
[0.742286] (auv_interfaces) StdoutLine: {'line': b'-- Up-to-date symlink: /home/techsas/auv_ws/install/auv_interfaces/include/auv_interfaces/auv_interfaces/msg/detail/gerak__type_support.h\n'}
[0.742472] (auv_interfaces) StdoutLine: {'line': b'-- Up-to-date symlink: /home/techsas/auv_ws/install/auv_interfaces/include/auv_interfaces/auv_interfaces/msg/detail/heading__functions.h\n'}
[0.742646] (auv_interfaces) StdoutLine: {'line': b'-- Up-to-date symlink: /home/techsas/auv_ws/install/auv_interfaces/include/auv_interfaces/auv_interfaces/msg/detail/heading__struct.h\n'}
[0.742801] (auv_interfaces) StdoutLine: {'line': b'-- Up-to-date symlink: /home/techsas/auv_ws/install/auv_interfaces/include/auv_interfaces/auv_interfaces/msg/detail/heading__type_support.h\n'}
[0.742947] (auv_interfaces) StdoutLine: {'line': b'-- Up-to-date symlink: /home/techsas/auv_ws/install/auv_interfaces/include/auv_interfaces/auv_interfaces/msg/detail/is_stable__functions.h\n'}
[0.743074] (auv_interfaces) StdoutLine: {'line': b'-- Up-to-date symlink: /home/techsas/auv_ws/install/auv_interfaces/include/auv_interfaces/auv_interfaces/msg/detail/is_stable__struct.h\n'}
[0.743216] (auv_interfaces) StdoutLine: {'line': b'-- Up-to-date symlink: /home/techsas/auv_ws/install/auv_interfaces/include/auv_interfaces/auv_interfaces/msg/detail/is_stable__type_support.h\n'}
[0.743359] (auv_interfaces) StdoutLine: {'line': b'-- Up-to-date symlink: /home/techsas/auv_ws/install/auv_interfaces/include/auv_interfaces/auv_interfaces/msg/detail/logging__functions.h\n'}
[0.743497] (auv_interfaces) StdoutLine: {'line': b'-- Up-to-date symlink: /home/techsas/auv_ws/install/auv_interfaces/include/auv_interfaces/auv_interfaces/msg/detail/logging__struct.h\n'}
[0.743646] (auv_interfaces) StdoutLine: {'line': b'-- Up-to-date symlink: /home/techsas/auv_ws/install/auv_interfaces/include/auv_interfaces/auv_interfaces/msg/detail/logging__type_support.h\n'}
[0.743836] (auv_interfaces) StdoutLine: {'line': b'-- Up-to-date symlink: /home/techsas/auv_ws/install/auv_interfaces/include/auv_interfaces/auv_interfaces/msg/detail/manual__functions.h\n'}
[0.744017] (auv_interfaces) StdoutLine: {'line': b'-- Up-to-date symlink: /home/techsas/auv_ws/install/auv_interfaces/include/auv_interfaces/auv_interfaces/msg/detail/manual__struct.h\n'}
[0.744182] (auv_interfaces) StdoutLine: {'line': b'-- Up-to-date symlink: /home/techsas/auv_ws/install/auv_interfaces/include/auv_interfaces/auv_interfaces/msg/detail/manual__type_support.h\n'}
[0.744366] (auv_interfaces) StdoutLine: {'line': b'-- Up-to-date symlink: /home/techsas/auv_ws/install/auv_interfaces/include/auv_interfaces/auv_interfaces/msg/detail/movement__functions.h\n'}
[0.744543] (auv_interfaces) StdoutLine: {'line': b'-- Up-to-date symlink: /home/techsas/auv_ws/install/auv_interfaces/include/auv_interfaces/auv_interfaces/msg/detail/movement__struct.h\n'}
[0.744723] (auv_interfaces) StdoutLine: {'line': b'-- Up-to-date symlink: /home/techsas/auv_ws/install/auv_interfaces/include/auv_interfaces/auv_interfaces/msg/detail/movement__type_support.h\n'}
[0.744891] (auv_interfaces) StdoutLine: {'line': b'-- Up-to-date symlink: /home/techsas/auv_ws/install/auv_interfaces/include/auv_interfaces/auv_interfaces/msg/detail/multi_pid__functions.h\n'}
[0.745080] (auv_interfaces) StdoutLine: {'line': b'-- Up-to-date symlink: /home/techsas/auv_ws/install/auv_interfaces/include/auv_interfaces/auv_interfaces/msg/detail/multi_pid__struct.h\n'}
[0.745266] (auv_interfaces) StdoutLine: {'line': b'-- Up-to-date symlink: /home/techsas/auv_ws/install/auv_interfaces/include/auv_interfaces/auv_interfaces/msg/detail/multi_pid__type_support.h\n'}
[0.745441] (auv_interfaces) StdoutLine: {'line': b'-- Up-to-date symlink: /home/techsas/auv_ws/install/auv_interfaces/include/auv_interfaces/auv_interfaces/msg/detail/object_detection__functions.h\n'}
[0.745619] (auv_interfaces) StdoutLine: {'line': b'-- Up-to-date symlink: /home/techsas/auv_ws/install/auv_interfaces/include/auv_interfaces/auv_interfaces/msg/detail/object_detection__struct.h\n'}
[0.745797] (auv_interfaces) StdoutLine: {'line': b'-- Up-to-date symlink: /home/techsas/auv_ws/install/auv_interfaces/include/auv_interfaces/auv_interfaces/msg/detail/object_detection__type_support.h\n'}
[0.746412] (auv_interfaces) StdoutLine: {'line': b'-- Up-to-date symlink: /home/techsas/auv_ws/install/auv_interfaces/include/auv_interfaces/auv_interfaces/msg/detail/object_difference__functions.h\n'}
[0.746893] (auv_interfaces) StdoutLine: {'line': b'-- Up-to-date symlink: /home/techsas/auv_ws/install/auv_interfaces/include/auv_interfaces/auv_interfaces/msg/detail/object_difference__struct.h\n'}
[0.747048] (auv_interfaces) StdoutLine: {'line': b'-- Up-to-date symlink: /home/techsas/auv_ws/install/auv_interfaces/include/auv_interfaces/auv_interfaces/msg/detail/object_difference__type_support.h\n'}
[0.747190] (auv_interfaces) StdoutLine: {'line': b'-- Up-to-date symlink: /home/techsas/auv_ws/install/auv_interfaces/include/auv_interfaces/auv_interfaces/msg/detail/orientation__functions.h\n'}
[0.747324] (auv_interfaces) StdoutLine: {'line': b'-- Up-to-date symlink: /home/techsas/auv_ws/install/auv_interfaces/include/auv_interfaces/auv_interfaces/msg/detail/orientation__struct.h\n'}
[0.747454] (auv_interfaces) StdoutLine: {'line': b'-- Up-to-date symlink: /home/techsas/auv_ws/install/auv_interfaces/include/auv_interfaces/auv_interfaces/msg/detail/orientation__type_support.h\n'}
[0.747591] (auv_interfaces) StdoutLine: {'line': b'-- Up-to-date symlink: /home/techsas/auv_ws/install/auv_interfaces/include/auv_interfaces/auv_interfaces/msg/detail/pid__functions.h\n'}
[0.747726] (auv_interfaces) StdoutLine: {'line': b'-- Up-to-date symlink: /home/techsas/auv_ws/install/auv_interfaces/include/auv_interfaces/auv_interfaces/msg/detail/pid__struct.h\n'}
[0.747861] (auv_interfaces) StdoutLine: {'line': b'-- Up-to-date symlink: /home/techsas/auv_ws/install/auv_interfaces/include/auv_interfaces/auv_interfaces/msg/detail/pid__type_support.h\n'}
[0.748001] (auv_interfaces) StdoutLine: {'line': b'-- Up-to-date symlink: /home/techsas/auv_ws/install/auv_interfaces/include/auv_interfaces/auv_interfaces/msg/detail/pid_vel__functions.h\n'}
[0.748168] (auv_interfaces) StdoutLine: {'line': b'-- Up-to-date symlink: /home/techsas/auv_ws/install/auv_interfaces/include/auv_interfaces/auv_interfaces/msg/detail/pid_vel__struct.h\n'}
[0.748344] (auv_interfaces) StdoutLine: {'line': b'-- Up-to-date symlink: /home/techsas/auv_ws/install/auv_interfaces/include/auv_interfaces/auv_interfaces/msg/detail/pid_vel__type_support.h\n'}
[0.748515] (auv_interfaces) StdoutLine: {'line': b'-- Up-to-date symlink: /home/techsas/auv_ws/install/auv_interfaces/include/auv_interfaces/auv_interfaces/msg/detail/sensor__functions.h\n'}
[0.748667] (auv_interfaces) StdoutLine: {'line': b'-- Up-to-date symlink: /home/techsas/auv_ws/install/auv_interfaces/include/auv_interfaces/auv_interfaces/msg/detail/sensor__struct.h\n'}
[0.748850] (auv_interfaces) StdoutLine: {'line': b'-- Up-to-date symlink: /home/techsas/auv_ws/install/auv_interfaces/include/auv_interfaces/auv_interfaces/msg/detail/sensor__type_support.h\n'}
[0.749014] (auv_interfaces) StdoutLine: {'line': b'-- Up-to-date symlink: /home/techsas/auv_ws/install/auv_interfaces/include/auv_interfaces/auv_interfaces/msg/detail/set_point__functions.h\n'}
[0.749195] (auv_interfaces) StdoutLine: {'line': b'-- Up-to-date symlink: /home/techsas/auv_ws/install/auv_interfaces/include/auv_interfaces/auv_interfaces/msg/detail/set_point__struct.h\n'}
[0.749367] (auv_interfaces) StdoutLine: {'line': b'-- Up-to-date symlink: /home/techsas/auv_ws/install/auv_interfaces/include/auv_interfaces/auv_interfaces/msg/detail/set_point__type_support.h\n'}
[0.749527] (auv_interfaces) StdoutLine: {'line': b'-- Up-to-date symlink: /home/techsas/auv_ws/install/auv_interfaces/include/auv_interfaces/auv_interfaces/msg/error.h\n'}
[0.749699] (auv_interfaces) StdoutLine: {'line': b'-- Up-to-date symlink: /home/techsas/auv_ws/install/auv_interfaces/include/auv_interfaces/auv_interfaces/msg/gerak.h\n'}
[0.749858] (auv_interfaces) StdoutLine: {'line': b'-- Up-to-date symlink: /home/techsas/auv_ws/install/auv_interfaces/include/auv_interfaces/auv_interfaces/msg/heading.h\n'}
[0.750061] (auv_interfaces) StdoutLine: {'line': b'-- Up-to-date symlink: /home/techsas/auv_ws/install/auv_interfaces/include/auv_interfaces/auv_interfaces/msg/is_stable.h\n'}
[0.750222] (auv_interfaces) StdoutLine: {'line': b'-- Up-to-date symlink: /home/techsas/auv_ws/install/auv_interfaces/include/auv_interfaces/auv_interfaces/msg/logging.h\n'}
[0.750416] (auv_interfaces) StdoutLine: {'line': b'-- Up-to-date symlink: /home/techsas/auv_ws/install/auv_interfaces/include/auv_interfaces/auv_interfaces/msg/manual.h\n'}
[0.750572] (auv_interfaces) StdoutLine: {'line': b'-- Up-to-date symlink: /home/techsas/auv_ws/install/auv_interfaces/include/auv_interfaces/auv_interfaces/msg/movement.h\n'}
[0.750726] (auv_interfaces) StdoutLine: {'line': b'-- Up-to-date symlink: /home/techsas/auv_ws/install/auv_interfaces/include/auv_interfaces/auv_interfaces/msg/multi_pid.h\n'}
[0.750875] (auv_interfaces) StdoutLine: {'line': b'-- Up-to-date symlink: /home/techsas/auv_ws/install/auv_interfaces/include/auv_interfaces/auv_interfaces/msg/object_detection.h\n'}
[0.751064] (auv_interfaces) StdoutLine: {'line': b'-- Up-to-date symlink: /home/techsas/auv_ws/install/auv_interfaces/include/auv_interfaces/auv_interfaces/msg/object_difference.h\n'}
[0.751221] (auv_interfaces) StdoutLine: {'line': b'-- Up-to-date symlink: /home/techsas/auv_ws/install/auv_interfaces/include/auv_interfaces/auv_interfaces/msg/orientation.h\n'}
[0.751396] (auv_interfaces) StdoutLine: {'line': b'-- Up-to-date symlink: /home/techsas/auv_ws/install/auv_interfaces/include/auv_interfaces/auv_interfaces/msg/pid.h\n'}
[0.751572] (auv_interfaces) StdoutLine: {'line': b'-- Up-to-date symlink: /home/techsas/auv_ws/install/auv_interfaces/include/auv_interfaces/auv_interfaces/msg/pid_vel.h\n'}
[0.751722] (auv_interfaces) StdoutLine: {'line': b'-- Up-to-date symlink: /home/techsas/auv_ws/install/auv_interfaces/include/auv_interfaces/auv_interfaces/msg/rosidl_generator_c__visibility_control.h\n'}
[0.751897] (auv_interfaces) StdoutLine: {'line': b'-- Up-to-date symlink: /home/techsas/auv_ws/install/auv_interfaces/include/auv_interfaces/auv_interfaces/msg/sensor.h\n'}
[0.752075] (auv_interfaces) StdoutLine: {'line': b'-- Up-to-date symlink: /home/techsas/auv_ws/install/auv_interfaces/include/auv_interfaces/auv_interfaces/msg/set_point.h\n'}
[0.752370] (auv_interfaces) StdoutLine: {'line': b'-- Up-to-date symlink: /home/techsas/auv_ws/install/auv_interfaces/share/auv_interfaces/environment/library_path.sh\n'}
[0.752602] (auv_interfaces) StdoutLine: {'line': b'-- Up-to-date symlink: /home/techsas/auv_ws/install/auv_interfaces/share/auv_interfaces/environment/library_path.dsv\n'}
[0.754137] (auv_interfaces) StdoutLine: {'line': b'-- Up-to-date symlink: /home/techsas/auv_ws/install/auv_interfaces/include/auv_interfaces/auv_interfaces/msg/detail/actuator__rosidl_typesupport_fastrtps_c.h\n'}
[0.754292] (auv_interfaces) StdoutLine: {'line': b'-- Up-to-date symlink: /home/techsas/auv_ws/install/auv_interfaces/include/auv_interfaces/auv_interfaces/msg/detail/arduino_sensor__rosidl_typesupport_fastrtps_c.h\n'}
[0.754425] (auv_interfaces) StdoutLine: {'line': b'-- Up-to-date symlink: /home/techsas/auv_ws/install/auv_interfaces/include/auv_interfaces/auv_interfaces/msg/detail/bounding_box__rosidl_typesupport_fastrtps_c.h\n'}
[0.754570] (auv_interfaces) StdoutLine: {'line': b'-- Up-to-date symlink: /home/techsas/auv_ws/install/auv_interfaces/include/auv_interfaces/auv_interfaces/msg/detail/error__rosidl_typesupport_fastrtps_c.h\n'}
[0.754757] (auv_interfaces) StdoutLine: {'line': b'-- Up-to-date symlink: /home/techsas/auv_ws/install/auv_interfaces/include/auv_interfaces/auv_interfaces/msg/detail/gerak__rosidl_typesupport_fastrtps_c.h\n'}
[0.754939] (auv_interfaces) StdoutLine: {'line': b'-- Up-to-date symlink: /home/techsas/auv_ws/install/auv_interfaces/include/auv_interfaces/auv_interfaces/msg/detail/heading__rosidl_typesupport_fastrtps_c.h\n'}
[0.755092] (auv_interfaces) StdoutLine: {'line': b'-- Up-to-date symlink: /home/techsas/auv_ws/install/auv_interfaces/include/auv_interfaces/auv_interfaces/msg/detail/is_stable__rosidl_typesupport_fastrtps_c.h\n'}
[0.755262] (auv_interfaces) StdoutLine: {'line': b'-- Up-to-date symlink: /home/techsas/auv_ws/install/auv_interfaces/include/auv_interfaces/auv_interfaces/msg/detail/logging__rosidl_typesupport_fastrtps_c.h\n'}
[0.755422] (auv_interfaces) StdoutLine: {'line': b'-- Up-to-date symlink: /home/techsas/auv_ws/install/auv_interfaces/include/auv_interfaces/auv_interfaces/msg/detail/manual__rosidl_typesupport_fastrtps_c.h\n'}
[0.755601] (auv_interfaces) StdoutLine: {'line': b'-- Up-to-date symlink: /home/techsas/auv_ws/install/auv_interfaces/include/auv_interfaces/auv_interfaces/msg/detail/movement__rosidl_typesupport_fastrtps_c.h\n'}
[0.755758] (auv_interfaces) StdoutLine: {'line': b'-- Up-to-date symlink: /home/techsas/auv_ws/install/auv_interfaces/include/auv_interfaces/auv_interfaces/msg/detail/multi_pid__rosidl_typesupport_fastrtps_c.h\n'}
[0.755934] (auv_interfaces) StdoutLine: {'line': b'-- Up-to-date symlink: /home/techsas/auv_ws/install/auv_interfaces/include/auv_interfaces/auv_interfaces/msg/detail/object_detection__rosidl_typesupport_fastrtps_c.h\n'}
[0.756096] (auv_interfaces) StdoutLine: {'line': b'-- Up-to-date symlink: /home/techsas/auv_ws/install/auv_interfaces/include/auv_interfaces/auv_interfaces/msg/detail/object_difference__rosidl_typesupport_fastrtps_c.h\n'}
[0.756272] (auv_interfaces) StdoutLine: {'line': b'-- Up-to-date symlink: /home/techsas/auv_ws/install/auv_interfaces/include/auv_interfaces/auv_interfaces/msg/detail/orientation__rosidl_typesupport_fastrtps_c.h\n'}
[0.756441] (auv_interfaces) StdoutLine: {'line': b'-- Up-to-date symlink: /home/techsas/auv_ws/install/auv_interfaces/include/auv_interfaces/auv_interfaces/msg/detail/pid__rosidl_typesupport_fastrtps_c.h\n'}
[0.756609] (auv_interfaces) StdoutLine: {'line': b'-- Up-to-date symlink: /home/techsas/auv_ws/install/auv_interfaces/include/auv_interfaces/auv_interfaces/msg/detail/pid_vel__rosidl_typesupport_fastrtps_c.h\n'}
[0.756775] (auv_interfaces) StdoutLine: {'line': b'-- Up-to-date symlink: /home/techsas/auv_ws/install/auv_interfaces/include/auv_interfaces/auv_interfaces/msg/detail/sensor__rosidl_typesupport_fastrtps_c.h\n'}
[0.756936] (auv_interfaces) StdoutLine: {'line': b'-- Up-to-date symlink: /home/techsas/auv_ws/install/auv_interfaces/include/auv_interfaces/auv_interfaces/msg/detail/set_point__rosidl_typesupport_fastrtps_c.h\n'}
[0.757096] (auv_interfaces) StdoutLine: {'line': b'-- Up-to-date symlink: /home/techsas/auv_ws/install/auv_interfaces/include/auv_interfaces/auv_interfaces/msg/rosidl_typesupport_fastrtps_c__visibility_control.h\n'}
[0.758140] (auv_interfaces) StdoutLine: {'line': b'-- Up-to-date symlink: /home/techsas/auv_ws/install/auv_interfaces/include/auv_interfaces/auv_interfaces/msg/detail/actuator__rosidl_typesupport_introspection_c.h\n'}
[0.758289] (auv_interfaces) StdoutLine: {'line': b'-- Up-to-date symlink: /home/techsas/auv_ws/install/auv_interfaces/include/auv_interfaces/auv_interfaces/msg/detail/arduino_sensor__rosidl_typesupport_introspection_c.h\n'}
[0.758421] (auv_interfaces) StdoutLine: {'line': b'-- Up-to-date symlink: /home/techsas/auv_ws/install/auv_interfaces/include/auv_interfaces/auv_interfaces/msg/detail/bounding_box__rosidl_typesupport_introspection_c.h\n'}
[0.758550] (auv_interfaces) StdoutLine: {'line': b'-- Up-to-date symlink: /home/techsas/auv_ws/install/auv_interfaces/include/auv_interfaces/auv_interfaces/msg/detail/error__rosidl_typesupport_introspection_c.h\n'}
[0.758673] (auv_interfaces) StdoutLine: {'line': b'-- Up-to-date symlink: /home/techsas/auv_ws/install/auv_interfaces/include/auv_interfaces/auv_interfaces/msg/detail/gerak__rosidl_typesupport_introspection_c.h\n'}
[0.758837] (auv_interfaces) StdoutLine: {'line': b'-- Up-to-date symlink: /home/techsas/auv_ws/install/auv_interfaces/include/auv_interfaces/auv_interfaces/msg/detail/heading__rosidl_typesupport_introspection_c.h\n'}
[0.758994] (auv_interfaces) StdoutLine: {'line': b'-- Up-to-date symlink: /home/techsas/auv_ws/install/auv_interfaces/include/auv_interfaces/auv_interfaces/msg/detail/is_stable__rosidl_typesupport_introspection_c.h\n'}
[0.759160] (auv_interfaces) StdoutLine: {'line': b'-- Up-to-date symlink: /home/techsas/auv_ws/install/auv_interfaces/include/auv_interfaces/auv_interfaces/msg/detail/logging__rosidl_typesupport_introspection_c.h\n'}
[0.759381] (auv_interfaces) StdoutLine: {'line': b'-- Up-to-date symlink: /home/techsas/auv_ws/install/auv_interfaces/include/auv_interfaces/auv_interfaces/msg/detail/manual__rosidl_typesupport_introspection_c.h\n'}
[0.759518] (auv_interfaces) StdoutLine: {'line': b'-- Up-to-date symlink: /home/techsas/auv_ws/install/auv_interfaces/include/auv_interfaces/auv_interfaces/msg/detail/movement__rosidl_typesupport_introspection_c.h\n'}
[0.759653] (auv_interfaces) StdoutLine: {'line': b'-- Up-to-date symlink: /home/techsas/auv_ws/install/auv_interfaces/include/auv_interfaces/auv_interfaces/msg/detail/multi_pid__rosidl_typesupport_introspection_c.h\n'}
[0.759833] (auv_interfaces) StdoutLine: {'line': b'-- Up-to-date symlink: /home/techsas/auv_ws/install/auv_interfaces/include/auv_interfaces/auv_interfaces/msg/detail/object_detection__rosidl_typesupport_introspection_c.h\n'}
[0.760015] (auv_interfaces) StdoutLine: {'line': b'-- Up-to-date symlink: /home/techsas/auv_ws/install/auv_interfaces/include/auv_interfaces/auv_interfaces/msg/detail/object_difference__rosidl_typesupport_introspection_c.h\n'}
[0.760167] (auv_interfaces) StdoutLine: {'line': b'-- Up-to-date symlink: /home/techsas/auv_ws/install/auv_interfaces/include/auv_interfaces/auv_interfaces/msg/detail/orientation__rosidl_typesupport_introspection_c.h\n'}
[0.760314] (auv_interfaces) StdoutLine: {'line': b'-- Up-to-date symlink: /home/techsas/auv_ws/install/auv_interfaces/include/auv_interfaces/auv_interfaces/msg/detail/pid__rosidl_typesupport_introspection_c.h\n'}
[0.760491] (auv_interfaces) StdoutLine: {'line': b'-- Up-to-date symlink: /home/techsas/auv_ws/install/auv_interfaces/include/auv_interfaces/auv_interfaces/msg/detail/pid_vel__rosidl_typesupport_introspection_c.h\n'}
[0.760646] (auv_interfaces) StdoutLine: {'line': b'-- Up-to-date symlink: /home/techsas/auv_ws/install/auv_interfaces/include/auv_interfaces/auv_interfaces/msg/detail/sensor__rosidl_typesupport_introspection_c.h\n'}
[0.760816] (auv_interfaces) StdoutLine: {'line': b'-- Up-to-date symlink: /home/techsas/auv_ws/install/auv_interfaces/include/auv_interfaces/auv_interfaces/msg/detail/set_point__rosidl_typesupport_introspection_c.h\n'}
[0.760966] (auv_interfaces) StdoutLine: {'line': b'-- Up-to-date symlink: /home/techsas/auv_ws/install/auv_interfaces/include/auv_interfaces/auv_interfaces/msg/rosidl_typesupport_introspection_c__visibility_control.h\n'}
[0.762793] (auv_interfaces) StdoutLine: {'line': b'-- Up-to-date symlink: /home/techsas/auv_ws/install/auv_interfaces/include/auv_interfaces/auv_interfaces/msg/actuator.hpp\n'}
[0.763466] (auv_interfaces) StdoutLine: {'line': b'-- Up-to-date symlink: /home/techsas/auv_ws/install/auv_interfaces/include/auv_interfaces/auv_interfaces/msg/arduino_sensor.hpp\n'}
[0.763771] (auv_interfaces) StdoutLine: {'line': b'-- Up-to-date symlink: /home/techsas/auv_ws/install/auv_interfaces/include/auv_interfaces/auv_interfaces/msg/bounding_box.hpp\n'}
[0.764081] (auv_interfaces) StdoutLine: {'line': b'-- Up-to-date symlink: /home/techsas/auv_ws/install/auv_interfaces/include/auv_interfaces/auv_interfaces/msg/detail/actuator__builder.hpp\n'}
[0.764288] (auv_interfaces) StdoutLine: {'line': b'-- Up-to-date symlink: /home/techsas/auv_ws/install/auv_interfaces/include/auv_interfaces/auv_interfaces/msg/detail/actuator__struct.hpp\n'}
[0.764452] (auv_interfaces) StdoutLine: {'line': b'-- Up-to-date symlink: /home/techsas/auv_ws/install/auv_interfaces/include/auv_interfaces/auv_interfaces/msg/detail/actuator__traits.hpp\n'}
[0.764634] (auv_interfaces) StdoutLine: {'line': b'-- Up-to-date symlink: /home/techsas/auv_ws/install/auv_interfaces/include/auv_interfaces/auv_interfaces/msg/detail/actuator__type_support.hpp\n'}
[0.764812] (auv_interfaces) StdoutLine: {'line': b'-- Up-to-date symlink: /home/techsas/auv_ws/install/auv_interfaces/include/auv_interfaces/auv_interfaces/msg/detail/arduino_sensor__builder.hpp\n'}
[0.764972] (auv_interfaces) StdoutLine: {'line': b'-- Up-to-date symlink: /home/techsas/auv_ws/install/auv_interfaces/include/auv_interfaces/auv_interfaces/msg/detail/arduino_sensor__struct.hpp\n'}
[0.765134] (auv_interfaces) StdoutLine: {'line': b'-- Up-to-date symlink: /home/techsas/auv_ws/install/auv_interfaces/include/auv_interfaces/auv_interfaces/msg/detail/arduino_sensor__traits.hpp\n'}
[0.765296] (auv_interfaces) StdoutLine: {'line': b'-- Up-to-date symlink: /home/techsas/auv_ws/install/auv_interfaces/include/auv_interfaces/auv_interfaces/msg/detail/arduino_sensor__type_support.hpp\n'}
[0.765445] (auv_interfaces) StdoutLine: {'line': b'-- Up-to-date symlink: /home/techsas/auv_ws/install/auv_interfaces/include/auv_interfaces/auv_interfaces/msg/detail/bounding_box__builder.hpp\n'}
[0.765578] (auv_interfaces) StdoutLine: {'line': b'-- Up-to-date symlink: /home/techsas/auv_ws/install/auv_interfaces/include/auv_interfaces/auv_interfaces/msg/detail/bounding_box__struct.hpp\n'}
[0.765766] (auv_interfaces) StdoutLine: {'line': b'-- Up-to-date symlink: /home/techsas/auv_ws/install/auv_interfaces/include/auv_interfaces/auv_interfaces/msg/detail/bounding_box__traits.hpp\n'}
[0.765897] (auv_interfaces) StdoutLine: {'line': b'-- Up-to-date symlink: /home/techsas/auv_ws/install/auv_interfaces/include/auv_interfaces/auv_interfaces/msg/detail/bounding_box__type_support.hpp\n'}
[0.766064] (auv_interfaces) StdoutLine: {'line': b'-- Up-to-date symlink: /home/techsas/auv_ws/install/auv_interfaces/include/auv_interfaces/auv_interfaces/msg/detail/error__builder.hpp\n'}
[0.766225] (auv_interfaces) StdoutLine: {'line': b'-- Up-to-date symlink: /home/techsas/auv_ws/install/auv_interfaces/include/auv_interfaces/auv_interfaces/msg/detail/error__struct.hpp\n'}
[0.766383] (auv_interfaces) StdoutLine: {'line': b'-- Up-to-date symlink: /home/techsas/auv_ws/install/auv_interfaces/include/auv_interfaces/auv_interfaces/msg/detail/error__traits.hpp\n'}
[0.766546] (auv_interfaces) StdoutLine: {'line': b'-- Up-to-date symlink: /home/techsas/auv_ws/install/auv_interfaces/include/auv_interfaces/auv_interfaces/msg/detail/error__type_support.hpp\n'}
[0.766681] (auv_interfaces) StdoutLine: {'line': b'-- Up-to-date symlink: /home/techsas/auv_ws/install/auv_interfaces/include/auv_interfaces/auv_interfaces/msg/detail/gerak__builder.hpp\n'}
[0.766803] (auv_interfaces) StdoutLine: {'line': b'-- Up-to-date symlink: /home/techsas/auv_ws/install/auv_interfaces/include/auv_interfaces/auv_interfaces/msg/detail/gerak__struct.hpp\n'}
[0.766944] (auv_interfaces) StdoutLine: {'line': b'-- Up-to-date symlink: /home/techsas/auv_ws/install/auv_interfaces/include/auv_interfaces/auv_interfaces/msg/detail/gerak__traits.hpp\n'}
[0.767049] (auv_interfaces) StdoutLine: {'line': b'-- Up-to-date symlink: /home/techsas/auv_ws/install/auv_interfaces/include/auv_interfaces/auv_interfaces/msg/detail/gerak__type_support.hpp\n'}
[0.767171] (auv_interfaces) StdoutLine: {'line': b'-- Up-to-date symlink: /home/techsas/auv_ws/install/auv_interfaces/include/auv_interfaces/auv_interfaces/msg/detail/heading__builder.hpp\n'}
[0.767292] (auv_interfaces) StdoutLine: {'line': b'-- Up-to-date symlink: /home/techsas/auv_ws/install/auv_interfaces/include/auv_interfaces/auv_interfaces/msg/detail/heading__struct.hpp\n'}
[0.767407] (auv_interfaces) StdoutLine: {'line': b'-- Up-to-date symlink: /home/techsas/auv_ws/install/auv_interfaces/include/auv_interfaces/auv_interfaces/msg/detail/heading__traits.hpp\n'}
[0.767509] (auv_interfaces) StdoutLine: {'line': b'-- Up-to-date symlink: /home/techsas/auv_ws/install/auv_interfaces/include/auv_interfaces/auv_interfaces/msg/detail/heading__type_support.hpp\n'}
[0.767626] (auv_interfaces) StdoutLine: {'line': b'-- Up-to-date symlink: /home/techsas/auv_ws/install/auv_interfaces/include/auv_interfaces/auv_interfaces/msg/detail/is_stable__builder.hpp\n'}
[0.767743] (auv_interfaces) StdoutLine: {'line': b'-- Up-to-date symlink: /home/techsas/auv_ws/install/auv_interfaces/include/auv_interfaces/auv_interfaces/msg/detail/is_stable__struct.hpp\n'}
[0.767839] (auv_interfaces) StdoutLine: {'line': b'-- Up-to-date symlink: /home/techsas/auv_ws/install/auv_interfaces/include/auv_interfaces/auv_interfaces/msg/detail/is_stable__traits.hpp\n'}
[0.767955] (auv_interfaces) StdoutLine: {'line': b'-- Up-to-date symlink: /home/techsas/auv_ws/install/auv_interfaces/include/auv_interfaces/auv_interfaces/msg/detail/is_stable__type_support.hpp\n'}
[0.768076] (auv_interfaces) StdoutLine: {'line': b'-- Up-to-date symlink: /home/techsas/auv_ws/install/auv_interfaces/include/auv_interfaces/auv_interfaces/msg/detail/logging__builder.hpp\n'}
[0.768189] (auv_interfaces) StdoutLine: {'line': b'-- Up-to-date symlink: /home/techsas/auv_ws/install/auv_interfaces/include/auv_interfaces/auv_interfaces/msg/detail/logging__struct.hpp\n'}
[0.768291] (auv_interfaces) StdoutLine: {'line': b'-- Up-to-date symlink: /home/techsas/auv_ws/install/auv_interfaces/include/auv_interfaces/auv_interfaces/msg/detail/logging__traits.hpp\n'}
[0.768413] (auv_interfaces) StdoutLine: {'line': b'-- Up-to-date symlink: /home/techsas/auv_ws/install/auv_interfaces/include/auv_interfaces/auv_interfaces/msg/detail/logging__type_support.hpp\n'}
[0.768516] (auv_interfaces) StdoutLine: {'line': b'-- Up-to-date symlink: /home/techsas/auv_ws/install/auv_interfaces/include/auv_interfaces/auv_interfaces/msg/detail/manual__builder.hpp\n'}
[0.768614] (auv_interfaces) StdoutLine: {'line': b'-- Up-to-date symlink: /home/techsas/auv_ws/install/auv_interfaces/include/auv_interfaces/auv_interfaces/msg/detail/manual__struct.hpp\n'}
[0.768733] (auv_interfaces) StdoutLine: {'line': b'-- Up-to-date symlink: /home/techsas/auv_ws/install/auv_interfaces/include/auv_interfaces/auv_interfaces/msg/detail/manual__traits.hpp\n'}
[0.768852] (auv_interfaces) StdoutLine: {'line': b'-- Up-to-date symlink: /home/techsas/auv_ws/install/auv_interfaces/include/auv_interfaces/auv_interfaces/msg/detail/manual__type_support.hpp\n'}
[0.768978] (auv_interfaces) StdoutLine: {'line': b'-- Up-to-date symlink: /home/techsas/auv_ws/install/auv_interfaces/include/auv_interfaces/auv_interfaces/msg/detail/movement__builder.hpp\n'}
[0.769113] (auv_interfaces) StdoutLine: {'line': b'-- Up-to-date symlink: /home/techsas/auv_ws/install/auv_interfaces/include/auv_interfaces/auv_interfaces/msg/detail/movement__struct.hpp\n'}
[0.769274] (auv_interfaces) StdoutLine: {'line': b'-- Up-to-date symlink: /home/techsas/auv_ws/install/auv_interfaces/include/auv_interfaces/auv_interfaces/msg/detail/movement__traits.hpp\n'}
[0.769466] (auv_interfaces) StdoutLine: {'line': b'-- Up-to-date symlink: /home/techsas/auv_ws/install/auv_interfaces/include/auv_interfaces/auv_interfaces/msg/detail/movement__type_support.hpp\n'}
[0.769620] (auv_interfaces) StdoutLine: {'line': b'-- Up-to-date symlink: /home/techsas/auv_ws/install/auv_interfaces/include/auv_interfaces/auv_interfaces/msg/detail/multi_pid__builder.hpp\n'}
[0.769757] (auv_interfaces) StdoutLine: {'line': b'-- Up-to-date symlink: /home/techsas/auv_ws/install/auv_interfaces/include/auv_interfaces/auv_interfaces/msg/detail/multi_pid__struct.hpp\n'}
[0.769902] (auv_interfaces) StdoutLine: {'line': b'-- Up-to-date symlink: /home/techsas/auv_ws/install/auv_interfaces/include/auv_interfaces/auv_interfaces/msg/detail/multi_pid__traits.hpp\n'}
[0.770266] (auv_interfaces) StdoutLine: {'line': b'-- Up-to-date symlink: /home/techsas/auv_ws/install/auv_interfaces/include/auv_interfaces/auv_interfaces/msg/detail/multi_pid__type_support.hpp\n'}
[0.770412] (auv_interfaces) StdoutLine: {'line': b'-- Up-to-date symlink: /home/techsas/auv_ws/install/auv_interfaces/include/auv_interfaces/auv_interfaces/msg/detail/object_detection__builder.hpp\n'}
[0.770543] (auv_interfaces) StdoutLine: {'line': b'-- Up-to-date symlink: /home/techsas/auv_ws/install/auv_interfaces/include/auv_interfaces/auv_interfaces/msg/detail/object_detection__struct.hpp\n'}
[0.770651] (auv_interfaces) StdoutLine: {'line': b'-- Up-to-date symlink: /home/techsas/auv_ws/install/auv_interfaces/include/auv_interfaces/auv_interfaces/msg/detail/object_detection__traits.hpp\n'}
[0.770802] (auv_interfaces) StdoutLine: {'line': b'-- Up-to-date symlink: /home/techsas/auv_ws/install/auv_interfaces/include/auv_interfaces/auv_interfaces/msg/detail/object_detection__type_support.hpp\n'}
[0.770930] (auv_interfaces) StdoutLine: {'line': b'-- Up-to-date symlink: /home/techsas/auv_ws/install/auv_interfaces/include/auv_interfaces/auv_interfaces/msg/detail/object_difference__builder.hpp\n'}
[0.771055] (auv_interfaces) StdoutLine: {'line': b'-- Up-to-date symlink: /home/techsas/auv_ws/install/auv_interfaces/include/auv_interfaces/auv_interfaces/msg/detail/object_difference__struct.hpp\n'}
[0.771177] (auv_interfaces) StdoutLine: {'line': b'-- Up-to-date symlink: /home/techsas/auv_ws/install/auv_interfaces/include/auv_interfaces/auv_interfaces/msg/detail/object_difference__traits.hpp\n'}
[0.771307] (auv_interfaces) StdoutLine: {'line': b'-- Up-to-date symlink: /home/techsas/auv_ws/install/auv_interfaces/include/auv_interfaces/auv_interfaces/msg/detail/object_difference__type_support.hpp\n'}
[0.771483] (auv_interfaces) StdoutLine: {'line': b'-- Up-to-date symlink: /home/techsas/auv_ws/install/auv_interfaces/include/auv_interfaces/auv_interfaces/msg/detail/orientation__builder.hpp\n'}
[0.771640] (auv_interfaces) StdoutLine: {'line': b'-- Up-to-date symlink: /home/techsas/auv_ws/install/auv_interfaces/include/auv_interfaces/auv_interfaces/msg/detail/orientation__struct.hpp\n'}
[0.771776] (auv_interfaces) StdoutLine: {'line': b'-- Up-to-date symlink: /home/techsas/auv_ws/install/auv_interfaces/include/auv_interfaces/auv_interfaces/msg/detail/orientation__traits.hpp\n'}
[0.771961] (auv_interfaces) StdoutLine: {'line': b'-- Up-to-date symlink: /home/techsas/auv_ws/install/auv_interfaces/include/auv_interfaces/auv_interfaces/msg/detail/orientation__type_support.hpp\n'}
[0.772109] (auv_interfaces) StdoutLine: {'line': b'-- Up-to-date symlink: /home/techsas/auv_ws/install/auv_interfaces/include/auv_interfaces/auv_interfaces/msg/detail/pid__builder.hpp\n'}
[0.772273] (auv_interfaces) StdoutLine: {'line': b'-- Up-to-date symlink: /home/techsas/auv_ws/install/auv_interfaces/include/auv_interfaces/auv_interfaces/msg/detail/pid__struct.hpp\n'}
[0.772428] (auv_interfaces) StdoutLine: {'line': b'-- Up-to-date symlink: /home/techsas/auv_ws/install/auv_interfaces/include/auv_interfaces/auv_interfaces/msg/detail/pid__traits.hpp\n'}
[0.772583] (auv_interfaces) StdoutLine: {'line': b'-- Up-to-date symlink: /home/techsas/auv_ws/install/auv_interfaces/include/auv_interfaces/auv_interfaces/msg/detail/pid__type_support.hpp\n'}
[0.772728] (auv_interfaces) StdoutLine: {'line': b'-- Up-to-date symlink: /home/techsas/auv_ws/install/auv_interfaces/include/auv_interfaces/auv_interfaces/msg/detail/pid_vel__builder.hpp\n'}
[0.772890] (auv_interfaces) StdoutLine: {'line': b'-- Up-to-date symlink: /home/techsas/auv_ws/install/auv_interfaces/include/auv_interfaces/auv_interfaces/msg/detail/pid_vel__struct.hpp\n'}
[0.773035] (auv_interfaces) StdoutLine: {'line': b'-- Up-to-date symlink: /home/techsas/auv_ws/install/auv_interfaces/include/auv_interfaces/auv_interfaces/msg/detail/pid_vel__traits.hpp\n'}
[0.773195] (auv_interfaces) StdoutLine: {'line': b'-- Up-to-date symlink: /home/techsas/auv_ws/install/auv_interfaces/include/auv_interfaces/auv_interfaces/msg/detail/pid_vel__type_support.hpp\n'}
[0.773343] (auv_interfaces) StdoutLine: {'line': b'-- Up-to-date symlink: /home/techsas/auv_ws/install/auv_interfaces/include/auv_interfaces/auv_interfaces/msg/detail/sensor__builder.hpp\n'}
[0.773506] (auv_interfaces) StdoutLine: {'line': b'-- Up-to-date symlink: /home/techsas/auv_ws/install/auv_interfaces/include/auv_interfaces/auv_interfaces/msg/detail/sensor__struct.hpp\n'}
[0.773653] (auv_interfaces) StdoutLine: {'line': b'-- Up-to-date symlink: /home/techsas/auv_ws/install/auv_interfaces/include/auv_interfaces/auv_interfaces/msg/detail/sensor__traits.hpp\n'}
[0.773814] (auv_interfaces) StdoutLine: {'line': b'-- Up-to-date symlink: /home/techsas/auv_ws/install/auv_interfaces/include/auv_interfaces/auv_interfaces/msg/detail/sensor__type_support.hpp\n'}
[0.773988] (auv_interfaces) StdoutLine: {'line': b'-- Up-to-date symlink: /home/techsas/auv_ws/install/auv_interfaces/include/auv_interfaces/auv_interfaces/msg/detail/set_point__builder.hpp\n'}
[0.774140] (auv_interfaces) StdoutLine: {'line': b'-- Up-to-date symlink: /home/techsas/auv_ws/install/auv_interfaces/include/auv_interfaces/auv_interfaces/msg/detail/set_point__struct.hpp\n'}
[0.774304] (auv_interfaces) StdoutLine: {'line': b'-- Up-to-date symlink: /home/techsas/auv_ws/install/auv_interfaces/include/auv_interfaces/auv_interfaces/msg/detail/set_point__traits.hpp\n'}
[0.774448] (auv_interfaces) StdoutLine: {'line': b'-- Up-to-date symlink: /home/techsas/auv_ws/install/auv_interfaces/include/auv_interfaces/auv_interfaces/msg/detail/set_point__type_support.hpp\n'}
[0.774606] (auv_interfaces) StdoutLine: {'line': b'-- Up-to-date symlink: /home/techsas/auv_ws/install/auv_interfaces/include/auv_interfaces/auv_interfaces/msg/error.hpp\n'}
[0.774772] (auv_interfaces) StdoutLine: {'line': b'-- Up-to-date symlink: /home/techsas/auv_ws/install/auv_interfaces/include/auv_interfaces/auv_interfaces/msg/gerak.hpp\n'}
[0.774911] (auv_interfaces) StdoutLine: {'line': b'-- Up-to-date symlink: /home/techsas/auv_ws/install/auv_interfaces/include/auv_interfaces/auv_interfaces/msg/heading.hpp\n'}
[0.775048] (auv_interfaces) StdoutLine: {'line': b'-- Up-to-date symlink: /home/techsas/auv_ws/install/auv_interfaces/include/auv_interfaces/auv_interfaces/msg/is_stable.hpp\n'}
[0.775182] (auv_interfaces) StdoutLine: {'line': b'-- Up-to-date symlink: /home/techsas/auv_ws/install/auv_interfaces/include/auv_interfaces/auv_interfaces/msg/logging.hpp\n'}
[0.775343] (auv_interfaces) StdoutLine: {'line': b'-- Up-to-date symlink: /home/techsas/auv_ws/install/auv_interfaces/include/auv_interfaces/auv_interfaces/msg/manual.hpp\n'}
[0.775475] (auv_interfaces) StdoutLine: {'line': b'-- Up-to-date symlink: /home/techsas/auv_ws/install/auv_interfaces/include/auv_interfaces/auv_interfaces/msg/movement.hpp\n'}
[0.775639] (auv_interfaces) StdoutLine: {'line': b'-- Up-to-date symlink: /home/techsas/auv_ws/install/auv_interfaces/include/auv_interfaces/auv_interfaces/msg/multi_pid.hpp\n'}
[0.775781] (auv_interfaces) StdoutLine: {'line': b'-- Up-to-date symlink: /home/techsas/auv_ws/install/auv_interfaces/include/auv_interfaces/auv_interfaces/msg/object_detection.hpp\n'}
[0.775925] (auv_interfaces) StdoutLine: {'line': b'-- Up-to-date symlink: /home/techsas/auv_ws/install/auv_interfaces/include/auv_interfaces/auv_interfaces/msg/object_difference.hpp\n'}
[0.776082] (auv_interfaces) StdoutLine: {'line': b'-- Up-to-date symlink: /home/techsas/auv_ws/install/auv_interfaces/include/auv_interfaces/auv_interfaces/msg/orientation.hpp\n'}
[0.776229] (auv_interfaces) StdoutLine: {'line': b'-- Up-to-date symlink: /home/techsas/auv_ws/install/auv_interfaces/include/auv_interfaces/auv_interfaces/msg/pid.hpp\n'}
[0.776364] (auv_interfaces) StdoutLine: {'line': b'-- Up-to-date symlink: /home/techsas/auv_ws/install/auv_interfaces/include/auv_interfaces/auv_interfaces/msg/pid_vel.hpp\n'}
[0.776529] (auv_interfaces) StdoutLine: {'line': b'-- Up-to-date symlink: /home/techsas/auv_ws/install/auv_interfaces/include/auv_interfaces/auv_interfaces/msg/rosidl_generator_cpp__visibility_control.hpp\n'}
[0.776673] (auv_interfaces) StdoutLine: {'line': b'-- Up-to-date symlink: /home/techsas/auv_ws/install/auv_interfaces/include/auv_interfaces/auv_interfaces/msg/sensor.hpp\n'}
[0.776814] (auv_interfaces) StdoutLine: {'line': b'-- Up-to-date symlink: /home/techsas/auv_ws/install/auv_interfaces/include/auv_interfaces/auv_interfaces/msg/set_point.hpp\n'}
[0.778170] (auv_interfaces) StdoutLine: {'line': b'-- Up-to-date symlink: /home/techsas/auv_ws/install/auv_interfaces/include/auv_interfaces/auv_interfaces/msg/detail/actuator__rosidl_typesupport_fastrtps_cpp.hpp\n'}
[0.778329] (auv_interfaces) StdoutLine: {'line': b'-- Up-to-date symlink: /home/techsas/auv_ws/install/auv_interfaces/include/auv_interfaces/auv_interfaces/msg/detail/arduino_sensor__rosidl_typesupport_fastrtps_cpp.hpp\n'}
[0.778502] (auv_interfaces) StdoutLine: {'line': b'-- Up-to-date symlink: /home/techsas/auv_ws/install/auv_interfaces/include/auv_interfaces/auv_interfaces/msg/detail/bounding_box__rosidl_typesupport_fastrtps_cpp.hpp\n'}
[0.778666] (auv_interfaces) StdoutLine: {'line': b'-- Up-to-date symlink: /home/techsas/auv_ws/install/auv_interfaces/include/auv_interfaces/auv_interfaces/msg/detail/error__rosidl_typesupport_fastrtps_cpp.hpp\n'}
[0.778823] (auv_interfaces) StdoutLine: {'line': b'-- Up-to-date symlink: /home/techsas/auv_ws/install/auv_interfaces/include/auv_interfaces/auv_interfaces/msg/detail/gerak__rosidl_typesupport_fastrtps_cpp.hpp\n'}
[0.778982] (auv_interfaces) StdoutLine: {'line': b'-- Up-to-date symlink: /home/techsas/auv_ws/install/auv_interfaces/include/auv_interfaces/auv_interfaces/msg/detail/heading__rosidl_typesupport_fastrtps_cpp.hpp\n'}
[0.779142] (auv_interfaces) StdoutLine: {'line': b'-- Up-to-date symlink: /home/techsas/auv_ws/install/auv_interfaces/include/auv_interfaces/auv_interfaces/msg/detail/is_stable__rosidl_typesupport_fastrtps_cpp.hpp\n'}
[0.779299] (auv_interfaces) StdoutLine: {'line': b'-- Up-to-date symlink: /home/techsas/auv_ws/install/auv_interfaces/include/auv_interfaces/auv_interfaces/msg/detail/logging__rosidl_typesupport_fastrtps_cpp.hpp\n'}
[0.779453] (auv_interfaces) StdoutLine: {'line': b'-- Up-to-date symlink: /home/techsas/auv_ws/install/auv_interfaces/include/auv_interfaces/auv_interfaces/msg/detail/manual__rosidl_typesupport_fastrtps_cpp.hpp\n'}
[0.779607] (auv_interfaces) StdoutLine: {'line': b'-- Up-to-date symlink: /home/techsas/auv_ws/install/auv_interfaces/include/auv_interfaces/auv_interfaces/msg/detail/movement__rosidl_typesupport_fastrtps_cpp.hpp\n'}
[0.779761] (auv_interfaces) StdoutLine: {'line': b'-- Up-to-date symlink: /home/techsas/auv_ws/install/auv_interfaces/include/auv_interfaces/auv_interfaces/msg/detail/multi_pid__rosidl_typesupport_fastrtps_cpp.hpp\n'}
[0.779928] (auv_interfaces) StdoutLine: {'line': b'-- Up-to-date symlink: /home/techsas/auv_ws/install/auv_interfaces/include/auv_interfaces/auv_interfaces/msg/detail/object_detection__rosidl_typesupport_fastrtps_cpp.hpp\n'}
[0.780072] (auv_interfaces) StdoutLine: {'line': b'-- Up-to-date symlink: /home/techsas/auv_ws/install/auv_interfaces/include/auv_interfaces/auv_interfaces/msg/detail/object_difference__rosidl_typesupport_fastrtps_cpp.hpp\n'}
[0.780225] (auv_interfaces) StdoutLine: {'line': b'-- Up-to-date symlink: /home/techsas/auv_ws/install/auv_interfaces/include/auv_interfaces/auv_interfaces/msg/detail/orientation__rosidl_typesupport_fastrtps_cpp.hpp\n'}
[0.780381] (auv_interfaces) StdoutLine: {'line': b'-- Up-to-date symlink: /home/techsas/auv_ws/install/auv_interfaces/include/auv_interfaces/auv_interfaces/msg/detail/pid__rosidl_typesupport_fastrtps_cpp.hpp\n'}
[0.780533] (auv_interfaces) StdoutLine: {'line': b'-- Up-to-date symlink: /home/techsas/auv_ws/install/auv_interfaces/include/auv_interfaces/auv_interfaces/msg/detail/pid_vel__rosidl_typesupport_fastrtps_cpp.hpp\n'}
[0.780688] (auv_interfaces) StdoutLine: {'line': b'-- Up-to-date symlink: /home/techsas/auv_ws/install/auv_interfaces/include/auv_interfaces/auv_interfaces/msg/detail/sensor__rosidl_typesupport_fastrtps_cpp.hpp\n'}
[0.780843] (auv_interfaces) StdoutLine: {'line': b'-- Up-to-date symlink: /home/techsas/auv_ws/install/auv_interfaces/include/auv_interfaces/auv_interfaces/msg/detail/set_point__rosidl_typesupport_fastrtps_cpp.hpp\n'}
[0.781002] (auv_interfaces) StdoutLine: {'line': b'-- Up-to-date symlink: /home/techsas/auv_ws/install/auv_interfaces/include/auv_interfaces/auv_interfaces/msg/rosidl_typesupport_fastrtps_cpp__visibility_control.h\n'}
[0.781764] (auv_interfaces) StdoutLine: {'line': b'-- Up-to-date symlink: /home/techsas/auv_ws/install/auv_interfaces/include/auv_interfaces/auv_interfaces/msg/detail/actuator__rosidl_typesupport_introspection_cpp.hpp\n'}
[0.781932] (auv_interfaces) StdoutLine: {'line': b'-- Up-to-date symlink: /home/techsas/auv_ws/install/auv_interfaces/include/auv_interfaces/auv_interfaces/msg/detail/arduino_sensor__rosidl_typesupport_introspection_cpp.hpp\n'}
[0.782142] (auv_interfaces) StdoutLine: {'line': b'-- Up-to-date symlink: /home/techsas/auv_ws/install/auv_interfaces/include/auv_interfaces/auv_interfaces/msg/detail/bounding_box__rosidl_typesupport_introspection_cpp.hpp\n'}
[0.782303] (auv_interfaces) StdoutLine: {'line': b'-- Up-to-date symlink: /home/techsas/auv_ws/install/auv_interfaces/include/auv_interfaces/auv_interfaces/msg/detail/error__rosidl_typesupport_introspection_cpp.hpp\n'}
[0.782460] (auv_interfaces) StdoutLine: {'line': b'-- Up-to-date symlink: /home/techsas/auv_ws/install/auv_interfaces/include/auv_interfaces/auv_interfaces/msg/detail/gerak__rosidl_typesupport_introspection_cpp.hpp\n'}
[0.782616] (auv_interfaces) StdoutLine: {'line': b'-- Up-to-date symlink: /home/techsas/auv_ws/install/auv_interfaces/include/auv_interfaces/auv_interfaces/msg/detail/heading__rosidl_typesupport_introspection_cpp.hpp\n'}
[0.782771] (auv_interfaces) StdoutLine: {'line': b'-- Up-to-date symlink: /home/techsas/auv_ws/install/auv_interfaces/include/auv_interfaces/auv_interfaces/msg/detail/is_stable__rosidl_typesupport_introspection_cpp.hpp\n'}
[0.782925] (auv_interfaces) StdoutLine: {'line': b'-- Up-to-date symlink: /home/techsas/auv_ws/install/auv_interfaces/include/auv_interfaces/auv_interfaces/msg/detail/logging__rosidl_typesupport_introspection_cpp.hpp\n'}
[0.783079] (auv_interfaces) StdoutLine: {'line': b'-- Up-to-date symlink: /home/techsas/auv_ws/install/auv_interfaces/include/auv_interfaces/auv_interfaces/msg/detail/manual__rosidl_typesupport_introspection_cpp.hpp\n'}
[0.783233] (auv_interfaces) StdoutLine: {'line': b'-- Up-to-date symlink: /home/techsas/auv_ws/install/auv_interfaces/include/auv_interfaces/auv_interfaces/msg/detail/movement__rosidl_typesupport_introspection_cpp.hpp\n'}
[0.783387] (auv_interfaces) StdoutLine: {'line': b'-- Up-to-date symlink: /home/techsas/auv_ws/install/auv_interfaces/include/auv_interfaces/auv_interfaces/msg/detail/multi_pid__rosidl_typesupport_introspection_cpp.hpp\n'}
[0.783543] (auv_interfaces) StdoutLine: {'line': b'-- Up-to-date symlink: /home/techsas/auv_ws/install/auv_interfaces/include/auv_interfaces/auv_interfaces/msg/detail/object_detection__rosidl_typesupport_introspection_cpp.hpp\n'}
[0.783697] (auv_interfaces) StdoutLine: {'line': b'-- Up-to-date symlink: /home/techsas/auv_ws/install/auv_interfaces/include/auv_interfaces/auv_interfaces/msg/detail/object_difference__rosidl_typesupport_introspection_cpp.hpp\n'}
[0.783861] (auv_interfaces) StdoutLine: {'line': b'-- Up-to-date symlink: /home/techsas/auv_ws/install/auv_interfaces/include/auv_interfaces/auv_interfaces/msg/detail/orientation__rosidl_typesupport_introspection_cpp.hpp\n'}
[0.784016] (auv_interfaces) StdoutLine: {'line': b'-- Up-to-date symlink: /home/techsas/auv_ws/install/auv_interfaces/include/auv_interfaces/auv_interfaces/msg/detail/pid__rosidl_typesupport_introspection_cpp.hpp\n'}
[0.784168] (auv_interfaces) StdoutLine: {'line': b'-- Up-to-date symlink: /home/techsas/auv_ws/install/auv_interfaces/include/auv_interfaces/auv_interfaces/msg/detail/pid_vel__rosidl_typesupport_introspection_cpp.hpp\n'}
[0.784322] (auv_interfaces) StdoutLine: {'line': b'-- Up-to-date symlink: /home/techsas/auv_ws/install/auv_interfaces/include/auv_interfaces/auv_interfaces/msg/detail/sensor__rosidl_typesupport_introspection_cpp.hpp\n'}
[0.784475] (auv_interfaces) StdoutLine: {'line': b'-- Up-to-date symlink: /home/techsas/auv_ws/install/auv_interfaces/include/auv_interfaces/auv_interfaces/msg/detail/set_point__rosidl_typesupport_introspection_cpp.hpp\n'}
[0.784703] (auv_interfaces) StdoutLine: {'line': b'-- Up-to-date symlink: /home/techsas/auv_ws/install/auv_interfaces/share/auv_interfaces/environment/pythonpath.sh\n'}
[0.784908] (auv_interfaces) StdoutLine: {'line': b'-- Up-to-date symlink: /home/techsas/auv_ws/install/auv_interfaces/share/auv_interfaces/environment/pythonpath.dsv\n'}
[0.785477] (auv_interfaces) StdoutLine: {'line': b'-- Up-to-date symlink: /home/techsas/auv_ws/install/auv_interfaces/local/lib/python3.10/dist-packages/auv_interfaces-0.0.0-py3.10.egg-info/PKG-INFO\n'}
[0.785709] (auv_interfaces) StdoutLine: {'line': b'-- Up-to-date symlink: /home/techsas/auv_ws/install/auv_interfaces/local/lib/python3.10/dist-packages/auv_interfaces-0.0.0-py3.10.egg-info/SOURCES.txt\n'}
[0.785843] (auv_interfaces) StdoutLine: {'line': b'-- Up-to-date symlink: /home/techsas/auv_ws/install/auv_interfaces/local/lib/python3.10/dist-packages/auv_interfaces-0.0.0-py3.10.egg-info/dependency_links.txt\n'}
[0.786000] (auv_interfaces) StdoutLine: {'line': b'-- Up-to-date symlink: /home/techsas/auv_ws/install/auv_interfaces/local/lib/python3.10/dist-packages/auv_interfaces-0.0.0-py3.10.egg-info/top_level.txt\n'}
[0.787272] (auv_interfaces) StdoutLine: {'line': b'-- Up-to-date symlink: /home/techsas/auv_ws/install/auv_interfaces/local/lib/python3.10/dist-packages/auv_interfaces/__init__.py\n'}
[0.787457] (auv_interfaces) StdoutLine: {'line': b'-- Up-to-date symlink: /home/techsas/auv_ws/install/auv_interfaces/local/lib/python3.10/dist-packages/auv_interfaces/_auv_interfaces_s.ep.rosidl_typesupport_c.c\n'}
[0.787598] (auv_interfaces) StdoutLine: {'line': b'-- Up-to-date symlink: /home/techsas/auv_ws/install/auv_interfaces/local/lib/python3.10/dist-packages/auv_interfaces/_auv_interfaces_s.ep.rosidl_typesupport_fastrtps_c.c\n'}
[0.787741] (auv_interfaces) StdoutLine: {'line': b'-- Up-to-date symlink: /home/techsas/auv_ws/install/auv_interfaces/local/lib/python3.10/dist-packages/auv_interfaces/_auv_interfaces_s.ep.rosidl_typesupport_introspection_c.c\n'}
[0.787880] (auv_interfaces) StdoutLine: {'line': b'-- Up-to-date symlink: /home/techsas/auv_ws/install/auv_interfaces/local/lib/python3.10/dist-packages/auv_interfaces/auv_interfaces_s__rosidl_typesupport_c.cpython-310-aarch64-linux-gnu.so\n'}
[0.788046] (auv_interfaces) StdoutLine: {'line': b'-- Up-to-date symlink: /home/techsas/auv_ws/install/auv_interfaces/local/lib/python3.10/dist-packages/auv_interfaces/auv_interfaces_s__rosidl_typesupport_fastrtps_c.cpython-310-aarch64-linux-gnu.so\n'}
[0.788202] (auv_interfaces) StdoutLine: {'line': b'-- Up-to-date symlink: /home/techsas/auv_ws/install/auv_interfaces/local/lib/python3.10/dist-packages/auv_interfaces/auv_interfaces_s__rosidl_typesupport_introspection_c.cpython-310-aarch64-linux-gnu.so\n'}
[0.788345] (auv_interfaces) StdoutLine: {'line': b'-- Up-to-date symlink: /home/techsas/auv_ws/install/auv_interfaces/local/lib/python3.10/dist-packages/auv_interfaces/libauv_interfaces__rosidl_generator_py.so\n'}
[0.788506] (auv_interfaces) StdoutLine: {'line': b'-- Up-to-date symlink: /home/techsas/auv_ws/install/auv_interfaces/local/lib/python3.10/dist-packages/auv_interfaces/msg/__init__.py\n'}
[0.788659] (auv_interfaces) StdoutLine: {'line': b'-- Up-to-date symlink: /home/techsas/auv_ws/install/auv_interfaces/local/lib/python3.10/dist-packages/auv_interfaces/msg/_actuator.py\n'}
[0.788798] (auv_interfaces) StdoutLine: {'line': b'-- Up-to-date symlink: /home/techsas/auv_ws/install/auv_interfaces/local/lib/python3.10/dist-packages/auv_interfaces/msg/_actuator_s.c\n'}
[0.788965] (auv_interfaces) StdoutLine: {'line': b'-- Up-to-date symlink: /home/techsas/auv_ws/install/auv_interfaces/local/lib/python3.10/dist-packages/auv_interfaces/msg/_arduino_sensor.py\n'}
[0.789108] (auv_interfaces) StdoutLine: {'line': b'-- Up-to-date symlink: /home/techsas/auv_ws/install/auv_interfaces/local/lib/python3.10/dist-packages/auv_interfaces/msg/_arduino_sensor_s.c\n'}
[0.789267] (auv_interfaces) StdoutLine: {'line': b'-- Up-to-date symlink: /home/techsas/auv_ws/install/auv_interfaces/local/lib/python3.10/dist-packages/auv_interfaces/msg/_bounding_box.py\n'}
[0.789413] (auv_interfaces) StdoutLine: {'line': b'-- Up-to-date symlink: /home/techsas/auv_ws/install/auv_interfaces/local/lib/python3.10/dist-packages/auv_interfaces/msg/_bounding_box_s.c\n'}
[0.789576] (auv_interfaces) StdoutLine: {'line': b'-- Up-to-date symlink: /home/techsas/auv_ws/install/auv_interfaces/local/lib/python3.10/dist-packages/auv_interfaces/msg/_error.py\n'}
[0.789721] (auv_interfaces) StdoutLine: {'line': b'-- Up-to-date symlink: /home/techsas/auv_ws/install/auv_interfaces/local/lib/python3.10/dist-packages/auv_interfaces/msg/_error_s.c\n'}
[0.789879] (auv_interfaces) StdoutLine: {'line': b'-- Up-to-date symlink: /home/techsas/auv_ws/install/auv_interfaces/local/lib/python3.10/dist-packages/auv_interfaces/msg/_gerak.py\n'}
[0.790119] (auv_interfaces) StdoutLine: {'line': b'-- Up-to-date symlink: /home/techsas/auv_ws/install/auv_interfaces/local/lib/python3.10/dist-packages/auv_interfaces/msg/_gerak_s.c\n'}
[0.790275] (auv_interfaces) StdoutLine: {'line': b'-- Up-to-date symlink: /home/techsas/auv_ws/install/auv_interfaces/local/lib/python3.10/dist-packages/auv_interfaces/msg/_heading.py\n'}
[0.790428] (auv_interfaces) StdoutLine: {'line': b'-- Up-to-date symlink: /home/techsas/auv_ws/install/auv_interfaces/local/lib/python3.10/dist-packages/auv_interfaces/msg/_heading_s.c\n'}
[0.790597] (auv_interfaces) StdoutLine: {'line': b'-- Up-to-date symlink: /home/techsas/auv_ws/install/auv_interfaces/local/lib/python3.10/dist-packages/auv_interfaces/msg/_is_stable.py\n'}
[0.790751] (auv_interfaces) StdoutLine: {'line': b'-- Up-to-date symlink: /home/techsas/auv_ws/install/auv_interfaces/local/lib/python3.10/dist-packages/auv_interfaces/msg/_is_stable_s.c\n'}
[0.790912] (auv_interfaces) StdoutLine: {'line': b'-- Up-to-date symlink: /home/techsas/auv_ws/install/auv_interfaces/local/lib/python3.10/dist-packages/auv_interfaces/msg/_logging.py\n'}
[0.791058] (auv_interfaces) StdoutLine: {'line': b'-- Up-to-date symlink: /home/techsas/auv_ws/install/auv_interfaces/local/lib/python3.10/dist-packages/auv_interfaces/msg/_logging_s.c\n'}
[0.791218] (auv_interfaces) StdoutLine: {'line': b'-- Up-to-date symlink: /home/techsas/auv_ws/install/auv_interfaces/local/lib/python3.10/dist-packages/auv_interfaces/msg/_manual.py\n'}
[0.791363] (auv_interfaces) StdoutLine: {'line': b'-- Up-to-date symlink: /home/techsas/auv_ws/install/auv_interfaces/local/lib/python3.10/dist-packages/auv_interfaces/msg/_manual_s.c\n'}
[0.791522] (auv_interfaces) StdoutLine: {'line': b'-- Up-to-date symlink: /home/techsas/auv_ws/install/auv_interfaces/local/lib/python3.10/dist-packages/auv_interfaces/msg/_movement.py\n'}
[0.791674] (auv_interfaces) StdoutLine: {'line': b'-- Up-to-date symlink: /home/techsas/auv_ws/install/auv_interfaces/local/lib/python3.10/dist-packages/auv_interfaces/msg/_movement_s.c\n'}
[0.791819] (auv_interfaces) StdoutLine: {'line': b'-- Up-to-date symlink: /home/techsas/auv_ws/install/auv_interfaces/local/lib/python3.10/dist-packages/auv_interfaces/msg/_multi_pid.py\n'}
[0.791977] (auv_interfaces) StdoutLine: {'line': b'-- Up-to-date symlink: /home/techsas/auv_ws/install/auv_interfaces/local/lib/python3.10/dist-packages/auv_interfaces/msg/_multi_pid_s.c\n'}
[0.792121] (auv_interfaces) StdoutLine: {'line': b'-- Up-to-date symlink: /home/techsas/auv_ws/install/auv_interfaces/local/lib/python3.10/dist-packages/auv_interfaces/msg/_object_detection.py\n'}
[0.792267] (auv_interfaces) StdoutLine: {'line': b'-- Up-to-date symlink: /home/techsas/auv_ws/install/auv_interfaces/local/lib/python3.10/dist-packages/auv_interfaces/msg/_object_detection_s.c\n'}
[0.792429] (auv_interfaces) StdoutLine: {'line': b'-- Up-to-date symlink: /home/techsas/auv_ws/install/auv_interfaces/local/lib/python3.10/dist-packages/auv_interfaces/msg/_object_difference.py\n'}
[0.792573] (auv_interfaces) StdoutLine: {'line': b'-- Up-to-date symlink: /home/techsas/auv_ws/install/auv_interfaces/local/lib/python3.10/dist-packages/auv_interfaces/msg/_object_difference_s.c\n'}
[0.792734] (auv_interfaces) StdoutLine: {'line': b'-- Up-to-date symlink: /home/techsas/auv_ws/install/auv_interfaces/local/lib/python3.10/dist-packages/auv_interfaces/msg/_orientation.py\n'}
[0.792879] (auv_interfaces) StdoutLine: {'line': b'-- Up-to-date symlink: /home/techsas/auv_ws/install/auv_interfaces/local/lib/python3.10/dist-packages/auv_interfaces/msg/_orientation_s.c\n'}
[0.793038] (auv_interfaces) StdoutLine: {'line': b'-- Up-to-date symlink: /home/techsas/auv_ws/install/auv_interfaces/local/lib/python3.10/dist-packages/auv_interfaces/msg/_pid.py\n'}
[0.793183] (auv_interfaces) StdoutLine: {'line': b'-- Up-to-date symlink: /home/techsas/auv_ws/install/auv_interfaces/local/lib/python3.10/dist-packages/auv_interfaces/msg/_pid_s.c\n'}
[0.793340] (auv_interfaces) StdoutLine: {'line': b'-- Up-to-date symlink: /home/techsas/auv_ws/install/auv_interfaces/local/lib/python3.10/dist-packages/auv_interfaces/msg/_pid_vel.py\n'}
[0.793485] (auv_interfaces) StdoutLine: {'line': b'-- Up-to-date symlink: /home/techsas/auv_ws/install/auv_interfaces/local/lib/python3.10/dist-packages/auv_interfaces/msg/_pid_vel_s.c\n'}
[0.793646] (auv_interfaces) StdoutLine: {'line': b'-- Up-to-date symlink: /home/techsas/auv_ws/install/auv_interfaces/local/lib/python3.10/dist-packages/auv_interfaces/msg/_sensor.py\n'}
[0.793787] (auv_interfaces) StdoutLine: {'line': b'-- Up-to-date symlink: /home/techsas/auv_ws/install/auv_interfaces/local/lib/python3.10/dist-packages/auv_interfaces/msg/_sensor_s.c\n'}
[0.793983] (auv_interfaces) StdoutLine: {'line': b'-- Up-to-date symlink: /home/techsas/auv_ws/install/auv_interfaces/local/lib/python3.10/dist-packages/auv_interfaces/msg/_set_point.py\n'}
[0.794132] (auv_interfaces) StdoutLine: {'line': b'-- Up-to-date symlink: /home/techsas/auv_ws/install/auv_interfaces/local/lib/python3.10/dist-packages/auv_interfaces/msg/_set_point_s.c\n'}
[0.794522] (auv_interfaces) StdoutLine: {'line': b'-- Up-to-date symlink: /home/techsas/auv_ws/install/auv_interfaces/local/lib/python3.10/dist-packages/auv_interfaces/auv_interfaces_s__rosidl_typesupport_fastrtps_c.cpython-310-aarch64-linux-gnu.so\n'}
[0.794850] (auv_interfaces) StdoutLine: {'line': b'-- Up-to-date symlink: /home/techsas/auv_ws/install/auv_interfaces/local/lib/python3.10/dist-packages/auv_interfaces/auv_interfaces_s__rosidl_typesupport_introspection_c.cpython-310-aarch64-linux-gnu.so\n'}
[0.795178] (auv_interfaces) StdoutLine: {'line': b'-- Up-to-date symlink: /home/techsas/auv_ws/install/auv_interfaces/local/lib/python3.10/dist-packages/auv_interfaces/auv_interfaces_s__rosidl_typesupport_c.cpython-310-aarch64-linux-gnu.so\n'}
[0.795427] (auv_interfaces) StdoutLine: {'line': b'-- Up-to-date symlink: /home/techsas/auv_ws/install/auv_interfaces/share/ament_index/resource_index/rust_packages/auv_interfaces\n'}
[0.795899] (auv_interfaces) StdoutLine: {'line': b'-- Up-to-date symlink: /home/techsas/auv_ws/install/auv_interfaces/share/auv_interfaces/rust/Cargo.toml\n'}
[0.796052] (auv_interfaces) StdoutLine: {'line': b'-- Up-to-date symlink: /home/techsas/auv_ws/install/auv_interfaces/share/auv_interfaces/rust/build.rs\n'}
[0.796205] (auv_interfaces) StdoutLine: {'line': b'-- Up-to-date symlink: /home/techsas/auv_ws/install/auv_interfaces/share/auv_interfaces/rust/src/lib.rs\n'}
[0.796357] (auv_interfaces) StdoutLine: {'line': b'-- Up-to-date symlink: /home/techsas/auv_ws/install/auv_interfaces/share/auv_interfaces/rust/src/msg.rs\n'}
[0.796514] (auv_interfaces) StdoutLine: {'line': b'-- Up-to-date symlink: /home/techsas/auv_ws/install/auv_interfaces/share/auv_interfaces/rust/src/msg/rmw.rs\n'}
[0.796737] (auv_interfaces) StdoutLine: {'line': b'-- Up-to-date symlink: /home/techsas/auv_ws/install/auv_interfaces/share/auv_interfaces/msg/Actuator.idl\n'}
[0.796947] (auv_interfaces) StdoutLine: {'line': b'-- Up-to-date symlink: /home/techsas/auv_ws/install/auv_interfaces/share/auv_interfaces/msg/ArduinoSensor.idl\n'}
[0.797157] (auv_interfaces) StdoutLine: {'line': b'-- Up-to-date symlink: /home/techsas/auv_ws/install/auv_interfaces/share/auv_interfaces/msg/BoundingBox.idl\n'}
[0.797363] (auv_interfaces) StdoutLine: {'line': b'-- Up-to-date symlink: /home/techsas/auv_ws/install/auv_interfaces/share/auv_interfaces/msg/Error.idl\n'}
[0.797565] (auv_interfaces) StdoutLine: {'line': b'-- Up-to-date symlink: /home/techsas/auv_ws/install/auv_interfaces/share/auv_interfaces/msg/Gerak.idl\n'}
[0.797776] (auv_interfaces) StdoutLine: {'line': b'-- Up-to-date symlink: /home/techsas/auv_ws/install/auv_interfaces/share/auv_interfaces/msg/Heading.idl\n'}
[0.798044] (auv_interfaces) StdoutLine: {'line': b'-- Up-to-date symlink: /home/techsas/auv_ws/install/auv_interfaces/share/auv_interfaces/msg/IsStable.idl\n'}
[0.798254] (auv_interfaces) StdoutLine: {'line': b'-- Up-to-date symlink: /home/techsas/auv_ws/install/auv_interfaces/share/auv_interfaces/msg/Logging.idl\n'}
[0.798454] (auv_interfaces) StdoutLine: {'line': b'-- Up-to-date symlink: /home/techsas/auv_ws/install/auv_interfaces/share/auv_interfaces/msg/Manual.idl\n'}
[0.798653] (auv_interfaces) StdoutLine: {'line': b'-- Up-to-date symlink: /home/techsas/auv_ws/install/auv_interfaces/share/auv_interfaces/msg/Movement.idl\n'}
[0.798852] (auv_interfaces) StdoutLine: {'line': b'-- Up-to-date symlink: /home/techsas/auv_ws/install/auv_interfaces/share/auv_interfaces/msg/MultiPID.idl\n'}
[0.799053] (auv_interfaces) StdoutLine: {'line': b'-- Up-to-date symlink: /home/techsas/auv_ws/install/auv_interfaces/share/auv_interfaces/msg/ObjectDetection.idl\n'}
[0.799254] (auv_interfaces) StdoutLine: {'line': b'-- Up-to-date symlink: /home/techsas/auv_ws/install/auv_interfaces/share/auv_interfaces/msg/ObjectDifference.idl\n'}
[0.799456] (auv_interfaces) StdoutLine: {'line': b'-- Up-to-date symlink: /home/techsas/auv_ws/install/auv_interfaces/share/auv_interfaces/msg/Orientation.idl\n'}
[0.799654] (auv_interfaces) StdoutLine: {'line': b'-- Up-to-date symlink: /home/techsas/auv_ws/install/auv_interfaces/share/auv_interfaces/msg/PID.idl\n'}
[0.799850] (auv_interfaces) StdoutLine: {'line': b'-- Up-to-date symlink: /home/techsas/auv_ws/install/auv_interfaces/share/auv_interfaces/msg/PIDVel.idl\n'}
[0.800047] (auv_interfaces) StdoutLine: {'line': b'-- Up-to-date symlink: /home/techsas/auv_ws/install/auv_interfaces/share/auv_interfaces/msg/Sensor.idl\n'}
[0.800245] (auv_interfaces) StdoutLine: {'line': b'-- Up-to-date symlink: /home/techsas/auv_ws/install/auv_interfaces/share/auv_interfaces/msg/SetPoint.idl\n'}
[0.800425] (-) TimerEvent: {}
[0.801060] (auv_interfaces) StdoutLine: {'line': b'-- Up-to-date symlink: /home/techsas/auv_ws/install/auv_interfaces/share/auv_interfaces/msg/Actuator.msg\n'}
[0.801223] (auv_interfaces) StdoutLine: {'line': b'-- Up-to-date symlink: /home/techsas/auv_ws/install/auv_interfaces/share/auv_interfaces/msg/ArduinoSensor.msg\n'}
[0.801383] (auv_interfaces) StdoutLine: {'line': b'-- Up-to-date symlink: /home/techsas/auv_ws/install/auv_interfaces/share/auv_interfaces/msg/BoundingBox.msg\n'}
[0.801516] (auv_interfaces) StdoutLine: {'line': b'-- Up-to-date symlink: /home/techsas/auv_ws/install/auv_interfaces/share/auv_interfaces/msg/Error.msg\n'}
[0.801643] (auv_interfaces) StdoutLine: {'line': b'-- Up-to-date symlink: /home/techsas/auv_ws/install/auv_interfaces/share/auv_interfaces/msg/Gerak.msg\n'}
[0.801745] (auv_interfaces) StdoutLine: {'line': b'-- Up-to-date symlink: /home/techsas/auv_ws/install/auv_interfaces/share/auv_interfaces/msg/Heading.msg\n'}
[0.801864] (auv_interfaces) StdoutLine: {'line': b'-- Up-to-date symlink: /home/techsas/auv_ws/install/auv_interfaces/share/auv_interfaces/msg/IsStable.msg\n'}
[0.801982] (auv_interfaces) StdoutLine: {'line': b'-- Up-to-date symlink: /home/techsas/auv_ws/install/auv_interfaces/share/auv_interfaces/msg/Logging.msg\n'}
[0.802107] (auv_interfaces) StdoutLine: {'line': b'-- Up-to-date symlink: /home/techsas/auv_ws/install/auv_interfaces/share/auv_interfaces/msg/Manual.msg\n'}
[0.802225] (auv_interfaces) StdoutLine: {'line': b'-- Up-to-date symlink: /home/techsas/auv_ws/install/auv_interfaces/share/auv_interfaces/msg/Movement.msg\n'}
[0.802401] (auv_interfaces) StdoutLine: {'line': b'-- Up-to-date symlink: /home/techsas/auv_ws/install/auv_interfaces/share/auv_interfaces/msg/MultiPID.msg\n'}
[0.802583] (auv_interfaces) StdoutLine: {'line': b'-- Up-to-date symlink: /home/techsas/auv_ws/install/auv_interfaces/share/auv_interfaces/msg/ObjectDetection.msg\n'}
[0.802785] (auv_interfaces) StdoutLine: {'line': b'-- Up-to-date symlink: /home/techsas/auv_ws/install/auv_interfaces/share/auv_interfaces/msg/ObjectDifference.msg\n'}
[0.802967] (auv_interfaces) StdoutLine: {'line': b'-- Up-to-date symlink: /home/techsas/auv_ws/install/auv_interfaces/share/auv_interfaces/msg/Orientation.msg\n'}
[0.803153] (auv_interfaces) StdoutLine: {'line': b'-- Up-to-date symlink: /home/techsas/auv_ws/install/auv_interfaces/share/auv_interfaces/msg/PID.msg\n'}
[0.803345] (auv_interfaces) StdoutLine: {'line': b'-- Up-to-date symlink: /home/techsas/auv_ws/install/auv_interfaces/share/auv_interfaces/msg/PIDVel.msg\n'}
[0.803533] (auv_interfaces) StdoutLine: {'line': b'-- Up-to-date symlink: /home/techsas/auv_ws/install/auv_interfaces/share/auv_interfaces/msg/Sensor.msg\n'}
[0.803723] (auv_interfaces) StdoutLine: {'line': b'-- Up-to-date symlink: /home/techsas/auv_ws/install/auv_interfaces/share/auv_interfaces/msg/SetPoint.msg\n'}
[0.803943] (auv_interfaces) StdoutLine: {'line': b'-- Up-to-date symlink: /home/techsas/auv_ws/install/auv_interfaces/share/ament_index/resource_index/package_run_dependencies/auv_interfaces\n'}
[0.804160] (auv_interfaces) StdoutLine: {'line': b'-- Up-to-date symlink: /home/techsas/auv_ws/install/auv_interfaces/share/ament_index/resource_index/parent_prefix_path/auv_interfaces\n'}
[0.804380] (auv_interfaces) StdoutLine: {'line': b'-- Up-to-date symlink: /home/techsas/auv_ws/install/auv_interfaces/share/auv_interfaces/environment/ament_prefix_path.sh\n'}
[0.804575] (auv_interfaces) StdoutLine: {'line': b'-- Up-to-date symlink: /home/techsas/auv_ws/install/auv_interfaces/share/auv_interfaces/environment/ament_prefix_path.dsv\n'}
[0.804782] (auv_interfaces) StdoutLine: {'line': b'-- Up-to-date symlink: /home/techsas/auv_ws/install/auv_interfaces/share/auv_interfaces/environment/path.sh\n'}
[0.804972] (auv_interfaces) StdoutLine: {'line': b'-- Up-to-date symlink: /home/techsas/auv_ws/install/auv_interfaces/share/auv_interfaces/environment/path.dsv\n'}
[0.805167] (auv_interfaces) StdoutLine: {'line': b'-- Up-to-date symlink: /home/techsas/auv_ws/install/auv_interfaces/share/auv_interfaces/local_setup.bash\n'}
[0.805907] (auv_interfaces) StdoutLine: {'line': b'-- Up-to-date symlink: /home/techsas/auv_ws/install/auv_interfaces/share/auv_interfaces/local_setup.sh\n'}
[0.806183] (auv_interfaces) StdoutLine: {'line': b'-- Up-to-date symlink: /home/techsas/auv_ws/install/auv_interfaces/share/auv_interfaces/local_setup.zsh\n'}
[0.806293] (auv_interfaces) StdoutLine: {'line': b'-- Up-to-date symlink: /home/techsas/auv_ws/install/auv_interfaces/share/auv_interfaces/local_setup.dsv\n'}
[0.806391] (auv_interfaces) StdoutLine: {'line': b'-- Symlinking: /home/techsas/auv_ws/install/auv_interfaces/share/auv_interfaces/package.dsv\n'}
[0.821021] (auv_interfaces) StdoutLine: {'line': b'-- Up-to-date symlink: /home/techsas/auv_ws/install/auv_interfaces/share/ament_index/resource_index/packages/auv_interfaces\n'}
[0.821257] (auv_interfaces) StdoutLine: {'line': b'-- Up-to-date symlink: /home/techsas/auv_ws/install/auv_interfaces/share/auv_interfaces/cmake/rosidl_cmake-extras.cmake\n'}
[0.821413] (auv_interfaces) StdoutLine: {'line': b'-- Up-to-date symlink: /home/techsas/auv_ws/install/auv_interfaces/share/auv_interfaces/cmake/ament_cmake_export_dependencies-extras.cmake\n'}
[0.821650] (auv_interfaces) StdoutLine: {'line': b'-- Up-to-date symlink: /home/techsas/auv_ws/install/auv_interfaces/share/auv_interfaces/cmake/ament_cmake_export_include_directories-extras.cmake\n'}
[0.821862] (auv_interfaces) StdoutLine: {'line': b'-- Up-to-date symlink: /home/techsas/auv_ws/install/auv_interfaces/share/auv_interfaces/cmake/ament_cmake_export_libraries-extras.cmake\n'}
[0.822104] (auv_interfaces) StdoutLine: {'line': b'-- Up-to-date symlink: /home/techsas/auv_ws/install/auv_interfaces/share/auv_interfaces/cmake/ament_cmake_export_targets-extras.cmake\n'}
[0.822313] (auv_interfaces) StdoutLine: {'line': b'-- Up-to-date symlink: /home/techsas/auv_ws/install/auv_interfaces/share/auv_interfaces/cmake/rosidl_cmake_export_typesupport_targets-extras.cmake\n'}
[0.822514] (auv_interfaces) StdoutLine: {'line': b'-- Up-to-date symlink: /home/techsas/auv_ws/install/auv_interfaces/share/auv_interfaces/cmake/rosidl_cmake_export_typesupport_libraries-extras.cmake\n'}
[0.822727] (auv_interfaces) StdoutLine: {'line': b'-- Up-to-date symlink: /home/techsas/auv_ws/install/auv_interfaces/share/auv_interfaces/cmake/auv_interfacesConfig.cmake\n'}
[0.822897] (auv_interfaces) StdoutLine: {'line': b'-- Up-to-date symlink: /home/techsas/auv_ws/install/auv_interfaces/share/auv_interfaces/cmake/auv_interfacesConfig-version.cmake\n'}
[0.823067] (auv_interfaces) StdoutLine: {'line': b'-- Up-to-date symlink: /home/techsas/auv_ws/install/auv_interfaces/share/auv_interfaces/package.xml\n'}
[0.823453] (auv_interfaces) StdoutLine: {'line': b'-- Up-to-date: /home/techsas/auv_ws/install/auv_interfaces/lib/libauv_interfaces__rosidl_generator_c.so\n'}
[0.823841] (auv_interfaces) StdoutLine: {'line': b'-- Up-to-date: /home/techsas/auv_ws/install/auv_interfaces/lib/libauv_interfaces__rosidl_typesupport_fastrtps_c.so\n'}
[0.824196] (auv_interfaces) StdoutLine: {'line': b'-- Up-to-date: /home/techsas/auv_ws/install/auv_interfaces/lib/libauv_interfaces__rosidl_typesupport_introspection_c.so\n'}
[0.824532] (auv_interfaces) StdoutLine: {'line': b'-- Up-to-date: /home/techsas/auv_ws/install/auv_interfaces/lib/libauv_interfaces__rosidl_typesupport_c.so\n'}
[0.824873] (auv_interfaces) StdoutLine: {'line': b'-- Up-to-date: /home/techsas/auv_ws/install/auv_interfaces/lib/libauv_interfaces__rosidl_typesupport_fastrtps_cpp.so\n'}
[0.825221] (auv_interfaces) StdoutLine: {'line': b'-- Up-to-date: /home/techsas/auv_ws/install/auv_interfaces/lib/libauv_interfaces__rosidl_typesupport_introspection_cpp.so\n'}
[0.825555] (auv_interfaces) StdoutLine: {'line': b'-- Up-to-date: /home/techsas/auv_ws/install/auv_interfaces/lib/libauv_interfaces__rosidl_typesupport_cpp.so\n'}
[0.885565] (auv_interfaces) StdoutLine: {'line': b"Listing '/home/techsas/auv_ws/install/auv_interfaces/local/lib/python3.10/dist-packages/auv_interfaces'...\n"}
[0.886031] (auv_interfaces) StdoutLine: {'line': b"Listing '/home/techsas/auv_ws/install/auv_interfaces/local/lib/python3.10/dist-packages/auv_interfaces/msg'...\n"}
[0.895393] (auv_interfaces) StdoutLine: {'line': b'-- Up-to-date: /home/techsas/auv_ws/install/auv_interfaces/lib/libauv_interfaces__rosidl_generator_py.so\n'}
[0.895719] (auv_interfaces) StdoutLine: {'line': b'-- Up-to-date: /home/techsas/auv_ws/install/auv_interfaces/share/auv_interfaces/cmake/export_auv_interfaces__rosidl_generator_cExport.cmake\n'}
[0.895873] (auv_interfaces) StdoutLine: {'line': b'-- Up-to-date: /home/techsas/auv_ws/install/auv_interfaces/share/auv_interfaces/cmake/export_auv_interfaces__rosidl_generator_cExport-noconfig.cmake\n'}
[0.896014] (auv_interfaces) StdoutLine: {'line': b'-- Up-to-date: /home/techsas/auv_ws/install/auv_interfaces/share/auv_interfaces/cmake/export_auv_interfaces__rosidl_typesupport_fastrtps_cExport.cmake\n'}
[0.896149] (auv_interfaces) StdoutLine: {'line': b'-- Up-to-date: /home/techsas/auv_ws/install/auv_interfaces/share/auv_interfaces/cmake/export_auv_interfaces__rosidl_typesupport_fastrtps_cExport-noconfig.cmake\n'}
[0.896298] (auv_interfaces) StdoutLine: {'line': b'-- Up-to-date: /home/techsas/auv_ws/install/auv_interfaces/share/auv_interfaces/cmake/auv_interfaces__rosidl_typesupport_introspection_cExport.cmake\n'}
[0.896474] (auv_interfaces) StdoutLine: {'line': b'-- Up-to-date: /home/techsas/auv_ws/install/auv_interfaces/share/auv_interfaces/cmake/auv_interfaces__rosidl_typesupport_introspection_cExport-noconfig.cmake\n'}
[0.896587] (auv_interfaces) StdoutLine: {'line': b'-- Up-to-date: /home/techsas/auv_ws/install/auv_interfaces/share/auv_interfaces/cmake/auv_interfaces__rosidl_typesupport_cExport.cmake\n'}
[0.896737] (auv_interfaces) StdoutLine: {'line': b'-- Up-to-date: /home/techsas/auv_ws/install/auv_interfaces/share/auv_interfaces/cmake/auv_interfaces__rosidl_typesupport_cExport-noconfig.cmake\n'}
[0.896926] (auv_interfaces) StdoutLine: {'line': b'-- Up-to-date: /home/techsas/auv_ws/install/auv_interfaces/share/auv_interfaces/cmake/export_auv_interfaces__rosidl_generator_cppExport.cmake\n'}
[0.897086] (auv_interfaces) StdoutLine: {'line': b'-- Up-to-date: /home/techsas/auv_ws/install/auv_interfaces/share/auv_interfaces/cmake/export_auv_interfaces__rosidl_typesupport_fastrtps_cppExport.cmake\n'}
[0.897262] (auv_interfaces) StdoutLine: {'line': b'-- Up-to-date: /home/techsas/auv_ws/install/auv_interfaces/share/auv_interfaces/cmake/export_auv_interfaces__rosidl_typesupport_fastrtps_cppExport-noconfig.cmake\n'}
[0.897415] (auv_interfaces) StdoutLine: {'line': b'-- Up-to-date: /home/techsas/auv_ws/install/auv_interfaces/share/auv_interfaces/cmake/auv_interfaces__rosidl_typesupport_introspection_cppExport.cmake\n'}
[0.897567] (auv_interfaces) StdoutLine: {'line': b'-- Up-to-date: /home/techsas/auv_ws/install/auv_interfaces/share/auv_interfaces/cmake/auv_interfaces__rosidl_typesupport_introspection_cppExport-noconfig.cmake\n'}
[0.897743] (auv_interfaces) StdoutLine: {'line': b'-- Up-to-date: /home/techsas/auv_ws/install/auv_interfaces/share/auv_interfaces/cmake/auv_interfaces__rosidl_typesupport_cppExport.cmake\n'}
[0.897889] (auv_interfaces) StdoutLine: {'line': b'-- Up-to-date: /home/techsas/auv_ws/install/auv_interfaces/share/auv_interfaces/cmake/auv_interfaces__rosidl_typesupport_cppExport-noconfig.cmake\n'}
[0.898039] (auv_interfaces) StdoutLine: {'line': b'-- Up-to-date: /home/techsas/auv_ws/install/auv_interfaces/share/auv_interfaces/cmake/export_auv_interfaces__rosidl_generator_pyExport.cmake\n'}
[0.898163] (auv_interfaces) StdoutLine: {'line': b'-- Up-to-date: /home/techsas/auv_ws/install/auv_interfaces/share/auv_interfaces/cmake/export_auv_interfaces__rosidl_generator_pyExport-noconfig.cmake\n'}
[0.900514] (-) TimerEvent: {}
[0.902959] (auv_interfaces) CommandEnded: {'returncode': 0}
[0.974688] (auv_interfaces) JobEnded: {'identifier': 'auv_interfaces', 'rc': 0}
[0.977400] (auv_pkg) JobStarted: {'identifier': 'auv_pkg'}
[1.000678] (-) TimerEvent: {}
[1.101299] (-) TimerEvent: {}
[1.201860] (-) TimerEvent: {}
[1.302432] (-) TimerEvent: {}
[1.402988] (-) TimerEvent: {}
[1.479667] (auv_rov) Command: {'cmd': ['/usr/bin/python3', '-W', 'ignore:setup.py install is deprecated', '-W', 'ignore:easy_install command is deprecated', 'setup.py', 'develop', '--editable', '--build-directory', '/home/techsas/auv_ws/build/auv_rov/build', '--no-deps', 'symlink_data'], 'cwd': '/home/techsas/auv_ws/build/auv_rov', 'env': {'LESSOPEN': '| /usr/bin/lesspipe %s', 'USER': 'techsas', 'SSH_CLIENT': '192.168.2.2 55802 22', 'LC_TIME': 'id_ID.UTF-8', 'XDG_SESSION_TYPE': 'tty', 'GIT_ASKPASS': '/home/techsas/.antigravity-server/bin/1.23.2-15487b3041e65228cae24980a3f796c905ef582c/extensions/git/dist/askpass.sh', 'SHLVL': '1', 'LD_LIBRARY_PATH': '/usr/local/lib:/usr/local/cuda-12.6/lib64:/usr/local/lib:/home/techsas/auv_ws/install/auv_interfaces/lib:/home/techsas/microros_ws/install/micro_ros_agent/lib:/home/techsas/microros_ws/install/micro_ros_msgs/lib:/opt/ros/humble/opt/rviz_ogre_vendor/lib:/opt/ros/humble/lib/aarch64-linux-gnu:/opt/ros/humble/lib:/usr/local/cuda-12.6/lib64:', 'BROWSER': '/home/techsas/.antigravity-server/bin/1.23.2-15487b3041e65228cae24980a3f796c905ef582c/bin/helpers/browser.sh', 'ANTIGRAVITY_CLI_ALIAS': 'agy', 'MOTD_SHOWN': 'pam', 'HOME': '/home/techsas', 'OLDPWD': '/home/techsas/auv_ws/src/auv_rov', 'TERM_PROGRAM_VERSION': '1.107.0', 'VSCODE_IPC_HOOK_CLI': '/run/user/1000/vscode-ipc-f38ae8e5-aa41-4bdc-8e0c-b420aae207c9.sock', 'JETSON_L4T': '36.4.7', 'ROS_PYTHON_VERSION': '3', 'JETSON_MODEL': 'NVIDIA Jetson Orin NX Engineering Reference Developer Kit', 'PAGER': 'cat', 'VSCODE_GIT_ASKPASS_MAIN': '/home/techsas/.antigravity-server/bin/1.23.2-15487b3041e65228cae24980a3f796c905ef582c/extensions/git/dist/askpass-main.js', 'LC_MONETARY': 'id_ID.UTF-8', 'VSCODE_GIT_ASKPASS_NODE': '/home/techsas/.antigravity-server/bin/1.23.2-15487b3041e65228cae24980a3f796c905ef582c/node', 'VSCODE_PYTHON_AUTOACTIVATE_GUARD': '1', 'DBUS_SESSION_BUS_ADDRESS': 'unix:path=/run/user/1000/bus', 'COLORTERM': 'truecolor', 'ANTIGRAVITY_AGENT': '1', 'COLCON_PREFIX_PATH': '/home/techsas/microros_ws/install:/home/techsas/auv_ws/install', 'ROS_DISTRO': 'humble', 'LOGNAME': 'techsas', 'JETSON_MODULE': 'NVIDIA Jetson Orin NX (16GB ram)', 'JETSON_SERIAL_NUMBER': '1420424252884', '_': '/usr/bin/colcon', 'ROS_VERSION': '2', 'XDG_SESSION_CLASS': 'user', 'TERM': 'xterm-256color', 'XDG_SESSION_ID': '4', 'ROS_LOCALHOST_ONLY': '0', 'PATH': '/usr/local/cuda-12.6/bin:/home/techsas/.antigravity-server/bin/1.23.2-15487b3041e65228cae24980a3f796c905ef582c/bin/remote-cli:/home/techsas/.local/bin:/opt/ros/humble/bin:/usr/local/cuda-12.6/bin:/usr/local/sbin:/usr/local/bin:/usr/sbin:/usr/bin:/sbin:/bin:/usr/games:/usr/local/games:/snap/bin', 'LC_ADDRESS': 'id_ID.UTF-8', 'XDG_RUNTIME_DIR': '/run/user/1000', 'LANG': 'en_US.UTF-8', 'LC_TELEPHONE': 'id_ID.UTF-8', 'LS_COLORS': 'rs=0:di=01;34:ln=01;36:mh=00:pi=40;33:so=01;35:do=01;35:bd=40;33;01:cd=40;33;01:or=40;31;01:mi=00:su=37;41:sg=30;43:ca=30;41:tw=30;42:ow=34;42:st=37;44:ex=01;32:*.tar=01;31:*.tgz=01;31:*.arc=01;31:*.arj=01;31:*.taz=01;31:*.lha=01;31:*.lz4=01;31:*.lzh=01;31:*.lzma=01;31:*.tlz=01;31:*.txz=01;31:*.tzo=01;31:*.t7z=01;31:*.zip=01;31:*.z=01;31:*.dz=01;31:*.gz=01;31:*.lrz=01;31:*.lz=01;31:*.lzo=01;31:*.xz=01;31:*.zst=01;31:*.tzst=01;31:*.bz2=01;31:*.bz=01;31:*.tbz=01;31:*.tbz2=01;31:*.tz=01;31:*.deb=01;31:*.rpm=01;31:*.jar=01;31:*.war=01;31:*.ear=01;31:*.sar=01;31:*.rar=01;31:*.alz=01;31:*.ace=01;31:*.zoo=01;31:*.cpio=01;31:*.7z=01;31:*.rz=01;31:*.cab=01;31:*.wim=01;31:*.swm=01;31:*.dwm=01;31:*.esd=01;31:*.jpg=01;35:*.jpeg=01;35:*.mjpg=01;35:*.mjpeg=01;35:*.gif=01;35:*.bmp=01;35:*.pbm=01;35:*.pgm=01;35:*.ppm=01;35:*.tga=01;35:*.xbm=01;35:*.xpm=01;35:*.tif=01;35:*.tiff=01;35:*.png=01;35:*.svg=01;35:*.svgz=01;35:*.mng=01;35:*.pcx=01;35:*.mov=01;35:*.mpg=01;35:*.mpeg=01;35:*.m2v=01;35:*.mkv=01;35:*.webm=01;35:*.webp=01;35:*.ogm=01;35:*.mp4=01;35:*.m4v=01;35:*.mp4v=01;35:*.vob=01;35:*.qt=01;35:*.nuv=01;35:*.wmv=01;35:*.asf=01;35:*.rm=01;35:*.rmvb=01;35:*.flc=01;35:*.avi=01;35:*.fli=01;35:*.flv=01;35:*.gl=01;35:*.dl=01;35:*.xcf=01;35:*.xwd=01;35:*.yuv=01;35:*.cgm=01;35:*.emf=01;35:*.ogv=01;35:*.ogx=01;35:*.aac=00;36:*.au=00;36:*.flac=00;36:*.m4a=00;36:*.mid=00;36:*.midi=00;36:*.mka=00;36:*.mp3=00;36:*.mpc=00;36:*.ogg=00;36:*.ra=00;36:*.wav=00;36:*.oga=00;36:*.opus=00;36:*.spx=00;36:*.xspf=00;36:', 'JETSON_SOC': 'tegra234', 'VSCODE_GIT_IPC_HANDLE': '/run/user/1000/vscode-git-5f1c2c4ac7.sock', 'TERM_PROGRAM': 'vscode', 'SSH_AUTH_SOCK': '/tmp/.antigravity-server/.15487b3041e65228cae24980a3f796c905ef582c-ssh-auth.sock', 'AMENT_PREFIX_PATH': '/home/techsas/auv_ws/install/auv_pkg:/home/techsas/auv_ws/install/auv_interfaces:/home/techsas/microros_ws/install/micro_ros_setup:/home/techsas/microros_ws/install/micro_ros_agent:/home/techsas/microros_ws/install/micro_ros_msgs:/opt/ros/humble', 'SHELL': '/bin/bash', 'LC_NAME': 'id_ID.UTF-8', 'LESSCLOSE': '/usr/bin/lesspipe %s %s', 'LC_MEASUREMENT': 'id_ID.UTF-8', 'LC_IDENTIFICATION': 'id_ID.UTF-8', 'VSCODE_GIT_ASKPASS_EXTRA_ARGS': '', 'JETSON_CUDA_ARCH_BIN': '8.7', 'PWD': '/home/techsas/auv_ws/build/auv_rov', 'LC_ALL': 'en_US.UTF-8', 'SSH_CONNECTION': '192.168.2.2 55802 192.168.2.1 22', 'XDG_DATA_DIRS': '/usr/share/gnome:/usr/local/share:/usr/share:/var/lib/snapd/desktop', 'PYTHONPATH': '/home/techsas/auv_ws/build/auv_rov/prefix_override:/usr/lib/python3/dist-packages/colcon_core/task/python/colcon_distutils_commands:/home/techsas/auv_ws/install/auv_rov/lib/python3.10/site-packages:/usr/local/lib/python3.10/dist-packages/:/usr/local/lib/python3.10/dist-packages/:/home/techsas/auv_ws/build/auv_pkg:/home/techsas/auv_ws/install/auv_pkg/lib/python3.10/site-packages:/home/techsas/auv_ws/install/auv_interfaces/local/lib/python3.10/dist-packages:/home/techsas/microros_ws/install/micro_ros_msgs/local/lib/python3.10/dist-packages:/opt/ros/humble/lib/python3.10/site-packages:/opt/ros/humble/local/lib/python3.10/dist-packages', 'LC_NUMERIC': 'id_ID.UTF-8', 'LC_PAPER': 'id_ID.UTF-8', 'COLCON': '1', 'JETSON_JETPACK': '', 'CMAKE_PREFIX_PATH': '/home/techsas/auv_ws/install/auv_interfaces:/home/techsas/microros_ws/install/micro_ros_setup:/home/techsas/microros_ws/install/micro_ros_agent:/home/techsas/microros_ws/install/micro_ros_msgs', 'JETSON_P_NUMBER': 'p3767-0000'}, 'shell': False}
[1.503130] (-) TimerEvent: {}
[1.603702] (-) TimerEvent: {}
[1.704274] (-) TimerEvent: {}
[1.804857] (-) TimerEvent: {}
[1.905432] (-) TimerEvent: {}
[1.936748] (auv_rov) StdoutLine: {'line': b'running develop\n'}
[2.005554] (-) TimerEvent: {}
[2.067179] (auv_pkg) Command: {'cmd': ['/usr/bin/python3', '-W', 'ignore:setup.py install is deprecated', '-W', 'ignore:easy_install command is deprecated', 'setup.py', 'develop', '--editable', '--build-directory', '/home/techsas/auv_ws/build/auv_pkg/build', '--no-deps', 'symlink_data'], 'cwd': '/home/techsas/auv_ws/build/auv_pkg', 'env': {'LESSOPEN': '| /usr/bin/lesspipe %s', 'USER': 'techsas', 'SSH_CLIENT': '192.168.2.2 55802 22', 'LC_TIME': 'id_ID.UTF-8', 'XDG_SESSION_TYPE': 'tty', 'GIT_ASKPASS': '/home/techsas/.antigravity-server/bin/1.23.2-15487b3041e65228cae24980a3f796c905ef582c/extensions/git/dist/askpass.sh', 'SHLVL': '1', 'LD_LIBRARY_PATH': '/home/techsas/auv_ws/install/auv_interfaces/lib:/usr/local/lib:/usr/local/cuda-12.6/lib64:/usr/local/lib:/home/techsas/microros_ws/install/micro_ros_agent/lib:/home/techsas/microros_ws/install/micro_ros_msgs/lib:/opt/ros/humble/opt/rviz_ogre_vendor/lib:/opt/ros/humble/lib/aarch64-linux-gnu:/opt/ros/humble/lib:/usr/local/cuda-12.6/lib64', 'BROWSER': '/home/techsas/.antigravity-server/bin/1.23.2-15487b3041e65228cae24980a3f796c905ef582c/bin/helpers/browser.sh', 'ANTIGRAVITY_CLI_ALIAS': 'agy', 'MOTD_SHOWN': 'pam', 'HOME': '/home/techsas', 'OLDPWD': '/home/techsas/auv_ws/src/auv_rov', 'TERM_PROGRAM_VERSION': '1.107.0', 'VSCODE_IPC_HOOK_CLI': '/run/user/1000/vscode-ipc-f38ae8e5-aa41-4bdc-8e0c-b420aae207c9.sock', 'JETSON_L4T': '36.4.7', 'ROS_PYTHON_VERSION': '3', 'JETSON_MODEL': 'NVIDIA Jetson Orin NX Engineering Reference Developer Kit', 'PAGER': 'cat', 'VSCODE_GIT_ASKPASS_MAIN': '/home/techsas/.antigravity-server/bin/1.23.2-15487b3041e65228cae24980a3f796c905ef582c/extensions/git/dist/askpass-main.js', 'LC_MONETARY': 'id_ID.UTF-8', 'VSCODE_GIT_ASKPASS_NODE': '/home/techsas/.antigravity-server/bin/1.23.2-15487b3041e65228cae24980a3f796c905ef582c/node', 'VSCODE_PYTHON_AUTOACTIVATE_GUARD': '1', 'DBUS_SESSION_BUS_ADDRESS': 'unix:path=/run/user/1000/bus', 'COLORTERM': 'truecolor', 'ANTIGRAVITY_AGENT': '1', 'COLCON_PREFIX_PATH': '/home/techsas/microros_ws/install:/home/techsas/auv_ws/install', 'ROS_DISTRO': 'humble', 'LOGNAME': 'techsas', 'JETSON_MODULE': 'NVIDIA Jetson Orin NX (16GB ram)', 'JETSON_SERIAL_NUMBER': '1420424252884', '_': '/usr/bin/colcon', 'ROS_VERSION': '2', 'XDG_SESSION_CLASS': 'user', 'TERM': 'xterm-256color', 'XDG_SESSION_ID': '4', 'ROS_LOCALHOST_ONLY': '0', 'PATH': '/usr/local/cuda-12.6/bin:/home/techsas/.antigravity-server/bin/1.23.2-15487b3041e65228cae24980a3f796c905ef582c/bin/remote-cli:/home/techsas/.local/bin:/opt/ros/humble/bin:/usr/local/cuda-12.6/bin:/usr/local/sbin:/usr/local/bin:/usr/sbin:/usr/bin:/sbin:/bin:/usr/games:/usr/local/games:/snap/bin', 'LC_ADDRESS': 'id_ID.UTF-8', 'XDG_RUNTIME_DIR': '/run/user/1000', 'LANG': 'en_US.UTF-8', 'LC_TELEPHONE': 'id_ID.UTF-8', 'LS_COLORS': 'rs=0:di=01;34:ln=01;36:mh=00:pi=40;33:so=01;35:do=01;35:bd=40;33;01:cd=40;33;01:or=40;31;01:mi=00:su=37;41:sg=30;43:ca=30;41:tw=30;42:ow=34;42:st=37;44:ex=01;32:*.tar=01;31:*.tgz=01;31:*.arc=01;31:*.arj=01;31:*.taz=01;31:*.lha=01;31:*.lz4=01;31:*.lzh=01;31:*.lzma=01;31:*.tlz=01;31:*.txz=01;31:*.tzo=01;31:*.t7z=01;31:*.zip=01;31:*.z=01;31:*.dz=01;31:*.gz=01;31:*.lrz=01;31:*.lz=01;31:*.lzo=01;31:*.xz=01;31:*.zst=01;31:*.tzst=01;31:*.bz2=01;31:*.bz=01;31:*.tbz=01;31:*.tbz2=01;31:*.tz=01;31:*.deb=01;31:*.rpm=01;31:*.jar=01;31:*.war=01;31:*.ear=01;31:*.sar=01;31:*.rar=01;31:*.alz=01;31:*.ace=01;31:*.zoo=01;31:*.cpio=01;31:*.7z=01;31:*.rz=01;31:*.cab=01;31:*.wim=01;31:*.swm=01;31:*.dwm=01;31:*.esd=01;31:*.jpg=01;35:*.jpeg=01;35:*.mjpg=01;35:*.mjpeg=01;35:*.gif=01;35:*.bmp=01;35:*.pbm=01;35:*.pgm=01;35:*.ppm=01;35:*.tga=01;35:*.xbm=01;35:*.xpm=01;35:*.tif=01;35:*.tiff=01;35:*.png=01;35:*.svg=01;35:*.svgz=01;35:*.mng=01;35:*.pcx=01;35:*.mov=01;35:*.mpg=01;35:*.mpeg=01;35:*.m2v=01;35:*.mkv=01;35:*.webm=01;35:*.webp=01;35:*.ogm=01;35:*.mp4=01;35:*.m4v=01;35:*.mp4v=01;35:*.vob=01;35:*.qt=01;35:*.nuv=01;35:*.wmv=01;35:*.asf=01;35:*.rm=01;35:*.rmvb=01;35:*.flc=01;35:*.avi=01;35:*.fli=01;35:*.flv=01;35:*.gl=01;35:*.dl=01;35:*.xcf=01;35:*.xwd=01;35:*.yuv=01;35:*.cgm=01;35:*.emf=01;35:*.ogv=01;35:*.ogx=01;35:*.aac=00;36:*.au=00;36:*.flac=00;36:*.m4a=00;36:*.mid=00;36:*.midi=00;36:*.mka=00;36:*.mp3=00;36:*.mpc=00;36:*.ogg=00;36:*.ra=00;36:*.wav=00;36:*.oga=00;36:*.opus=00;36:*.spx=00;36:*.xspf=00;36:', 'JETSON_SOC': 'tegra234', 'VSCODE_GIT_IPC_HANDLE': '/run/user/1000/vscode-git-5f1c2c4ac7.sock', 'TERM_PROGRAM': 'vscode', 'SSH_AUTH_SOCK': '/tmp/.antigravity-server/.15487b3041e65228cae24980a3f796c905ef582c-ssh-auth.sock', 'AMENT_PREFIX_PATH': '/home/techsas/auv_ws/install/auv_pkg:/home/techsas/auv_ws/install/auv_interfaces:/home/techsas/microros_ws/install/micro_ros_setup:/home/techsas/microros_ws/install/micro_ros_agent:/home/techsas/microros_ws/install/micro_ros_msgs:/opt/ros/humble', 'SHELL': '/bin/bash', 'LC_NAME': 'id_ID.UTF-8', 'LESSCLOSE': '/usr/bin/lesspipe %s %s', 'LC_MEASUREMENT': 'id_ID.UTF-8', 'LC_IDENTIFICATION': 'id_ID.UTF-8', 'VSCODE_GIT_ASKPASS_EXTRA_ARGS': '', 'JETSON_CUDA_ARCH_BIN': '8.7', 'PWD': '/home/techsas/auv_ws/build/auv_pkg', 'LC_ALL': 'en_US.UTF-8', 'SSH_CONNECTION': '192.168.2.2 55802 192.168.2.1 22', 'XDG_DATA_DIRS': '/usr/share/gnome:/usr/local/share:/usr/share:/var/lib/snapd/desktop', 'PYTHONPATH': '/home/techsas/auv_ws/build/auv_pkg/prefix_override:/usr/lib/python3/dist-packages/colcon_core/task/python/colcon_distutils_commands:/home/techsas/auv_ws/install/auv_pkg/lib/python3.10/site-packages:/usr/local/lib/python3.10/dist-packages/:/usr/local/lib/python3.10/dist-packages/:/home/techsas/auv_ws/build/auv_pkg:/home/techsas/auv_ws/install/auv_pkg/lib/python3.10/site-packages:/home/techsas/auv_ws/install/auv_interfaces/local/lib/python3.10/dist-packages:/home/techsas/microros_ws/install/micro_ros_msgs/local/lib/python3.10/dist-packages:/opt/ros/humble/lib/python3.10/site-packages:/opt/ros/humble/local/lib/python3.10/dist-packages', 'LC_NUMERIC': 'id_ID.UTF-8', 'LC_PAPER': 'id_ID.UTF-8', 'COLCON': '1', 'JETSON_JETPACK': '', 'CMAKE_PREFIX_PATH': '/home/techsas/auv_ws/install/auv_interfaces:/home/techsas/microros_ws/install/micro_ros_setup:/home/techsas/microros_ws/install/micro_ros_agent:/home/techsas/microros_ws/install/micro_ros_msgs', 'JETSON_P_NUMBER': 'p3767-0000'}, 'shell': False}
[2.105704] (-) TimerEvent: {}
[2.206294] (-) TimerEvent: {}
[2.232984] (auv_rov) StdoutLine: {'line': b'running egg_info\n'}
[2.233422] (auv_rov) StdoutLine: {'line': b'writing auv_rov.egg-info/PKG-INFO\n'}
[2.233880] (auv_rov) StdoutLine: {'line': b'writing dependency_links to auv_rov.egg-info/dependency_links.txt\n'}
[2.234270] (auv_rov) StdoutLine: {'line': b'writing entry points to auv_rov.egg-info/entry_points.txt\n'}
[2.234534] (auv_rov) StdoutLine: {'line': b'writing requirements to auv_rov.egg-info/requires.txt\n'}
[2.234794] (auv_rov) StdoutLine: {'line': b'writing top-level names to auv_rov.egg-info/top_level.txt\n'}
[2.237995] (auv_rov) StdoutLine: {'line': b"reading manifest file 'auv_rov.egg-info/SOURCES.txt'\n"}
[2.239051] (auv_rov) StdoutLine: {'line': b"writing manifest file 'auv_rov.egg-info/SOURCES.txt'\n"}
[2.241805] (auv_rov) StdoutLine: {'line': b'running build_ext\n'}
[2.242170] (auv_rov) StdoutLine: {'line': b'Creating /home/techsas/auv_ws/install/auv_rov/lib/python3.10/site-packages/auv-rov.egg-link (link to .)\n'}
[2.244005] (auv_rov) StdoutLine: {'line': b'\n'}
[2.244256] (auv_rov) StdoutLine: {'line': b'Installed /home/techsas/auv_ws/build/auv_rov\n'}
[2.244378] (auv_rov) StdoutLine: {'line': b'running symlink_data\n'}
[2.306444] (-) TimerEvent: {}
[2.325791] (auv_rov) CommandEnded: {'returncode': 0}
[2.340362] (auv_rov) JobEnded: {'identifier': 'auv_rov', 'rc': 0}
[2.406629] (-) TimerEvent: {}
[2.507363] (-) TimerEvent: {}
[2.523982] (auv_pkg) StdoutLine: {'line': b'running develop\n'}
[2.607502] (-) TimerEvent: {}
[2.708165] (-) TimerEvent: {}
[2.808847] (-) TimerEvent: {}
[2.817523] (auv_pkg) StdoutLine: {'line': b'running egg_info\n'}
[2.818123] (auv_pkg) StdoutLine: {'line': b'writing auv_pkg.egg-info/PKG-INFO\n'}
[2.818492] (auv_pkg) StdoutLine: {'line': b'writing dependency_links to auv_pkg.egg-info/dependency_links.txt\n'}
[2.818826] (auv_pkg) StdoutLine: {'line': b'writing entry points to auv_pkg.egg-info/entry_points.txt\n'}
[2.819186] (auv_pkg) StdoutLine: {'line': b'writing requirements to auv_pkg.egg-info/requires.txt\n'}
[2.819448] (auv_pkg) StdoutLine: {'line': b'writing top-level names to auv_pkg.egg-info/top_level.txt\n'}
[2.822479] (auv_pkg) StdoutLine: {'line': b"reading manifest file 'auv_pkg.egg-info/SOURCES.txt'\n"}
[2.824009] (auv_pkg) StdoutLine: {'line': b"writing manifest file 'auv_pkg.egg-info/SOURCES.txt'\n"}
[2.826333] (auv_pkg) StdoutLine: {'line': b'running build_ext\n'}
[2.826698] (auv_pkg) StdoutLine: {'line': b'Creating /home/techsas/auv_ws/install/auv_pkg/lib/python3.10/site-packages/auv-pkg.egg-link (link to .)\n'}
[2.828369] (auv_pkg) StdoutLine: {'line': b'Installing accumulator script to /home/techsas/auv_ws/install/auv_pkg/lib/auv_pkg\n'}
[2.828705] (auv_pkg) StdoutLine: {'line': b'Installing accumulator_fadhil script to /home/techsas/auv_ws/install/auv_pkg/lib/auv_pkg\n'}
[2.829008] (auv_pkg) StdoutLine: {'line': b'Installing accumulator_new script to /home/techsas/auv_ws/install/auv_pkg/lib/auv_pkg\n'}
[2.829317] (auv_pkg) StdoutLine: {'line': b'Installing bucket_detection script to /home/techsas/auv_ws/install/auv_pkg/lib/auv_pkg\n'}
[2.829651] (auv_pkg) StdoutLine: {'line': b'Installing gui_timer script to /home/techsas/auv_ws/install/auv_pkg/lib/auv_pkg\n'}
[2.829993] (auv_pkg) StdoutLine: {'line': b'Installing guidance_flag1 script to /home/techsas/auv_ws/install/auv_pkg/lib/auv_pkg\n'}
[2.830311] (auv_pkg) StdoutLine: {'line': b'Installing guidance_flag2 script to /home/techsas/auv_ws/install/auv_pkg/lib/auv_pkg\n'}
[2.830614] (auv_pkg) StdoutLine: {'line': b'Installing guidance_flag3 script to /home/techsas/auv_ws/install/auv_pkg/lib/auv_pkg\n'}
[2.830853] (auv_pkg) StdoutLine: {'line': b'Installing guidance_flare_gate script to /home/techsas/auv_ws/install/auv_pkg/lib/auv_pkg\n'}
[2.831141] (auv_pkg) StdoutLine: {'line': b'Installing guidance_full_reynard script to /home/techsas/auv_ws/install/auv_pkg/lib/auv_pkg\n'}
[2.831472] (auv_pkg) StdoutLine: {'line': b'Installing guidance_full_reynard_v2 script to /home/techsas/auv_ws/install/auv_pkg/lib/auv_pkg\n'}
[2.831792] (auv_pkg) StdoutLine: {'line': b'Installing guidance_mission script to /home/techsas/auv_ws/install/auv_pkg/lib/auv_pkg\n'}
[2.832086] (auv_pkg) StdoutLine: {'line': b'Installing guidance_new script to /home/techsas/auv_ws/install/auv_pkg/lib/auv_pkg\n'}
[2.832410] (auv_pkg) StdoutLine: {'line': b'Installing guidance_orange_gate_bucket script to /home/techsas/auv_ws/install/auv_pkg/lib/auv_pkg\n'}
[2.832741] (auv_pkg) StdoutLine: {'line': b'Installing guidance_sauvc_fadhil script to /home/techsas/auv_ws/install/auv_pkg/lib/auv_pkg\n'}
[2.833065] (auv_pkg) StdoutLine: {'line': b'Installing guidance_sauvc_qualification script to /home/techsas/auv_ws/install/auv_pkg/lib/auv_pkg\n'}
[2.833357] (auv_pkg) StdoutLine: {'line': b'Installing guidance_teensy script to /home/techsas/auv_ws/install/auv_pkg/lib/auv_pkg\n'}
[2.833675] (auv_pkg) StdoutLine: {'line': b'Installing map_sauvc script to /home/techsas/auv_ws/install/auv_pkg/lib/auv_pkg\n'}
[2.834036] (auv_pkg) StdoutLine: {'line': b'Installing object_detection script to /home/techsas/auv_ws/install/auv_pkg/lib/auv_pkg\n'}
[2.834331] (auv_pkg) StdoutLine: {'line': b'Installing object_detection_new script to /home/techsas/auv_ws/install/auv_pkg/lib/auv_pkg\n'}
[2.834670] (auv_pkg) StdoutLine: {'line': b'Installing pid_logger_pub script to /home/techsas/auv_ws/install/auv_pkg/lib/auv_pkg\n'}
[2.834910] (auv_pkg) StdoutLine: {'line': b'Installing pub_teensy script to /home/techsas/auv_ws/install/auv_pkg/lib/auv_pkg\n'}
[2.835141] (auv_pkg) StdoutLine: {'line': b'Installing pub_teensy_serial_simple script to /home/techsas/auv_ws/install/auv_pkg/lib/auv_pkg\n'}
[2.835367] (auv_pkg) StdoutLine: {'line': b'Installing pub_yaw_only script to /home/techsas/auv_ws/install/auv_pkg/lib/auv_pkg\n'}
[2.835593] (auv_pkg) StdoutLine: {'line': b'Installing serial_monitoring_safety script to /home/techsas/auv_ws/install/auv_pkg/lib/auv_pkg\n'}
[2.835816] (auv_pkg) StdoutLine: {'line': b'Installing serial_monitoring_safety_and_bucket script to /home/techsas/auv_ws/install/auv_pkg/lib/auv_pkg\n'}
[2.836045] (auv_pkg) StdoutLine: {'line': b'Installing tes_gui script to /home/techsas/auv_ws/install/auv_pkg/lib/auv_pkg\n'}
[2.836302] (auv_pkg) StdoutLine: {'line': b'Installing tes_yaw_diff script to /home/techsas/auv_ws/install/auv_pkg/lib/auv_pkg\n'}
[2.836531] (auv_pkg) StdoutLine: {'line': b'Installing test_node script to /home/techsas/auv_ws/install/auv_pkg/lib/auv_pkg\n'}
[2.836754] (auv_pkg) StdoutLine: {'line': b'\n'}
[2.836978] (auv_pkg) StdoutLine: {'line': b'Installed /home/techsas/auv_ws/build/auv_pkg\n'}
[2.837226] (auv_pkg) StdoutLine: {'line': b'running symlink_data\n'}
[2.907733] (auv_pkg) CommandEnded: {'returncode': 0}
[2.910039] (-) TimerEvent: {}
[2.930104] (auv_pkg) JobEnded: {'identifier': 'auv_pkg', 'rc': 0}
[2.932600] (-) EventReactorShutdown: {}
