[0.000000] (-) TimerEvent: {}
[0.001000] (auv_interfaces) JobQueued: {'identifier': 'auv_interfaces', 'dependencies': OrderedDict()}
[0.001249] (auv_rov) JobQueued: {'identifier': 'auv_rov', 'dependencies': OrderedDict()}
[0.001457] (auv_pkg) JobQueued: {'identifier': 'auv_pkg', 'dependencies': OrderedDict([('auv_interfaces', '/home/techsas/auv_ws/install/auv_interfaces')])}
[0.001639] (auv_interfaces) JobStarted: {'identifier': 'auv_interfaces'}
[0.011746] (auv_rov) JobStarted: {'identifier': 'auv_rov'}
[0.022668] (auv_interfaces) JobProgress: {'identifier': 'auv_interfaces', 'progress': 'cmake'}
[0.023784] (auv_interfaces) JobProgress: {'identifier': 'auv_interfaces', 'progress': 'build'}
[0.024897] (auv_interfaces) Command: {'cmd': ['/usr/bin/cmake', '--build', '/home/techsas/auv_ws/build/auv_interfaces', '--', '-j8', '-l8'], 'cwd': '/home/techsas/auv_ws/build/auv_interfaces', 'env': OrderedDict([('LESSOPEN', '| /usr/bin/lesspipe %s'), ('USER', 'techsas'), ('SSH_CLIENT', '192.168.2.2 55802 22'), ('LC_TIME', 'id_ID.UTF-8'), ('XDG_SESSION_TYPE', 'tty'), ('GIT_ASKPASS', '/home/techsas/.antigravity-server/bin/1.23.2-15487b3041e65228cae24980a3f796c905ef582c/extensions/git/dist/askpass.sh'), ('SHLVL', '1'), ('LD_LIBRARY_PATH', '/usr/local/lib:/usr/local/cuda-12.6/lib64:/usr/local/lib:/home/techsas/auv_ws/install/auv_interfaces/lib:/home/techsas/microros_ws/install/micro_ros_agent/lib:/home/techsas/microros_ws/install/micro_ros_msgs/lib:/opt/ros/humble/opt/rviz_ogre_vendor/lib:/opt/ros/humble/lib/aarch64-linux-gnu:/opt/ros/humble/lib:/usr/local/cuda-12.6/lib64:'), ('BROWSER', '/home/techsas/.antigravity-server/bin/1.23.2-15487b3041e65228cae24980a3f796c905ef582c/bin/helpers/browser.sh'), ('ANTIGRAVITY_CLI_ALIAS', 'agy'), ('MOTD_SHOWN', 'pam'), ('HOME', '/home/techsas'), ('OLDPWD', '/home/techsas/auv_ws/src/auv_rov'), ('TERM_PROGRAM_VERSION', '1.107.0'), ('VSCODE_IPC_HOOK_CLI', '/run/user/1000/vscode-ipc-f38ae8e5-aa41-4bdc-8e0c-b420aae207c9.sock'), ('JETSON_L4T', '36.4.7'), ('ROS_PYTHON_VERSION', '3'), ('JETSON_MODEL', 'NVIDIA Jetson Orin NX Engineering Reference Developer Kit'), ('PAGER', 'cat'), ('VSCODE_GIT_ASKPASS_MAIN', '/home/techsas/.antigravity-server/bin/1.23.2-15487b3041e65228cae24980a3f796c905ef582c/extensions/git/dist/askpass-main.js'), ('LC_MONETARY', 'id_ID.UTF-8'), ('VSCODE_GIT_ASKPASS_NODE', '/home/techsas/.antigravity-server/bin/1.23.2-15487b3041e65228cae24980a3f796c905ef582c/node'), ('VSCODE_PYTHON_AUTOACTIVATE_GUARD', '1'), ('DBUS_SESSION_BUS_ADDRESS', 'unix:path=/run/user/1000/bus'), ('COLORTERM', 'truecolor'), ('ANTIGRAVITY_AGENT', '1'), ('COLCON_PREFIX_PATH', '/home/techsas/microros_ws/install:/home/techsas/auv_ws/install'), ('ROS_DISTRO', 'humble'), ('LOGNAME', 'techsas'), ('JETSON_MODULE', 'NVIDIA Jetson Orin NX (16GB ram)'), ('JETSON_SERIAL_NUMBER', '1420424252884'), ('_', '/usr/bin/colcon'), ('ROS_VERSION', '2'), ('XDG_SESSION_CLASS', 'user'), ('TERM', 'xterm-256color'), ('XDG_SESSION_ID', '4'), ('ROS_LOCALHOST_ONLY', '0'), ('PATH', '/usr/local/cuda-12.6/bin:/home/techsas/.antigravity-server/bin/1.23.2-15487b3041e65228cae24980a3f796c905ef582c/bin/remote-cli:/home/techsas/.local/bin:/opt/ros/humble/bin:/usr/local/cuda-12.6/bin:/usr/local/sbin:/usr/local/bin:/usr/sbin:/usr/bin:/sbin:/bin:/usr/games:/usr/local/games:/snap/bin'), ('LC_ADDRESS', 'id_ID.UTF-8'), ('XDG_RUNTIME_DIR', '/run/user/1000'), ('LANG', 'en_US.UTF-8'), ('LC_TELEPHONE', 'id_ID.UTF-8'), ('LS_COLORS', 'rs=0:di=01;34:ln=01;36:mh=00:pi=40;33:so=01;35:do=01;35:bd=40;33;01:cd=40;33;01:or=40;31;01:mi=00:su=37;41:sg=30;43:ca=30;41:tw=30;42:ow=34;42:st=37;44:ex=01;32:*.tar=01;31:*.tgz=01;31:*.arc=01;31:*.arj=01;31:*.taz=01;31:*.lha=01;31:*.lz4=01;31:*.lzh=01;31:*.lzma=01;31:*.tlz=01;31:*.txz=01;31:*.tzo=01;31:*.t7z=01;31:*.zip=01;31:*.z=01;31:*.dz=01;31:*.gz=01;31:*.lrz=01;31:*.lz=01;31:*.lzo=01;31:*.xz=01;31:*.zst=01;31:*.tzst=01;31:*.bz2=01;31:*.bz=01;31:*.tbz=01;31:*.tbz2=01;31:*.tz=01;31:*.deb=01;31:*.rpm=01;31:*.jar=01;31:*.war=01;31:*.ear=01;31:*.sar=01;31:*.rar=01;31:*.alz=01;31:*.ace=01;31:*.zoo=01;31:*.cpio=01;31:*.7z=01;31:*.rz=01;31:*.cab=01;31:*.wim=01;31:*.swm=01;31:*.dwm=01;31:*.esd=01;31:*.jpg=01;35:*.jpeg=01;35:*.mjpg=01;35:*.mjpeg=01;35:*.gif=01;35:*.bmp=01;35:*.pbm=01;35:*.pgm=01;35:*.ppm=01;35:*.tga=01;35:*.xbm=01;35:*.xpm=01;35:*.tif=01;35:*.tiff=01;35:*.png=01;35:*.svg=01;35:*.svgz=01;35:*.mng=01;35:*.pcx=01;35:*.mov=01;35:*.mpg=01;35:*.mpeg=01;35:*.m2v=01;35:*.mkv=01;35:*.webm=01;35:*.webp=01;35:*.ogm=01;35:*.mp4=01;35:*.m4v=01;35:*.mp4v=01;35:*.vob=01;35:*.qt=01;35:*.nuv=01;35:*.wmv=01;35:*.asf=01;35:*.rm=01;35:*.rmvb=01;35:*.flc=01;35:*.avi=01;35:*.fli=01;35:*.flv=01;35:*.gl=01;35:*.dl=01;35:*.xcf=01;35:*.xwd=01;35:*.yuv=01;35:*.cgm=01;35:*.emf=01;35:*.ogv=01;35:*.ogx=01;35:*.aac=00;36:*.au=00;36:*.flac=00;36:*.m4a=00;36:*.mid=00;36:*.midi=00;36:*.mka=00;36:*.mp3=00;36:*.mpc=00;36:*.ogg=00;36:*.ra=00;36:*.wav=00;36:*.oga=00;36:*.opus=00;36:*.spx=00;36:*.xspf=00;36:'), ('JETSON_SOC', 'tegra234'), ('VSCODE_GIT_IPC_HANDLE', '/run/user/1000/vscode-git-5f1c2c4ac7.sock'), ('TERM_PROGRAM', 'vscode'), ('SSH_AUTH_SOCK', '/tmp/.antigravity-server/.15487b3041e65228cae24980a3f796c905ef582c-ssh-auth.sock'), ('AMENT_PREFIX_PATH', '/home/techsas/auv_ws/install/auv_pkg:/home/techsas/auv_ws/install/auv_interfaces:/home/techsas/microros_ws/install/micro_ros_setup:/home/techsas/microros_ws/install/micro_ros_agent:/home/techsas/microros_ws/install/micro_ros_msgs:/opt/ros/humble'), ('SHELL', '/bin/bash'), ('LC_NAME', 'id_ID.UTF-8'), ('LESSCLOSE', '/usr/bin/lesspipe %s %s'), ('LC_MEASUREMENT', 'id_ID.UTF-8'), ('LC_IDENTIFICATION', 'id_ID.UTF-8'), ('VSCODE_GIT_ASKPASS_EXTRA_ARGS', ''), ('JETSON_CUDA_ARCH_BIN', '8.7'), ('PWD', '/home/techsas/auv_ws/build/auv_interfaces'), ('LC_ALL', 'en_US.UTF-8'), ('SSH_CONNECTION', '192.168.2.2 55802 192.168.2.1 22'), ('XDG_DATA_DIRS', '/usr/share/gnome:/usr/local/share:/usr/share:/var/lib/snapd/desktop'), ('PYTHONPATH', '/usr/local/lib/python3.10/dist-packages/:/usr/local/lib/python3.10/dist-packages/:/home/techsas/auv_ws/build/auv_pkg:/home/techsas/auv_ws/install/auv_pkg/lib/python3.10/site-packages:/home/techsas/auv_ws/install/auv_interfaces/local/lib/python3.10/dist-packages:/home/techsas/microros_ws/install/micro_ros_msgs/local/lib/python3.10/dist-packages:/opt/ros/humble/lib/python3.10/site-packages:/opt/ros/humble/local/lib/python3.10/dist-packages'), ('LC_NUMERIC', 'id_ID.UTF-8'), ('LC_PAPER', 'id_ID.UTF-8'), ('COLCON', '1'), ('JETSON_JETPACK', ''), ('CMAKE_PREFIX_PATH', '/home/techsas/auv_ws/install/auv_interfaces:/home/techsas/microros_ws/install/micro_ros_setup:/home/techsas/microros_ws/install/micro_ros_agent:/home/techsas/microros_ws/install/micro_ros_msgs:/home/techsas/auv_ws/install/auv_pkg:/opt/ros/humble'), ('JETSON_P_NUMBER', 'p3767-0000')]), 'shell': False}
[0.099115] (-) TimerEvent: {}
[0.131751] (auv_interfaces) StdoutLine: {'line': b'[  1%] Built target auv_interfaces__rs\n'}
[0.134345] (auv_interfaces) StdoutLine: {'line': b'[  1%] Built target auv_interfaces__cpp\n'}
[0.137749] (auv_interfaces) StdoutLine: {'line': b'[ 13%] Built target auv_interfaces__rosidl_generator_c\n'}
[0.149479] (auv_interfaces) StdoutLine: {'line': b'[ 13%] Built target ament_cmake_python_symlink_auv_interfaces\n'}
[0.185015] (auv_interfaces) StdoutLine: {'line': b'[ 25%] Built target auv_interfaces__rosidl_typesupport_c\n'}
[0.187326] (auv_interfaces) StdoutLine: {'line': b'[ 49%] Built target auv_interfaces__rosidl_typesupport_introspection_c\n'}
[0.187747] (auv_interfaces) StdoutLine: {'line': b'[ 49%] Built target auv_interfaces__rosidl_typesupport_fastrtps_cpp\n'}
[0.189960] (auv_interfaces) StdoutLine: {'line': b'[ 63%] Built target auv_interfaces__rosidl_typesupport_cpp\n'}
[0.190660] (auv_interfaces) StdoutLine: {'line': b'[ 73%] Built target auv_interfaces__rosidl_typesupport_introspection_cpp\n'}
[0.198987] (auv_interfaces) StdoutLine: {'line': b'[ 85%] Built target auv_interfaces__rosidl_typesupport_fastrtps_c\n'}
[0.199659] (-) TimerEvent: {}
[0.241498] (auv_interfaces) StdoutLine: {'line': b'[ 85%] Built target auv_interfaces\n'}
[0.282542] (auv_interfaces) StdoutLine: {'line': b'[ 86%] Built target auv_interfaces__py\n'}
[0.299808] (-) TimerEvent: {}
[0.332210] (auv_interfaces) StdoutLine: {'line': b'[ 97%] Built target auv_interfaces__rosidl_generator_py\n'}
[0.372472] (auv_interfaces) StdoutLine: {'line': b'[100%] Built target auv_interfaces__rosidl_typesupport_c__pyext\n'}
[0.372907] (auv_interfaces) StdoutLine: {'line': b'[100%] Built target auv_interfaces__rosidl_typesupport_introspection_c__pyext\n'}
[0.373148] (auv_interfaces) StdoutLine: {'line': b'[100%] Built target auv_interfaces__rosidl_typesupport_fastrtps_c__pyext\n'}
[0.399931] (-) TimerEvent: {}
[0.500502] (-) TimerEvent: {}
[0.587638] (auv_interfaces) StdoutLine: {'line': b'running egg_info\n'}
[0.588429] (auv_interfaces) StdoutLine: {'line': b'writing auv_interfaces.egg-info/PKG-INFO\n'}
[0.588935] (auv_interfaces) StdoutLine: {'line': b'writing dependency_links to auv_interfaces.egg-info/dependency_links.txt\n'}
[0.589296] (auv_interfaces) StdoutLine: {'line': b'writing top-level names to auv_interfaces.egg-info/top_level.txt\n'}
[0.593542] (auv_interfaces) StdoutLine: {'line': b"reading manifest file 'auv_interfaces.egg-info/SOURCES.txt'\n"}
[0.594839] (auv_interfaces) StdoutLine: {'line': b"writing manifest file 'auv_interfaces.egg-info/SOURCES.txt'\n"}
[0.600566] (-) TimerEvent: {}
[0.661395] (auv_interfaces) StdoutLine: {'line': b'[100%] Built target ament_cmake_python_build_auv_interfaces_egg\n'}
[0.686438] (auv_interfaces) CommandEnded: {'returncode': 0}
[0.687825] (auv_interfaces) JobProgress: {'identifier': 'auv_interfaces', 'progress': 'install'}
[0.700663] (-) TimerEvent: {}
[0.707135] (auv_interfaces) Command: {'cmd': ['/usr/bin/cmake', '--install', '/home/techsas/auv_ws/build/auv_interfaces'], 'cwd': '/home/techsas/auv_ws/build/auv_interfaces', 'env': OrderedDict([('LESSOPEN', '| /usr/bin/lesspipe %s'), ('USER', 'techsas'), ('SSH_CLIENT', '192.168.2.2 55802 22'), ('LC_TIME', 'id_ID.UTF-8'), ('XDG_SESSION_TYPE', 'tty'), ('GIT_ASKPASS', '/home/techsas/.antigravity-server/bin/1.23.2-15487b3041e65228cae24980a3f796c905ef582c/extensions/git/dist/askpass.sh'), ('SHLVL', '1'), ('LD_LIBRARY_PATH', '/usr/local/lib:/usr/local/cuda-12.6/lib64:/usr/local/lib:/home/techsas/auv_ws/install/auv_interfaces/lib:/home/techsas/microros_ws/install/micro_ros_agent/lib:/home/techsas/microros_ws/install/micro_ros_msgs/lib:/opt/ros/humble/opt/rviz_ogre_vendor/lib:/opt/ros/humble/lib/aarch64-linux-gnu:/opt/ros/humble/lib:/usr/local/cuda-12.6/lib64:'), ('BROWSER', '/home/techsas/.antigravity-server/bin/1.23.2-15487b3041e65228cae24980a3f796c905ef582c/bin/helpers/browser.sh'), ('ANTIGRAVITY_CLI_ALIAS', 'agy'), ('MOTD_SHOWN', 'pam'), ('HOME', '/home/techsas'), ('OLDPWD', '/home/techsas/auv_ws/src/auv_rov'), ('TERM_PROGRAM_VERSION', '1.107.0'), ('VSCODE_IPC_HOOK_CLI', '/run/user/1000/vscode-ipc-f38ae8e5-aa41-4bdc-8e0c-b420aae207c9.sock'), ('JETSON_L4T', '36.4.7'), ('ROS_PYTHON_VERSION', '3'), ('JETSON_MODEL', 'NVIDIA Jetson Orin NX Engineering Reference Developer Kit'), ('PAGER', 'cat'), ('VSCODE_GIT_ASKPASS_MAIN', '/home/techsas/.antigravity-server/bin/1.23.2-15487b3041e65228cae24980a3f796c905ef582c/extensions/git/dist/askpass-main.js'), ('LC_MONETARY', 'id_ID.UTF-8'), ('VSCODE_GIT_ASKPASS_NODE', '/home/techsas/.antigravity-server/bin/1.23.2-15487b3041e65228cae24980a3f796c905ef582c/node'), ('VSCODE_PYTHON_AUTOACTIVATE_GUARD', '1'), ('DBUS_SESSION_BUS_ADDRESS', 'unix:path=/run/user/1000/bus'), ('COLORTERM', 'truecolor'), ('ANTIGRAVITY_AGENT', '1'), ('COLCON_PREFIX_PATH', '/home/techsas/microros_ws/install:/home/techsas/auv_ws/install'), ('ROS_DISTRO', 'humble'), ('LOGNAME', 'techsas'), ('JETSON_MODULE', 'NVIDIA Jetson Orin NX (16GB ram)'), ('JETSON_SERIAL_NUMBER', '1420424252884'), ('_', '/usr/bin/colcon'), ('ROS_VERSION', '2'), ('XDG_SESSION_CLASS', 'user'), ('TERM', 'xterm-256color'), ('XDG_SESSION_ID', '4'), ('ROS_LOCALHOST_ONLY', '0'), ('PATH', '/usr/local/cuda-12.6/bin:/home/techsas/.antigravity-server/bin/1.23.2-15487b3041e65228cae24980a3f796c905ef582c/bin/remote-cli:/home/techsas/.local/bin:/opt/ros/humble/bin:/usr/local/cuda-12.6/bin:/usr/local/sbin:/usr/local/bin:/usr/sbin:/usr/bin:/sbin:/bin:/usr/games:/usr/local/games:/snap/bin'), ('LC_ADDRESS', 'id_ID.UTF-8'), ('XDG_RUNTIME_DIR', '/run/user/1000'), ('LANG', 'en_US.UTF-8'), ('LC_TELEPHONE', 'id_ID.UTF-8'), ('LS_COLORS', 'rs=0:di=01;34:ln=01;36:mh=00:pi=40;33:so=01;35:do=01;35:bd=40;33;01:cd=40;33;01:or=40;31;01:mi=00:su=37;41:sg=30;43:ca=30;41:tw=30;42:ow=34;42:st=37;44:ex=01;32:*.tar=01;31:*.tgz=01;31:*.arc=01;31:*.arj=01;31:*.taz=01;31:*.lha=01;31:*.lz4=01;31:*.lzh=01;31:*.lzma=01;31:*.tlz=01;31:*.txz=01;31:*.tzo=01;31:*.t7z=01;31:*.zip=01;31:*.z=01;31:*.dz=01;31:*.gz=01;31:*.lrz=01;31:*.lz=01;31:*.lzo=01;31:*.xz=01;31:*.zst=01;31:*.tzst=01;31:*.bz2=01;31:*.bz=01;31:*.tbz=01;31:*.tbz2=01;31:*.tz=01;31:*.deb=01;31:*.rpm=01;31:*.jar=01;31:*.war=01;31:*.ear=01;31:*.sar=01;31:*.rar=01;31:*.alz=01;31:*.ace=01;31:*.zoo=01;31:*.cpio=01;31:*.7z=01;31:*.rz=01;31:*.cab=01;31:*.wim=01;31:*.swm=01;31:*.dwm=01;31:*.esd=01;31:*.jpg=01;35:*.jpeg=01;35:*.mjpg=01;35:*.mjpeg=01;35:*.gif=01;35:*.bmp=01;35:*.pbm=01;35:*.pgm=01;35:*.ppm=01;35:*.tga=01;35:*.xbm=01;35:*.xpm=01;35:*.tif=01;35:*.tiff=01;35:*.png=01;35:*.svg=01;35:*.svgz=01;35:*.mng=01;35:*.pcx=01;35:*.mov=01;35:*.mpg=01;35:*.mpeg=01;35:*.m2v=01;35:*.mkv=01;35:*.webm=01;35:*.webp=01;35:*.ogm=01;35:*.mp4=01;35:*.m4v=01;35:*.mp4v=01;35:*.vob=01;35:*.qt=01;35:*.nuv=01;35:*.wmv=01;35:*.asf=01;35:*.rm=01;35:*.rmvb=01;35:*.flc=01;35:*.avi=01;35:*.fli=01;35:*.flv=01;35:*.gl=01;35:*.dl=01;35:*.xcf=01;35:*.xwd=01;35:*.yuv=01;35:*.cgm=01;35:*.emf=01;35:*.ogv=01;35:*.ogx=01;35:*.aac=00;36:*.au=00;36:*.flac=00;36:*.m4a=00;36:*.mid=00;36:*.midi=00;36:*.mka=00;36:*.mp3=00;36:*.mpc=00;36:*.ogg=00;36:*.ra=00;36:*.wav=00;36:*.oga=00;36:*.opus=00;36:*.spx=00;36:*.xspf=00;36:'), ('JETSON_SOC', 'tegra234'), ('VSCODE_GIT_IPC_HANDLE', '/run/user/1000/vscode-git-5f1c2c4ac7.sock'), ('TERM_PROGRAM', 'vscode'), ('SSH_AUTH_SOCK', '/tmp/.antigravity-server/.15487b3041e65228cae24980a3f796c905ef582c-ssh-auth.sock'), ('AMENT_PREFIX_PATH', '/home/techsas/auv_ws/install/auv_pkg:/home/techsas/auv_ws/install/auv_interfaces:/home/techsas/microros_ws/install/micro_ros_setup:/home/techsas/microros_ws/install/micro_ros_agent:/home/techsas/microros_ws/install/micro_ros_msgs:/opt/ros/humble'), ('SHELL', '/bin/bash'), ('LC_NAME', 'id_ID.UTF-8'), ('LESSCLOSE', '/usr/bin/lesspipe %s %s'), ('LC_MEASUREMENT', 'id_ID.UTF-8'), ('LC_IDENTIFICATION', 'id_ID.UTF-8'), ('VSCODE_GIT_ASKPASS_EXTRA_ARGS', ''), ('JETSON_CUDA_ARCH_BIN', '8.7'), ('PWD', '/home/techsas/auv_ws/build/auv_interfaces'), ('LC_ALL', 'en_US.UTF-8'), ('SSH_CONNECTION', '192.168.2.2 55802 192.168.2.1 22'), ('XDG_DATA_DIRS', '/usr/share/gnome:/usr/local/share:/usr/share:/var/lib/snapd/desktop'), ('PYTHONPATH', '/usr/local/lib/python3.10/dist-packages/:/usr/local/lib/python3.10/dist-packages/:/home/techsas/auv_ws/build/auv_pkg:/home/techsas/auv_ws/install/auv_pkg/lib/python3.10/site-packages:/home/techsas/auv_ws/install/auv_interfaces/local/lib/python3.10/dist-packages:/home/techsas/microros_ws/install/micro_ros_msgs/local/lib/python3.10/dist-packages:/opt/ros/humble/lib/python3.10/site-packages:/opt/ros/humble/local/lib/python3.10/dist-packages'), ('LC_NUMERIC', 'id_ID.UTF-8'), ('LC_PAPER', 'id_ID.UTF-8'), ('COLCON', '1'), ('JETSON_JETPACK', ''), ('CMAKE_PREFIX_PATH', '/home/techsas/auv_ws/install/auv_interfaces:/home/techsas/microros_ws/install/micro_ros_setup:/home/techsas/microros_ws/install/micro_ros_agent:/home/techsas/microros_ws/install/micro_ros_msgs:/home/techsas/auv_ws/install/auv_pkg:/opt/ros/humble'), ('JETSON_P_NUMBER', 'p3767-0000')]), 'shell': False}
[0.721789] (auv_interfaces) StdoutLine: {'line': b'-- Install configuration: ""\n'}
[0.722825] (auv_interfaces) StdoutLine: {'line': b'-- Execute custom install script\n'}
[0.723219] (auv_interfaces) StdoutLine: {'line': b'-- Up-to-date symlink: /home/techsas/auv_ws/install/auv_interfaces/share/ament_index/resource_index/rosidl_interfaces/auv_interfaces\n'}
[0.724705] (auv_interfaces) StdoutLine: {'line': b'-- Up-to-date symlink: /home/techsas/auv_ws/install/auv_interfaces/include/auv_interfaces/auv_interfaces/msg/actuator.h\n'}
[0.725018] (auv_interfaces) StdoutLine: {'line': b'-- Up-to-date symlink: /home/techsas/auv_ws/install/auv_interfaces/include/auv_interfaces/auv_interfaces/msg/arduino_sensor.h\n'}
[0.725313] (auv_interfaces) StdoutLine: {'line': b'-- Up-to-date symlink: /home/techsas/auv_ws/install/auv_interfaces/include/auv_interfaces/auv_interfaces/msg/bounding_box.h\n'}
[0.725594] (auv_interfaces) StdoutLine: {'line': b'-- Up-to-date symlink: /home/techsas/auv_ws/install/auv_interfaces/include/auv_interfaces/auv_interfaces/msg/detail/actuator__functions.h\n'}
[0.725849] (auv_interfaces) StdoutLine: {'line': b'-- Up-to-date symlink: /home/techsas/auv_ws/install/auv_interfaces/include/auv_interfaces/auv_interfaces/msg/detail/actuator__struct.h\n'}
[0.726097] (auv_interfaces) StdoutLine: {'line': b'-- Up-to-date symlink: /home/techsas/auv_ws/install/auv_interfaces/include/auv_interfaces/auv_interfaces/msg/detail/actuator__type_support.h\n'}
[0.726361] (auv_interfaces) StdoutLine: {'line': b'-- Up-to-date symlink: /home/techsas/auv_ws/install/auv_interfaces/include/auv_interfaces/auv_interfaces/msg/detail/arduino_sensor__functions.h\n'}
[0.726549] (auv_interfaces) StdoutLine: {'line': b'-- Up-to-date symlink: /home/techsas/auv_ws/install/auv_interfaces/include/auv_interfaces/auv_interfaces/msg/detail/arduino_sensor__struct.h\n'}
[0.726726] (auv_interfaces) StdoutLine: {'line': b'-- Up-to-date symlink: /home/techsas/auv_ws/install/auv_interfaces/include/auv_interfaces/auv_interfaces/msg/detail/arduino_sensor__type_support.h\n'}
[0.727629] (auv_interfaces) StdoutLine: {'line': b'-- Up-to-date symlink: /home/techsas/auv_ws/install/auv_interfaces/include/auv_interfaces/auv_interfaces/msg/detail/bounding_box__functions.h\n'}
[0.727976] (auv_interfaces) StdoutLine: {'line': b'-- Up-to-date symlink: /home/techsas/auv_ws/install/auv_interfaces/include/auv_interfaces/auv_interfaces/msg/detail/bounding_box__struct.h\n'}
[0.728287] (auv_interfaces) StdoutLine: {'line': b'-- Up-to-date symlink: /home/techsas/auv_ws/install/auv_interfaces/include/auv_interfaces/auv_interfaces/msg/detail/bounding_box__type_support.h\n'}
[0.728591] (auv_interfaces) StdoutLine: {'line': b'-- Up-to-date symlink: /home/techsas/auv_ws/install/auv_interfaces/include/auv_interfaces/auv_interfaces/msg/detail/error__functions.h\n'}
[0.728943] (auv_interfaces) StdoutLine: {'line': b'-- Up-to-date symlink: /home/techsas/auv_ws/install/auv_interfaces/include/auv_interfaces/auv_interfaces/msg/detail/error__struct.h\n'}
[0.729238] (auv_interfaces) StdoutLine: {'line': b'-- Up-to-date symlink: /home/techsas/auv_ws/install/auv_interfaces/include/auv_interfaces/auv_interfaces/msg/detail/error__type_support.h\n'}
[0.729454] (auv_interfaces) StdoutLine: {'line': b'-- Up-to-date symlink: /home/techsas/auv_ws/install/auv_interfaces/include/auv_interfaces/auv_interfaces/msg/detail/gerak__functions.h\n'}
[0.729685] (auv_interfaces) StdoutLine: {'line': b'-- Up-to-date symlink: /home/techsas/auv_ws/install/auv_interfaces/include/auv_interfaces/auv_interfaces/msg/detail/gerak__struct.h\n'}
[0.729890] (auv_interfaces) StdoutLine: {'line': b'-- Up-to-date symlink: /home/techsas/auv_ws/install/auv_interfaces/include/auv_interfaces/auv_interfaces/msg/detail/gerak__type_support.h\n'}
[0.730113] (auv_interfaces) StdoutLine: {'line': b'-- Up-to-date symlink: /home/techsas/auv_ws/install/auv_interfaces/include/auv_interfaces/auv_interfaces/msg/detail/heading__functions.h\n'}
[0.730343] (auv_interfaces) StdoutLine: {'line': b'-- Up-to-date symlink: /home/techsas/auv_ws/install/auv_interfaces/include/auv_interfaces/auv_interfaces/msg/detail/heading__struct.h\n'}
[0.730556] (auv_interfaces) StdoutLine: {'line': b'-- Up-to-date symlink: /home/techsas/auv_ws/install/auv_interfaces/include/auv_interfaces/auv_interfaces/msg/detail/heading__type_support.h\n'}
[0.730780] (auv_interfaces) StdoutLine: {'line': b'-- Up-to-date symlink: /home/techsas/auv_ws/install/auv_interfaces/include/auv_interfaces/auv_interfaces/msg/detail/is_stable__functions.h\n'}
[0.730984] (auv_interfaces) StdoutLine: {'line': b'-- Up-to-date symlink: /home/techsas/auv_ws/install/auv_interfaces/include/auv_interfaces/auv_interfaces/msg/detail/is_stable__struct.h\n'}
[0.731281] (auv_interfaces) StdoutLine: {'line': b'-- Up-to-date symlink: /home/techsas/auv_ws/install/auv_interfaces/include/auv_interfaces/auv_interfaces/msg/detail/is_stable__type_support.h\n'}
[0.731451] (auv_interfaces) StdoutLine: {'line': b'-- Up-to-date symlink: /home/techsas/auv_ws/install/auv_interfaces/include/auv_interfaces/auv_interfaces/msg/detail/logging__functions.h\n'}
[0.731652] (auv_interfaces) StdoutLine: {'line': b'-- Up-to-date symlink: /home/techsas/auv_ws/install/auv_interfaces/include/auv_interfaces/auv_interfaces/msg/detail/logging__struct.h\n'}
[0.731851] (auv_interfaces) StdoutLine: {'line': b'-- Up-to-date symlink: /home/techsas/auv_ws/install/auv_interfaces/include/auv_interfaces/auv_interfaces/msg/detail/logging__type_support.h\n'}
[0.732071] (auv_interfaces) StdoutLine: {'line': b'-- Up-to-date symlink: /home/techsas/auv_ws/install/auv_interfaces/include/auv_interfaces/auv_interfaces/msg/detail/manual__functions.h\n'}
[0.732270] (auv_interfaces) StdoutLine: {'line': b'-- Up-to-date symlink: /home/techsas/auv_ws/install/auv_interfaces/include/auv_interfaces/auv_interfaces/msg/detail/manual__struct.h\n'}
[0.732469] (auv_interfaces) StdoutLine: {'line': b'-- Up-to-date symlink: /home/techsas/auv_ws/install/auv_interfaces/include/auv_interfaces/auv_interfaces/msg/detail/manual__type_support.h\n'}
[0.732686] (auv_interfaces) StdoutLine: {'line': b'-- Up-to-date symlink: /home/techsas/auv_ws/install/auv_interfaces/include/auv_interfaces/auv_interfaces/msg/detail/movement__functions.h\n'}
[0.732884] (auv_interfaces) StdoutLine: {'line': b'-- Up-to-date symlink: /home/techsas/auv_ws/install/auv_interfaces/include/auv_interfaces/auv_interfaces/msg/detail/movement__struct.h\n'}
[0.733079] (auv_interfaces) StdoutLine: {'line': b'-- Up-to-date symlink: /home/techsas/auv_ws/install/auv_interfaces/include/auv_interfaces/auv_interfaces/msg/detail/movement__type_support.h\n'}
[0.733265] (auv_interfaces) StdoutLine: {'line': b'-- Up-to-date symlink: /home/techsas/auv_ws/install/auv_interfaces/include/auv_interfaces/auv_interfaces/msg/detail/multi_pid__functions.h\n'}
[0.733476] (auv_interfaces) StdoutLine: {'line': b'-- Up-to-date symlink: /home/techsas/auv_ws/install/auv_interfaces/include/auv_interfaces/auv_interfaces/msg/detail/multi_pid__struct.h\n'}
[0.733671] (auv_interfaces) StdoutLine: {'line': b'-- Up-to-date symlink: /home/techsas/auv_ws/install/auv_interfaces/include/auv_interfaces/auv_interfaces/msg/detail/multi_pid__type_support.h\n'}
[0.733861] (auv_interfaces) StdoutLine: {'line': b'-- Up-to-date symlink: /home/techsas/auv_ws/install/auv_interfaces/include/auv_interfaces/auv_interfaces/msg/detail/object_detection__functions.h\n'}
[0.734072] (auv_interfaces) StdoutLine: {'line': b'-- Up-to-date symlink: /home/techsas/auv_ws/install/auv_interfaces/include/auv_interfaces/auv_interfaces/msg/detail/object_detection__struct.h\n'}
[0.734266] (auv_interfaces) StdoutLine: {'line': b'-- Up-to-date symlink: /home/techsas/auv_ws/install/auv_interfaces/include/auv_interfaces/auv_interfaces/msg/detail/object_detection__type_support.h\n'}
[0.734459] (auv_interfaces) StdoutLine: {'line': b'-- Up-to-date symlink: /home/techsas/auv_ws/install/auv_interfaces/include/auv_interfaces/auv_interfaces/msg/detail/object_difference__functions.h\n'}
[0.734681] (auv_interfaces) StdoutLine: {'line': b'-- Up-to-date symlink: /home/techsas/auv_ws/install/auv_interfaces/include/auv_interfaces/auv_interfaces/msg/detail/object_difference__struct.h\n'}
[0.734882] (auv_interfaces) StdoutLine: {'line': b'-- Up-to-date symlink: /home/techsas/auv_ws/install/auv_interfaces/include/auv_interfaces/auv_interfaces/msg/detail/object_difference__type_support.h\n'}
[0.735098] (auv_interfaces) StdoutLine: {'line': b'-- Up-to-date symlink: /home/techsas/auv_ws/install/auv_interfaces/include/auv_interfaces/auv_interfaces/msg/detail/orientation__functions.h\n'}
[0.735318] (auv_interfaces) StdoutLine: {'line': b'-- Up-to-date symlink: /home/techsas/auv_ws/install/auv_interfaces/include/auv_interfaces/auv_interfaces/msg/detail/orientation__struct.h\n'}
[0.735533] (auv_interfaces) StdoutLine: {'line': b'-- Up-to-date symlink: /home/techsas/auv_ws/install/auv_interfaces/include/auv_interfaces/auv_interfaces/msg/detail/orientation__type_support.h\n'}
[0.735752] (auv_interfaces) StdoutLine: {'line': b'-- Up-to-date symlink: /home/techsas/auv_ws/install/auv_interfaces/include/auv_interfaces/auv_interfaces/msg/detail/pid__functions.h\n'}
[0.735944] (auv_interfaces) StdoutLine: {'line': b'-- Up-to-date symlink: /home/techsas/auv_ws/install/auv_interfaces/include/auv_interfaces/auv_interfaces/msg/detail/pid__struct.h\n'}
[0.736137] (auv_interfaces) StdoutLine: {'line': b'-- Up-to-date symlink: /home/techsas/auv_ws/install/auv_interfaces/include/auv_interfaces/auv_interfaces/msg/detail/pid__type_support.h\n'}
[0.736327] (auv_interfaces) StdoutLine: {'line': b'-- Up-to-date symlink: /home/techsas/auv_ws/install/auv_interfaces/include/auv_interfaces/auv_interfaces/msg/detail/pid_vel__functions.h\n'}
[0.736550] (auv_interfaces) StdoutLine: {'line': b'-- Up-to-date symlink: /home/techsas/auv_ws/install/auv_interfaces/include/auv_interfaces/auv_interfaces/msg/detail/pid_vel__struct.h\n'}
[0.736742] (auv_interfaces) StdoutLine: {'line': b'-- Up-to-date symlink: /home/techsas/auv_ws/install/auv_interfaces/include/auv_interfaces/auv_interfaces/msg/detail/pid_vel__type_support.h\n'}
[0.736934] (auv_interfaces) StdoutLine: {'line': b'-- Up-to-date symlink: /home/techsas/auv_ws/install/auv_interfaces/include/auv_interfaces/auv_interfaces/msg/detail/sensor__functions.h\n'}
[0.737096] (auv_interfaces) StdoutLine: {'line': b'-- Up-to-date symlink: /home/techsas/auv_ws/install/auv_interfaces/include/auv_interfaces/auv_interfaces/msg/detail/sensor__struct.h\n'}
[0.737256] (auv_interfaces) StdoutLine: {'line': b'-- Up-to-date symlink: /home/techsas/auv_ws/install/auv_interfaces/include/auv_interfaces/auv_interfaces/msg/detail/sensor__type_support.h\n'}
[0.737411] (auv_interfaces) StdoutLine: {'line': b'-- Up-to-date symlink: /home/techsas/auv_ws/install/auv_interfaces/include/auv_interfaces/auv_interfaces/msg/detail/set_point__functions.h\n'}
[0.737563] (auv_interfaces) StdoutLine: {'line': b'-- Up-to-date symlink: /home/techsas/auv_ws/install/auv_interfaces/include/auv_interfaces/auv_interfaces/msg/detail/set_point__struct.h\n'}
[0.737714] (auv_interfaces) StdoutLine: {'line': b'-- Up-to-date symlink: /home/techsas/auv_ws/install/auv_interfaces/include/auv_interfaces/auv_interfaces/msg/detail/set_point__type_support.h\n'}
[0.737870] (auv_interfaces) StdoutLine: {'line': b'-- Up-to-date symlink: /home/techsas/auv_ws/install/auv_interfaces/include/auv_interfaces/auv_interfaces/msg/error.h\n'}
[0.738025] (auv_interfaces) StdoutLine: {'line': b'-- Up-to-date symlink: /home/techsas/auv_ws/install/auv_interfaces/include/auv_interfaces/auv_interfaces/msg/gerak.h\n'}
[0.738212] (auv_interfaces) StdoutLine: {'line': b'-- Up-to-date symlink: /home/techsas/auv_ws/install/auv_interfaces/include/auv_interfaces/auv_interfaces/msg/heading.h\n'}
[0.738398] (auv_interfaces) StdoutLine: {'line': b'-- Up-to-date symlink: /home/techsas/auv_ws/install/auv_interfaces/include/auv_interfaces/auv_interfaces/msg/is_stable.h\n'}
[0.738603] (auv_interfaces) StdoutLine: {'line': b'-- Up-to-date symlink: /home/techsas/auv_ws/install/auv_interfaces/include/auv_interfaces/auv_interfaces/msg/logging.h\n'}
[0.738784] (auv_interfaces) StdoutLine: {'line': b'-- Up-to-date symlink: /home/techsas/auv_ws/install/auv_interfaces/include/auv_interfaces/auv_interfaces/msg/manual.h\n'}
[0.738993] (auv_interfaces) StdoutLine: {'line': b'-- Up-to-date symlink: /home/techsas/auv_ws/install/auv_interfaces/include/auv_interfaces/auv_interfaces/msg/movement.h\n'}
[0.739210] (auv_interfaces) StdoutLine: {'line': b'-- Up-to-date symlink: /home/techsas/auv_ws/install/auv_interfaces/include/auv_interfaces/auv_interfaces/msg/multi_pid.h\n'}
[0.739415] (auv_interfaces) StdoutLine: {'line': b'-- Up-to-date symlink: /home/techsas/auv_ws/install/auv_interfaces/include/auv_interfaces/auv_interfaces/msg/object_detection.h\n'}
[0.739599] (auv_interfaces) StdoutLine: {'line': b'-- Up-to-date symlink: /home/techsas/auv_ws/install/auv_interfaces/include/auv_interfaces/auv_interfaces/msg/object_difference.h\n'}
[0.739818] (auv_interfaces) StdoutLine: {'line': b'-- Up-to-date symlink: /home/techsas/auv_ws/install/auv_interfaces/include/auv_interfaces/auv_interfaces/msg/orientation.h\n'}
[0.740016] (auv_interfaces) StdoutLine: {'line': b'-- Up-to-date symlink: /home/techsas/auv_ws/install/auv_interfaces/include/auv_interfaces/auv_interfaces/msg/pid.h\n'}
[0.740221] (auv_interfaces) StdoutLine: {'line': b'-- Up-to-date symlink: /home/techsas/auv_ws/install/auv_interfaces/include/auv_interfaces/auv_interfaces/msg/pid_vel.h\n'}
[0.740409] (auv_interfaces) StdoutLine: {'line': b'-- Up-to-date symlink: /home/techsas/auv_ws/install/auv_interfaces/include/auv_interfaces/auv_interfaces/msg/rosidl_generator_c__visibility_control.h\n'}
[0.740620] (auv_interfaces) StdoutLine: {'line': b'-- Up-to-date symlink: /home/techsas/auv_ws/install/auv_interfaces/include/auv_interfaces/auv_interfaces/msg/sensor.h\n'}
[0.740814] (auv_interfaces) StdoutLine: {'line': b'-- Up-to-date symlink: /home/techsas/auv_ws/install/auv_interfaces/include/auv_interfaces/auv_interfaces/msg/set_point.h\n'}
[0.741005] (auv_interfaces) StdoutLine: {'line': b'-- Up-to-date symlink: /home/techsas/auv_ws/install/auv_interfaces/share/auv_interfaces/environment/library_path.sh\n'}
[0.741195] (auv_interfaces) StdoutLine: {'line': b'-- Up-to-date symlink: /home/techsas/auv_ws/install/auv_interfaces/share/auv_interfaces/environment/library_path.dsv\n'}
[0.741353] (auv_interfaces) StdoutLine: {'line': b'-- Up-to-date symlink: /home/techsas/auv_ws/install/auv_interfaces/include/auv_interfaces/auv_interfaces/msg/detail/actuator__rosidl_typesupport_fastrtps_c.h\n'}
[0.741511] (auv_interfaces) StdoutLine: {'line': b'-- Up-to-date symlink: /home/techsas/auv_ws/install/auv_interfaces/include/auv_interfaces/auv_interfaces/msg/detail/arduino_sensor__rosidl_typesupport_fastrtps_c.h\n'}
[0.741675] (auv_interfaces) StdoutLine: {'line': b'-- Up-to-date symlink: /home/techsas/auv_ws/install/auv_interfaces/include/auv_interfaces/auv_interfaces/msg/detail/bounding_box__rosidl_typesupport_fastrtps_c.h\n'}
[0.741860] (auv_interfaces) StdoutLine: {'line': b'-- Up-to-date symlink: /home/techsas/auv_ws/install/auv_interfaces/include/auv_interfaces/auv_interfaces/msg/detail/error__rosidl_typesupport_fastrtps_c.h\n'}
[0.742049] (auv_interfaces) StdoutLine: {'line': b'-- Up-to-date symlink: /home/techsas/auv_ws/install/auv_interfaces/include/auv_interfaces/auv_interfaces/msg/detail/gerak__rosidl_typesupport_fastrtps_c.h\n'}
[0.742248] (auv_interfaces) StdoutLine: {'line': b'-- Up-to-date symlink: /home/techsas/auv_ws/install/auv_interfaces/include/auv_interfaces/auv_interfaces/msg/detail/heading__rosidl_typesupport_fastrtps_c.h\n'}
[0.742451] (auv_interfaces) StdoutLine: {'line': b'-- Up-to-date symlink: /home/techsas/auv_ws/install/auv_interfaces/include/auv_interfaces/auv_interfaces/msg/detail/is_stable__rosidl_typesupport_fastrtps_c.h\n'}
[0.742633] (auv_interfaces) StdoutLine: {'line': b'-- Up-to-date symlink: /home/techsas/auv_ws/install/auv_interfaces/include/auv_interfaces/auv_interfaces/msg/detail/logging__rosidl_typesupport_fastrtps_c.h\n'}
[0.742833] (auv_interfaces) StdoutLine: {'line': b'-- Up-to-date symlink: /home/techsas/auv_ws/install/auv_interfaces/include/auv_interfaces/auv_interfaces/msg/detail/manual__rosidl_typesupport_fastrtps_c.h\n'}
[0.743024] (auv_interfaces) StdoutLine: {'line': b'-- Up-to-date symlink: /home/techsas/auv_ws/install/auv_interfaces/include/auv_interfaces/auv_interfaces/msg/detail/movement__rosidl_typesupport_fastrtps_c.h\n'}
[0.743222] (auv_interfaces) StdoutLine: {'line': b'-- Up-to-date symlink: /home/techsas/auv_ws/install/auv_interfaces/include/auv_interfaces/auv_interfaces/msg/detail/multi_pid__rosidl_typesupport_fastrtps_c.h\n'}
[0.743411] (auv_interfaces) StdoutLine: {'line': b'-- Up-to-date symlink: /home/techsas/auv_ws/install/auv_interfaces/include/auv_interfaces/auv_interfaces/msg/detail/object_detection__rosidl_typesupport_fastrtps_c.h\n'}
[0.743607] (auv_interfaces) StdoutLine: {'line': b'-- Up-to-date symlink: /home/techsas/auv_ws/install/auv_interfaces/include/auv_interfaces/auv_interfaces/msg/detail/object_difference__rosidl_typesupport_fastrtps_c.h\n'}
[0.743791] (auv_interfaces) StdoutLine: {'line': b'-- Up-to-date symlink: /home/techsas/auv_ws/install/auv_interfaces/include/auv_interfaces/auv_interfaces/msg/detail/orientation__rosidl_typesupport_fastrtps_c.h\n'}
[0.743970] (auv_interfaces) StdoutLine: {'line': b'-- Up-to-date symlink: /home/techsas/auv_ws/install/auv_interfaces/include/auv_interfaces/auv_interfaces/msg/detail/pid__rosidl_typesupport_fastrtps_c.h\n'}
[0.744172] (auv_interfaces) StdoutLine: {'line': b'-- Up-to-date symlink: /home/techsas/auv_ws/install/auv_interfaces/include/auv_interfaces/auv_interfaces/msg/detail/pid_vel__rosidl_typesupport_fastrtps_c.h\n'}
[0.744348] (auv_interfaces) StdoutLine: {'line': b'-- Up-to-date symlink: /home/techsas/auv_ws/install/auv_interfaces/include/auv_interfaces/auv_interfaces/msg/detail/sensor__rosidl_typesupport_fastrtps_c.h\n'}
[0.744528] (auv_interfaces) StdoutLine: {'line': b'-- Up-to-date symlink: /home/techsas/auv_ws/install/auv_interfaces/include/auv_interfaces/auv_interfaces/msg/detail/set_point__rosidl_typesupport_fastrtps_c.h\n'}
[0.744707] (auv_interfaces) StdoutLine: {'line': b'-- Up-to-date symlink: /home/techsas/auv_ws/install/auv_interfaces/include/auv_interfaces/auv_interfaces/msg/rosidl_typesupport_fastrtps_c__visibility_control.h\n'}
[0.744902] (auv_interfaces) StdoutLine: {'line': b'-- Up-to-date symlink: /home/techsas/auv_ws/install/auv_interfaces/include/auv_interfaces/auv_interfaces/msg/detail/actuator__rosidl_typesupport_introspection_c.h\n'}
[0.745055] (auv_interfaces) StdoutLine: {'line': b'-- Up-to-date symlink: /home/techsas/auv_ws/install/auv_interfaces/include/auv_interfaces/auv_interfaces/msg/detail/arduino_sensor__rosidl_typesupport_introspection_c.h\n'}
[0.745205] (auv_interfaces) StdoutLine: {'line': b'-- Up-to-date symlink: /home/techsas/auv_ws/install/auv_interfaces/include/auv_interfaces/auv_interfaces/msg/detail/bounding_box__rosidl_typesupport_introspection_c.h\n'}
[0.745351] (auv_interfaces) StdoutLine: {'line': b'-- Up-to-date symlink: /home/techsas/auv_ws/install/auv_interfaces/include/auv_interfaces/auv_interfaces/msg/detail/error__rosidl_typesupport_introspection_c.h\n'}
[0.745499] (auv_interfaces) StdoutLine: {'line': b'-- Up-to-date symlink: /home/techsas/auv_ws/install/auv_interfaces/include/auv_interfaces/auv_interfaces/msg/detail/gerak__rosidl_typesupport_introspection_c.h\n'}
[0.745644] (auv_interfaces) StdoutLine: {'line': b'-- Up-to-date symlink: /home/techsas/auv_ws/install/auv_interfaces/include/auv_interfaces/auv_interfaces/msg/detail/heading__rosidl_typesupport_introspection_c.h\n'}
[0.745791] (auv_interfaces) StdoutLine: {'line': b'-- Up-to-date symlink: /home/techsas/auv_ws/install/auv_interfaces/include/auv_interfaces/auv_interfaces/msg/detail/is_stable__rosidl_typesupport_introspection_c.h\n'}
[0.745936] (auv_interfaces) StdoutLine: {'line': b'-- Up-to-date symlink: /home/techsas/auv_ws/install/auv_interfaces/include/auv_interfaces/auv_interfaces/msg/detail/logging__rosidl_typesupport_introspection_c.h\n'}
[0.746083] (auv_interfaces) StdoutLine: {'line': b'-- Up-to-date symlink: /home/techsas/auv_ws/install/auv_interfaces/include/auv_interfaces/auv_interfaces/msg/detail/manual__rosidl_typesupport_introspection_c.h\n'}
[0.746266] (auv_interfaces) StdoutLine: {'line': b'-- Up-to-date symlink: /home/techsas/auv_ws/install/auv_interfaces/include/auv_interfaces/auv_interfaces/msg/detail/movement__rosidl_typesupport_introspection_c.h\n'}
[0.746455] (auv_interfaces) StdoutLine: {'line': b'-- Up-to-date symlink: /home/techsas/auv_ws/install/auv_interfaces/include/auv_interfaces/auv_interfaces/msg/detail/multi_pid__rosidl_typesupport_introspection_c.h\n'}
[0.746652] (auv_interfaces) StdoutLine: {'line': b'-- Up-to-date symlink: /home/techsas/auv_ws/install/auv_interfaces/include/auv_interfaces/auv_interfaces/msg/detail/object_detection__rosidl_typesupport_introspection_c.h\n'}
[0.746883] (auv_interfaces) StdoutLine: {'line': b'-- Up-to-date symlink: /home/techsas/auv_ws/install/auv_interfaces/include/auv_interfaces/auv_interfaces/msg/detail/object_difference__rosidl_typesupport_introspection_c.h\n'}
[0.747085] (auv_interfaces) StdoutLine: {'line': b'-- Up-to-date symlink: /home/techsas/auv_ws/install/auv_interfaces/include/auv_interfaces/auv_interfaces/msg/detail/orientation__rosidl_typesupport_introspection_c.h\n'}
[0.747278] (auv_interfaces) StdoutLine: {'line': b'-- Up-to-date symlink: /home/techsas/auv_ws/install/auv_interfaces/include/auv_interfaces/auv_interfaces/msg/detail/pid__rosidl_typesupport_introspection_c.h\n'}
[0.747461] (auv_interfaces) StdoutLine: {'line': b'-- Up-to-date symlink: /home/techsas/auv_ws/install/auv_interfaces/include/auv_interfaces/auv_interfaces/msg/detail/pid_vel__rosidl_typesupport_introspection_c.h\n'}
[0.747646] (auv_interfaces) StdoutLine: {'line': b'-- Up-to-date symlink: /home/techsas/auv_ws/install/auv_interfaces/include/auv_interfaces/auv_interfaces/msg/detail/sensor__rosidl_typesupport_introspection_c.h\n'}
[0.747826] (auv_interfaces) StdoutLine: {'line': b'-- Up-to-date symlink: /home/techsas/auv_ws/install/auv_interfaces/include/auv_interfaces/auv_interfaces/msg/detail/set_point__rosidl_typesupport_introspection_c.h\n'}
[0.748030] (auv_interfaces) StdoutLine: {'line': b'-- Up-to-date symlink: /home/techsas/auv_ws/install/auv_interfaces/include/auv_interfaces/auv_interfaces/msg/rosidl_typesupport_introspection_c__visibility_control.h\n'}
[0.748216] (auv_interfaces) StdoutLine: {'line': b'-- Up-to-date symlink: /home/techsas/auv_ws/install/auv_interfaces/include/auv_interfaces/auv_interfaces/msg/actuator.hpp\n'}
[0.748397] (auv_interfaces) StdoutLine: {'line': b'-- Up-to-date symlink: /home/techsas/auv_ws/install/auv_interfaces/include/auv_interfaces/auv_interfaces/msg/arduino_sensor.hpp\n'}
[0.748581] (auv_interfaces) StdoutLine: {'line': b'-- Up-to-date symlink: /home/techsas/auv_ws/install/auv_interfaces/include/auv_interfaces/auv_interfaces/msg/bounding_box.hpp\n'}
[0.748757] (auv_interfaces) StdoutLine: {'line': b'-- Up-to-date symlink: /home/techsas/auv_ws/install/auv_interfaces/include/auv_interfaces/auv_interfaces/msg/detail/actuator__builder.hpp\n'}
[0.748933] (auv_interfaces) StdoutLine: {'line': b'-- Up-to-date symlink: /home/techsas/auv_ws/install/auv_interfaces/include/auv_interfaces/auv_interfaces/msg/detail/actuator__struct.hpp\n'}
[0.749128] (auv_interfaces) StdoutLine: {'line': b'-- Up-to-date symlink: /home/techsas/auv_ws/install/auv_interfaces/include/auv_interfaces/auv_interfaces/msg/detail/actuator__traits.hpp\n'}
[0.749323] (auv_interfaces) StdoutLine: {'line': b'-- Up-to-date symlink: /home/techsas/auv_ws/install/auv_interfaces/include/auv_interfaces/auv_interfaces/msg/detail/actuator__type_support.hpp\n'}
[0.749510] (auv_interfaces) StdoutLine: {'line': b'-- Up-to-date symlink: /home/techsas/auv_ws/install/auv_interfaces/include/auv_interfaces/auv_interfaces/msg/detail/arduino_sensor__builder.hpp\n'}
[0.749692] (auv_interfaces) StdoutLine: {'line': b'-- Up-to-date symlink: /home/techsas/auv_ws/install/auv_interfaces/include/auv_interfaces/auv_interfaces/msg/detail/arduino_sensor__struct.hpp\n'}
[0.749873] (auv_interfaces) StdoutLine: {'line': b'-- Up-to-date symlink: /home/techsas/auv_ws/install/auv_interfaces/include/auv_interfaces/auv_interfaces/msg/detail/arduino_sensor__traits.hpp\n'}
[0.750071] (auv_interfaces) StdoutLine: {'line': b'-- Up-to-date symlink: /home/techsas/auv_ws/install/auv_interfaces/include/auv_interfaces/auv_interfaces/msg/detail/arduino_sensor__type_support.hpp\n'}
[0.750248] (auv_interfaces) StdoutLine: {'line': b'-- Up-to-date symlink: /home/techsas/auv_ws/install/auv_interfaces/include/auv_interfaces/auv_interfaces/msg/detail/bounding_box__builder.hpp\n'}
[0.750428] (auv_interfaces) StdoutLine: {'line': b'-- Up-to-date symlink: /home/techsas/auv_ws/install/auv_interfaces/include/auv_interfaces/auv_interfaces/msg/detail/bounding_box__struct.hpp\n'}
[0.750620] (auv_interfaces) StdoutLine: {'line': b'-- Up-to-date symlink: /home/techsas/auv_ws/install/auv_interfaces/include/auv_interfaces/auv_interfaces/msg/detail/bounding_box__traits.hpp\n'}
[0.750799] (auv_interfaces) StdoutLine: {'line': b'-- Up-to-date symlink: /home/techsas/auv_ws/install/auv_interfaces/include/auv_interfaces/auv_interfaces/msg/detail/bounding_box__type_support.hpp\n'}
[0.750991] (auv_interfaces) StdoutLine: {'line': b'-- Up-to-date symlink: /home/techsas/auv_ws/install/auv_interfaces/include/auv_interfaces/auv_interfaces/msg/detail/error__builder.hpp\n'}
[0.751192] (auv_interfaces) StdoutLine: {'line': b'-- Up-to-date symlink: /home/techsas/auv_ws/install/auv_interfaces/include/auv_interfaces/auv_interfaces/msg/detail/error__struct.hpp\n'}
[0.751380] (auv_interfaces) StdoutLine: {'line': b'-- Up-to-date symlink: /home/techsas/auv_ws/install/auv_interfaces/include/auv_interfaces/auv_interfaces/msg/detail/error__traits.hpp\n'}
[0.751568] (auv_interfaces) StdoutLine: {'line': b'-- Up-to-date symlink: /home/techsas/auv_ws/install/auv_interfaces/include/auv_interfaces/auv_interfaces/msg/detail/error__type_support.hpp\n'}
[0.751745] (auv_interfaces) StdoutLine: {'line': b'-- Up-to-date symlink: /home/techsas/auv_ws/install/auv_interfaces/include/auv_interfaces/auv_interfaces/msg/detail/gerak__builder.hpp\n'}
[0.751920] (auv_interfaces) StdoutLine: {'line': b'-- Up-to-date symlink: /home/techsas/auv_ws/install/auv_interfaces/include/auv_interfaces/auv_interfaces/msg/detail/gerak__struct.hpp\n'}
[0.752125] (auv_interfaces) StdoutLine: {'line': b'-- Up-to-date symlink: /home/techsas/auv_ws/install/auv_interfaces/include/auv_interfaces/auv_interfaces/msg/detail/gerak__traits.hpp\n'}
[0.752308] (auv_interfaces) StdoutLine: {'line': b'-- Up-to-date symlink: /home/techsas/auv_ws/install/auv_interfaces/include/auv_interfaces/auv_interfaces/msg/detail/gerak__type_support.hpp\n'}
[0.752490] (auv_interfaces) StdoutLine: {'line': b'-- Up-to-date symlink: /home/techsas/auv_ws/install/auv_interfaces/include/auv_interfaces/auv_interfaces/msg/detail/heading__builder.hpp\n'}
[0.752674] (auv_interfaces) StdoutLine: {'line': b'-- Up-to-date symlink: /home/techsas/auv_ws/install/auv_interfaces/include/auv_interfaces/auv_interfaces/msg/detail/heading__struct.hpp\n'}
[0.752849] (auv_interfaces) StdoutLine: {'line': b'-- Up-to-date symlink: /home/techsas/auv_ws/install/auv_interfaces/include/auv_interfaces/auv_interfaces/msg/detail/heading__traits.hpp\n'}
[0.753036] (auv_interfaces) StdoutLine: {'line': b'-- Up-to-date symlink: /home/techsas/auv_ws/install/auv_interfaces/include/auv_interfaces/auv_interfaces/msg/detail/heading__type_support.hpp\n'}
[0.753216] (auv_interfaces) StdoutLine: {'line': b'-- Up-to-date symlink: /home/techsas/auv_ws/install/auv_interfaces/include/auv_interfaces/auv_interfaces/msg/detail/is_stable__builder.hpp\n'}
[0.753395] (auv_interfaces) StdoutLine: {'line': b'-- Up-to-date symlink: /home/techsas/auv_ws/install/auv_interfaces/include/auv_interfaces/auv_interfaces/msg/detail/is_stable__struct.hpp\n'}
[0.753574] (auv_interfaces) StdoutLine: {'line': b'-- Up-to-date symlink: /home/techsas/auv_ws/install/auv_interfaces/include/auv_interfaces/auv_interfaces/msg/detail/is_stable__traits.hpp\n'}
[0.753755] (auv_interfaces) StdoutLine: {'line': b'-- Up-to-date symlink: /home/techsas/auv_ws/install/auv_interfaces/include/auv_interfaces/auv_interfaces/msg/detail/is_stable__type_support.hpp\n'}
[0.753934] (auv_interfaces) StdoutLine: {'line': b'-- Up-to-date symlink: /home/techsas/auv_ws/install/auv_interfaces/include/auv_interfaces/auv_interfaces/msg/detail/logging__builder.hpp\n'}
[0.754129] (auv_interfaces) StdoutLine: {'line': b'-- Up-to-date symlink: /home/techsas/auv_ws/install/auv_interfaces/include/auv_interfaces/auv_interfaces/msg/detail/logging__struct.hpp\n'}
[0.754312] (auv_interfaces) StdoutLine: {'line': b'-- Up-to-date symlink: /home/techsas/auv_ws/install/auv_interfaces/include/auv_interfaces/auv_interfaces/msg/detail/logging__traits.hpp\n'}
[0.754517] (auv_interfaces) StdoutLine: {'line': b'-- Up-to-date symlink: /home/techsas/auv_ws/install/auv_interfaces/include/auv_interfaces/auv_interfaces/msg/detail/logging__type_support.hpp\n'}
[0.754678] (auv_interfaces) StdoutLine: {'line': b'-- Up-to-date symlink: /home/techsas/auv_ws/install/auv_interfaces/include/auv_interfaces/auv_interfaces/msg/detail/manual__builder.hpp\n'}
[0.754858] (auv_interfaces) StdoutLine: {'line': b'-- Up-to-date symlink: /home/techsas/auv_ws/install/auv_interfaces/include/auv_interfaces/auv_interfaces/msg/detail/manual__struct.hpp\n'}
[0.755055] (auv_interfaces) StdoutLine: {'line': b'-- Up-to-date symlink: /home/techsas/auv_ws/install/auv_interfaces/include/auv_interfaces/auv_interfaces/msg/detail/manual__traits.hpp\n'}
[0.755241] (auv_interfaces) StdoutLine: {'line': b'-- Up-to-date symlink: /home/techsas/auv_ws/install/auv_interfaces/include/auv_interfaces/auv_interfaces/msg/detail/manual__type_support.hpp\n'}
[0.755420] (auv_interfaces) StdoutLine: {'line': b'-- Up-to-date symlink: /home/techsas/auv_ws/install/auv_interfaces/include/auv_interfaces/auv_interfaces/msg/detail/movement__builder.hpp\n'}
[0.755605] (auv_interfaces) StdoutLine: {'line': b'-- Up-to-date symlink: /home/techsas/auv_ws/install/auv_interfaces/include/auv_interfaces/auv_interfaces/msg/detail/movement__struct.hpp\n'}
[0.755785] (auv_interfaces) StdoutLine: {'line': b'-- Up-to-date symlink: /home/techsas/auv_ws/install/auv_interfaces/include/auv_interfaces/auv_interfaces/msg/detail/movement__traits.hpp\n'}
[0.755965] (auv_interfaces) StdoutLine: {'line': b'-- Up-to-date symlink: /home/techsas/auv_ws/install/auv_interfaces/include/auv_interfaces/auv_interfaces/msg/detail/movement__type_support.hpp\n'}
[0.756145] (auv_interfaces) StdoutLine: {'line': b'-- Up-to-date symlink: /home/techsas/auv_ws/install/auv_interfaces/include/auv_interfaces/auv_interfaces/msg/detail/multi_pid__builder.hpp\n'}
[0.756341] (auv_interfaces) StdoutLine: {'line': b'-- Up-to-date symlink: /home/techsas/auv_ws/install/auv_interfaces/include/auv_interfaces/auv_interfaces/msg/detail/multi_pid__struct.hpp\n'}
[0.756522] (auv_interfaces) StdoutLine: {'line': b'-- Up-to-date symlink: /home/techsas/auv_ws/install/auv_interfaces/include/auv_interfaces/auv_interfaces/msg/detail/multi_pid__traits.hpp\n'}
[0.756702] (auv_interfaces) StdoutLine: {'line': b'-- Up-to-date symlink: /home/techsas/auv_ws/install/auv_interfaces/include/auv_interfaces/auv_interfaces/msg/detail/multi_pid__type_support.hpp\n'}
[0.756882] (auv_interfaces) StdoutLine: {'line': b'-- Up-to-date symlink: /home/techsas/auv_ws/install/auv_interfaces/include/auv_interfaces/auv_interfaces/msg/detail/object_detection__builder.hpp\n'}
[0.757058] (auv_interfaces) StdoutLine: {'line': b'-- Up-to-date symlink: /home/techsas/auv_ws/install/auv_interfaces/include/auv_interfaces/auv_interfaces/msg/detail/object_detection__struct.hpp\n'}
[0.757255] (auv_interfaces) StdoutLine: {'line': b'-- Up-to-date symlink: /home/techsas/auv_ws/install/auv_interfaces/include/auv_interfaces/auv_interfaces/msg/detail/object_detection__traits.hpp\n'}
[0.757438] (auv_interfaces) StdoutLine: {'line': b'-- Up-to-date symlink: /home/techsas/auv_ws/install/auv_interfaces/include/auv_interfaces/auv_interfaces/msg/detail/object_detection__type_support.hpp\n'}
[0.757603] (auv_interfaces) StdoutLine: {'line': b'-- Up-to-date symlink: /home/techsas/auv_ws/install/auv_interfaces/include/auv_interfaces/auv_interfaces/msg/detail/object_difference__builder.hpp\n'}
[0.757773] (auv_interfaces) StdoutLine: {'line': b'-- Up-to-date symlink: /home/techsas/auv_ws/install/auv_interfaces/include/auv_interfaces/auv_interfaces/msg/detail/object_difference__struct.hpp\n'}
[0.757945] (auv_interfaces) StdoutLine: {'line': b'-- Up-to-date symlink: /home/techsas/auv_ws/install/auv_interfaces/include/auv_interfaces/auv_interfaces/msg/detail/object_difference__traits.hpp\n'}
[0.758114] (auv_interfaces) StdoutLine: {'line': b'-- Up-to-date symlink: /home/techsas/auv_ws/install/auv_interfaces/include/auv_interfaces/auv_interfaces/msg/detail/object_difference__type_support.hpp\n'}
[0.758277] (auv_interfaces) StdoutLine: {'line': b'-- Up-to-date symlink: /home/techsas/auv_ws/install/auv_interfaces/include/auv_interfaces/auv_interfaces/msg/detail/orientation__builder.hpp\n'}
[0.758461] (auv_interfaces) StdoutLine: {'line': b'-- Up-to-date symlink: /home/techsas/auv_ws/install/auv_interfaces/include/auv_interfaces/auv_interfaces/msg/detail/orientation__struct.hpp\n'}
[0.758629] (auv_interfaces) StdoutLine: {'line': b'-- Up-to-date symlink: /home/techsas/auv_ws/install/auv_interfaces/include/auv_interfaces/auv_interfaces/msg/detail/orientation__traits.hpp\n'}
[0.758807] (auv_interfaces) StdoutLine: {'line': b'-- Up-to-date symlink: /home/techsas/auv_ws/install/auv_interfaces/include/auv_interfaces/auv_interfaces/msg/detail/orientation__type_support.hpp\n'}
[0.758976] (auv_interfaces) StdoutLine: {'line': b'-- Up-to-date symlink: /home/techsas/auv_ws/install/auv_interfaces/include/auv_interfaces/auv_interfaces/msg/detail/pid__builder.hpp\n'}
[0.759169] (auv_interfaces) StdoutLine: {'line': b'-- Up-to-date symlink: /home/techsas/auv_ws/install/auv_interfaces/include/auv_interfaces/auv_interfaces/msg/detail/pid__struct.hpp\n'}
[0.759354] (auv_interfaces) StdoutLine: {'line': b'-- Up-to-date symlink: /home/techsas/auv_ws/install/auv_interfaces/include/auv_interfaces/auv_interfaces/msg/detail/pid__traits.hpp\n'}
[0.759544] (auv_interfaces) StdoutLine: {'line': b'-- Up-to-date symlink: /home/techsas/auv_ws/install/auv_interfaces/include/auv_interfaces/auv_interfaces/msg/detail/pid__type_support.hpp\n'}
[0.759713] (auv_interfaces) StdoutLine: {'line': b'-- Up-to-date symlink: /home/techsas/auv_ws/install/auv_interfaces/include/auv_interfaces/auv_interfaces/msg/detail/pid_vel__builder.hpp\n'}
[0.759886] (auv_interfaces) StdoutLine: {'line': b'-- Up-to-date symlink: /home/techsas/auv_ws/install/auv_interfaces/include/auv_interfaces/auv_interfaces/msg/detail/pid_vel__struct.hpp\n'}
[0.760035] (auv_interfaces) StdoutLine: {'line': b'-- Up-to-date symlink: /home/techsas/auv_ws/install/auv_interfaces/include/auv_interfaces/auv_interfaces/msg/detail/pid_vel__traits.hpp\n'}
[0.760204] (auv_interfaces) StdoutLine: {'line': b'-- Up-to-date symlink: /home/techsas/auv_ws/install/auv_interfaces/include/auv_interfaces/auv_interfaces/msg/detail/pid_vel__type_support.hpp\n'}
[0.760377] (auv_interfaces) StdoutLine: {'line': b'-- Up-to-date symlink: /home/techsas/auv_ws/install/auv_interfaces/include/auv_interfaces/auv_interfaces/msg/detail/sensor__builder.hpp\n'}
[0.760519] (auv_interfaces) StdoutLine: {'line': b'-- Up-to-date symlink: /home/techsas/auv_ws/install/auv_interfaces/include/auv_interfaces/auv_interfaces/msg/detail/sensor__struct.hpp\n'}
[0.760659] (auv_interfaces) StdoutLine: {'line': b'-- Up-to-date symlink: /home/techsas/auv_ws/install/auv_interfaces/include/auv_interfaces/auv_interfaces/msg/detail/sensor__traits.hpp\n'}
[0.760797] (auv_interfaces) StdoutLine: {'line': b'-- Up-to-date symlink: /home/techsas/auv_ws/install/auv_interfaces/include/auv_interfaces/auv_interfaces/msg/detail/sensor__type_support.hpp\n'}
[0.760934] (auv_interfaces) StdoutLine: {'line': b'-- Up-to-date symlink: /home/techsas/auv_ws/install/auv_interfaces/include/auv_interfaces/auv_interfaces/msg/detail/set_point__builder.hpp\n'}
[0.761068] (auv_interfaces) StdoutLine: {'line': b'-- Up-to-date symlink: /home/techsas/auv_ws/install/auv_interfaces/include/auv_interfaces/auv_interfaces/msg/detail/set_point__struct.hpp\n'}
[0.761205] (auv_interfaces) StdoutLine: {'line': b'-- Up-to-date symlink: /home/techsas/auv_ws/install/auv_interfaces/include/auv_interfaces/auv_interfaces/msg/detail/set_point__traits.hpp\n'}
[0.761341] (auv_interfaces) StdoutLine: {'line': b'-- Up-to-date symlink: /home/techsas/auv_ws/install/auv_interfaces/include/auv_interfaces/auv_interfaces/msg/detail/set_point__type_support.hpp\n'}
[0.761481] (auv_interfaces) StdoutLine: {'line': b'-- Up-to-date symlink: /home/techsas/auv_ws/install/auv_interfaces/include/auv_interfaces/auv_interfaces/msg/error.hpp\n'}
[0.761665] (auv_interfaces) StdoutLine: {'line': b'-- Up-to-date symlink: /home/techsas/auv_ws/install/auv_interfaces/include/auv_interfaces/auv_interfaces/msg/gerak.hpp\n'}
[0.761838] (auv_interfaces) StdoutLine: {'line': b'-- Up-to-date symlink: /home/techsas/auv_ws/install/auv_interfaces/include/auv_interfaces/auv_interfaces/msg/heading.hpp\n'}
[0.762010] (auv_interfaces) StdoutLine: {'line': b'-- Up-to-date symlink: /home/techsas/auv_ws/install/auv_interfaces/include/auv_interfaces/auv_interfaces/msg/is_stable.hpp\n'}
[0.762176] (auv_interfaces) StdoutLine: {'line': b'-- Up-to-date symlink: /home/techsas/auv_ws/install/auv_interfaces/include/auv_interfaces/auv_interfaces/msg/logging.hpp\n'}
[0.762355] (auv_interfaces) StdoutLine: {'line': b'-- Up-to-date symlink: /home/techsas/auv_ws/install/auv_interfaces/include/auv_interfaces/auv_interfaces/msg/manual.hpp\n'}
[0.762525] (auv_interfaces) StdoutLine: {'line': b'-- Up-to-date symlink: /home/techsas/auv_ws/install/auv_interfaces/include/auv_interfaces/auv_interfaces/msg/movement.hpp\n'}
[0.762701] (auv_interfaces) StdoutLine: {'line': b'-- Up-to-date symlink: /home/techsas/auv_ws/install/auv_interfaces/include/auv_interfaces/auv_interfaces/msg/multi_pid.hpp\n'}
[0.762877] (auv_interfaces) StdoutLine: {'line': b'-- Up-to-date symlink: /home/techsas/auv_ws/install/auv_interfaces/include/auv_interfaces/auv_interfaces/msg/object_detection.hpp\n'}
[0.763069] (auv_interfaces) StdoutLine: {'line': b'-- Up-to-date symlink: /home/techsas/auv_ws/install/auv_interfaces/include/auv_interfaces/auv_interfaces/msg/object_difference.hpp\n'}
[0.763247] (auv_interfaces) StdoutLine: {'line': b'-- Up-to-date symlink: /home/techsas/auv_ws/install/auv_interfaces/include/auv_interfaces/auv_interfaces/msg/orientation.hpp\n'}
[0.763424] (auv_interfaces) StdoutLine: {'line': b'-- Up-to-date symlink: /home/techsas/auv_ws/install/auv_interfaces/include/auv_interfaces/auv_interfaces/msg/pid.hpp\n'}
[0.763596] (auv_interfaces) StdoutLine: {'line': b'-- Up-to-date symlink: /home/techsas/auv_ws/install/auv_interfaces/include/auv_interfaces/auv_interfaces/msg/pid_vel.hpp\n'}
[0.763779] (auv_interfaces) StdoutLine: {'line': b'-- Up-to-date symlink: /home/techsas/auv_ws/install/auv_interfaces/include/auv_interfaces/auv_interfaces/msg/rosidl_generator_cpp__visibility_control.hpp\n'}
[0.763946] (auv_interfaces) StdoutLine: {'line': b'-- Up-to-date symlink: /home/techsas/auv_ws/install/auv_interfaces/include/auv_interfaces/auv_interfaces/msg/sensor.hpp\n'}
[0.764110] (auv_interfaces) StdoutLine: {'line': b'-- Up-to-date symlink: /home/techsas/auv_ws/install/auv_interfaces/include/auv_interfaces/auv_interfaces/msg/set_point.hpp\n'}
[0.764278] (auv_interfaces) StdoutLine: {'line': b'-- Up-to-date symlink: /home/techsas/auv_ws/install/auv_interfaces/include/auv_interfaces/auv_interfaces/msg/detail/actuator__rosidl_typesupport_fastrtps_cpp.hpp\n'}
[0.764453] (auv_interfaces) StdoutLine: {'line': b'-- Up-to-date symlink: /home/techsas/auv_ws/install/auv_interfaces/include/auv_interfaces/auv_interfaces/msg/detail/arduino_sensor__rosidl_typesupport_fastrtps_cpp.hpp\n'}
[0.764627] (auv_interfaces) StdoutLine: {'line': b'-- Up-to-date symlink: /home/techsas/auv_ws/install/auv_interfaces/include/auv_interfaces/auv_interfaces/msg/detail/bounding_box__rosidl_typesupport_fastrtps_cpp.hpp\n'}
[0.764772] (auv_interfaces) StdoutLine: {'line': b'-- Up-to-date symlink: /home/techsas/auv_ws/install/auv_interfaces/include/auv_interfaces/auv_interfaces/msg/detail/error__rosidl_typesupport_fastrtps_cpp.hpp\n'}
[0.764912] (auv_interfaces) StdoutLine: {'line': b'-- Up-to-date symlink: /home/techsas/auv_ws/install/auv_interfaces/include/auv_interfaces/auv_interfaces/msg/detail/gerak__rosidl_typesupport_fastrtps_cpp.hpp\n'}
[0.765051] (auv_interfaces) StdoutLine: {'line': b'-- Up-to-date symlink: /home/techsas/auv_ws/install/auv_interfaces/include/auv_interfaces/auv_interfaces/msg/detail/heading__rosidl_typesupport_fastrtps_cpp.hpp\n'}
[0.765209] (auv_interfaces) StdoutLine: {'line': b'-- Up-to-date symlink: /home/techsas/auv_ws/install/auv_interfaces/include/auv_interfaces/auv_interfaces/msg/detail/is_stable__rosidl_typesupport_fastrtps_cpp.hpp\n'}
[0.765350] (auv_interfaces) StdoutLine: {'line': b'-- Up-to-date symlink: /home/techsas/auv_ws/install/auv_interfaces/include/auv_interfaces/auv_interfaces/msg/detail/logging__rosidl_typesupport_fastrtps_cpp.hpp\n'}
[0.765520] (auv_interfaces) StdoutLine: {'line': b'-- Up-to-date symlink: /home/techsas/auv_ws/install/auv_interfaces/include/auv_interfaces/auv_interfaces/msg/detail/manual__rosidl_typesupport_fastrtps_cpp.hpp\n'}
[0.765682] (auv_interfaces) StdoutLine: {'line': b'-- Up-to-date symlink: /home/techsas/auv_ws/install/auv_interfaces/include/auv_interfaces/auv_interfaces/msg/detail/movement__rosidl_typesupport_fastrtps_cpp.hpp\n'}
[0.765851] (auv_interfaces) StdoutLine: {'line': b'-- Up-to-date symlink: /home/techsas/auv_ws/install/auv_interfaces/include/auv_interfaces/auv_interfaces/msg/detail/multi_pid__rosidl_typesupport_fastrtps_cpp.hpp\n'}
[0.766019] (auv_interfaces) StdoutLine: {'line': b'-- Up-to-date symlink: /home/techsas/auv_ws/install/auv_interfaces/include/auv_interfaces/auv_interfaces/msg/detail/object_detection__rosidl_typesupport_fastrtps_cpp.hpp\n'}
[0.766182] (auv_interfaces) StdoutLine: {'line': b'-- Up-to-date symlink: /home/techsas/auv_ws/install/auv_interfaces/include/auv_interfaces/auv_interfaces/msg/detail/object_difference__rosidl_typesupport_fastrtps_cpp.hpp\n'}
[0.766341] (auv_interfaces) StdoutLine: {'line': b'-- Up-to-date symlink: /home/techsas/auv_ws/install/auv_interfaces/include/auv_interfaces/auv_interfaces/msg/detail/orientation__rosidl_typesupport_fastrtps_cpp.hpp\n'}
[0.766506] (auv_interfaces) StdoutLine: {'line': b'-- Up-to-date symlink: /home/techsas/auv_ws/install/auv_interfaces/include/auv_interfaces/auv_interfaces/msg/detail/pid__rosidl_typesupport_fastrtps_cpp.hpp\n'}
[0.766677] (auv_interfaces) StdoutLine: {'line': b'-- Up-to-date symlink: /home/techsas/auv_ws/install/auv_interfaces/include/auv_interfaces/auv_interfaces/msg/detail/pid_vel__rosidl_typesupport_fastrtps_cpp.hpp\n'}
[0.766844] (auv_interfaces) StdoutLine: {'line': b'-- Up-to-date symlink: /home/techsas/auv_ws/install/auv_interfaces/include/auv_interfaces/auv_interfaces/msg/detail/sensor__rosidl_typesupport_fastrtps_cpp.hpp\n'}
[0.767056] (auv_interfaces) StdoutLine: {'line': b'-- Up-to-date symlink: /home/techsas/auv_ws/install/auv_interfaces/include/auv_interfaces/auv_interfaces/msg/detail/set_point__rosidl_typesupport_fastrtps_cpp.hpp\n'}
[0.767237] (auv_interfaces) StdoutLine: {'line': b'-- Up-to-date symlink: /home/techsas/auv_ws/install/auv_interfaces/include/auv_interfaces/auv_interfaces/msg/rosidl_typesupport_fastrtps_cpp__visibility_control.h\n'}
[0.767405] (auv_interfaces) StdoutLine: {'line': b'-- Up-to-date symlink: /home/techsas/auv_ws/install/auv_interfaces/include/auv_interfaces/auv_interfaces/msg/detail/actuator__rosidl_typesupport_introspection_cpp.hpp\n'}
[0.767571] (auv_interfaces) StdoutLine: {'line': b'-- Up-to-date symlink: /home/techsas/auv_ws/install/auv_interfaces/include/auv_interfaces/auv_interfaces/msg/detail/arduino_sensor__rosidl_typesupport_introspection_cpp.hpp\n'}
[0.767741] (auv_interfaces) StdoutLine: {'line': b'-- Up-to-date symlink: /home/techsas/auv_ws/install/auv_interfaces/include/auv_interfaces/auv_interfaces/msg/detail/bounding_box__rosidl_typesupport_introspection_cpp.hpp\n'}
[0.767913] (auv_interfaces) StdoutLine: {'line': b'-- Up-to-date symlink: /home/techsas/auv_ws/install/auv_interfaces/include/auv_interfaces/auv_interfaces/msg/detail/error__rosidl_typesupport_introspection_cpp.hpp\n'}
[0.768093] (auv_interfaces) StdoutLine: {'line': b'-- Up-to-date symlink: /home/techsas/auv_ws/install/auv_interfaces/include/auv_interfaces/auv_interfaces/msg/detail/gerak__rosidl_typesupport_introspection_cpp.hpp\n'}
[0.768272] (auv_interfaces) StdoutLine: {'line': b'-- Up-to-date symlink: /home/techsas/auv_ws/install/auv_interfaces/include/auv_interfaces/auv_interfaces/msg/detail/heading__rosidl_typesupport_introspection_cpp.hpp\n'}
[0.768463] (auv_interfaces) StdoutLine: {'line': b'-- Up-to-date symlink: /home/techsas/auv_ws/install/auv_interfaces/include/auv_interfaces/auv_interfaces/msg/detail/is_stable__rosidl_typesupport_introspection_cpp.hpp\n'}
[0.768630] (auv_interfaces) StdoutLine: {'line': b'-- Up-to-date symlink: /home/techsas/auv_ws/install/auv_interfaces/include/auv_interfaces/auv_interfaces/msg/detail/logging__rosidl_typesupport_introspection_cpp.hpp\n'}
[0.768778] (auv_interfaces) StdoutLine: {'line': b'-- Up-to-date symlink: /home/techsas/auv_ws/install/auv_interfaces/include/auv_interfaces/auv_interfaces/msg/detail/manual__rosidl_typesupport_introspection_cpp.hpp\n'}
[0.768919] (auv_interfaces) StdoutLine: {'line': b'-- Up-to-date symlink: /home/techsas/auv_ws/install/auv_interfaces/include/auv_interfaces/auv_interfaces/msg/detail/movement__rosidl_typesupport_introspection_cpp.hpp\n'}
[0.769083] (auv_interfaces) StdoutLine: {'line': b'-- Up-to-date symlink: /home/techsas/auv_ws/install/auv_interfaces/include/auv_interfaces/auv_interfaces/msg/detail/multi_pid__rosidl_typesupport_introspection_cpp.hpp\n'}
[0.769246] (auv_interfaces) StdoutLine: {'line': b'-- Up-to-date symlink: /home/techsas/auv_ws/install/auv_interfaces/include/auv_interfaces/auv_interfaces/msg/detail/object_detection__rosidl_typesupport_introspection_cpp.hpp\n'}
[0.769411] (auv_interfaces) StdoutLine: {'line': b'-- Up-to-date symlink: /home/techsas/auv_ws/install/auv_interfaces/include/auv_interfaces/auv_interfaces/msg/detail/object_difference__rosidl_typesupport_introspection_cpp.hpp\n'}
[0.769577] (auv_interfaces) StdoutLine: {'line': b'-- Up-to-date symlink: /home/techsas/auv_ws/install/auv_interfaces/include/auv_interfaces/auv_interfaces/msg/detail/orientation__rosidl_typesupport_introspection_cpp.hpp\n'}
[0.769718] (auv_interfaces) StdoutLine: {'line': b'-- Up-to-date symlink: /home/techsas/auv_ws/install/auv_interfaces/include/auv_interfaces/auv_interfaces/msg/detail/pid__rosidl_typesupport_introspection_cpp.hpp\n'}
[0.769853] (auv_interfaces) StdoutLine: {'line': b'-- Up-to-date symlink: /home/techsas/auv_ws/install/auv_interfaces/include/auv_interfaces/auv_interfaces/msg/detail/pid_vel__rosidl_typesupport_introspection_cpp.hpp\n'}
[0.769985] (auv_interfaces) StdoutLine: {'line': b'-- Up-to-date symlink: /home/techsas/auv_ws/install/auv_interfaces/include/auv_interfaces/auv_interfaces/msg/detail/sensor__rosidl_typesupport_introspection_cpp.hpp\n'}
[0.770118] (auv_interfaces) StdoutLine: {'line': b'-- Up-to-date symlink: /home/techsas/auv_ws/install/auv_interfaces/include/auv_interfaces/auv_interfaces/msg/detail/set_point__rosidl_typesupport_introspection_cpp.hpp\n'}
[0.770250] (auv_interfaces) StdoutLine: {'line': b'-- Up-to-date symlink: /home/techsas/auv_ws/install/auv_interfaces/share/auv_interfaces/environment/pythonpath.sh\n'}
[0.770380] (auv_interfaces) StdoutLine: {'line': b'-- Up-to-date symlink: /home/techsas/auv_ws/install/auv_interfaces/share/auv_interfaces/environment/pythonpath.dsv\n'}
[0.770510] (auv_interfaces) StdoutLine: {'line': b'-- Up-to-date symlink: /home/techsas/auv_ws/install/auv_interfaces/local/lib/python3.10/dist-packages/auv_interfaces-0.0.0-py3.10.egg-info/PKG-INFO\n'}
[0.770645] (auv_interfaces) StdoutLine: {'line': b'-- Up-to-date symlink: /home/techsas/auv_ws/install/auv_interfaces/local/lib/python3.10/dist-packages/auv_interfaces-0.0.0-py3.10.egg-info/SOURCES.txt\n'}
[0.770777] (auv_interfaces) StdoutLine: {'line': b'-- Up-to-date symlink: /home/techsas/auv_ws/install/auv_interfaces/local/lib/python3.10/dist-packages/auv_interfaces-0.0.0-py3.10.egg-info/dependency_links.txt\n'}
[0.770935] (auv_interfaces) StdoutLine: {'line': b'-- Up-to-date symlink: /home/techsas/auv_ws/install/auv_interfaces/local/lib/python3.10/dist-packages/auv_interfaces-0.0.0-py3.10.egg-info/top_level.txt\n'}
[0.771118] (auv_interfaces) StdoutLine: {'line': b'-- Up-to-date symlink: /home/techsas/auv_ws/install/auv_interfaces/local/lib/python3.10/dist-packages/auv_interfaces/__init__.py\n'}
[0.771296] (auv_interfaces) StdoutLine: {'line': b'-- Up-to-date symlink: /home/techsas/auv_ws/install/auv_interfaces/local/lib/python3.10/dist-packages/auv_interfaces/_auv_interfaces_s.ep.rosidl_typesupport_c.c\n'}
[0.771439] (auv_interfaces) StdoutLine: {'line': b'-- Up-to-date symlink: /home/techsas/auv_ws/install/auv_interfaces/local/lib/python3.10/dist-packages/auv_interfaces/_auv_interfaces_s.ep.rosidl_typesupport_fastrtps_c.c\n'}
[0.771577] (auv_interfaces) StdoutLine: {'line': b'-- Up-to-date symlink: /home/techsas/auv_ws/install/auv_interfaces/local/lib/python3.10/dist-packages/auv_interfaces/_auv_interfaces_s.ep.rosidl_typesupport_introspection_c.c\n'}
[0.771717] (auv_interfaces) StdoutLine: {'line': b'-- Up-to-date symlink: /home/techsas/auv_ws/install/auv_interfaces/local/lib/python3.10/dist-packages/auv_interfaces/auv_interfaces_s__rosidl_typesupport_c.cpython-310-aarch64-linux-gnu.so\n'}
[0.771867] (auv_interfaces) StdoutLine: {'line': b'-- Up-to-date symlink: /home/techsas/auv_ws/install/auv_interfaces/local/lib/python3.10/dist-packages/auv_interfaces/auv_interfaces_s__rosidl_typesupport_fastrtps_c.cpython-310-aarch64-linux-gnu.so\n'}
[0.772014] (auv_interfaces) StdoutLine: {'line': b'-- Up-to-date symlink: /home/techsas/auv_ws/install/auv_interfaces/local/lib/python3.10/dist-packages/auv_interfaces/auv_interfaces_s__rosidl_typesupport_introspection_c.cpython-310-aarch64-linux-gnu.so\n'}
[0.772156] (auv_interfaces) StdoutLine: {'line': b'-- Up-to-date symlink: /home/techsas/auv_ws/install/auv_interfaces/local/lib/python3.10/dist-packages/auv_interfaces/libauv_interfaces__rosidl_generator_py.so\n'}
[0.772294] (auv_interfaces) StdoutLine: {'line': b'-- Up-to-date symlink: /home/techsas/auv_ws/install/auv_interfaces/local/lib/python3.10/dist-packages/auv_interfaces/msg/__init__.py\n'}
[0.772427] (auv_interfaces) StdoutLine: {'line': b'-- Up-to-date symlink: /home/techsas/auv_ws/install/auv_interfaces/local/lib/python3.10/dist-packages/auv_interfaces/msg/_actuator.py\n'}
[0.772585] (auv_interfaces) StdoutLine: {'line': b'-- Up-to-date symlink: /home/techsas/auv_ws/install/auv_interfaces/local/lib/python3.10/dist-packages/auv_interfaces/msg/_actuator_s.c\n'}
[0.772737] (auv_interfaces) StdoutLine: {'line': b'-- Up-to-date symlink: /home/techsas/auv_ws/install/auv_interfaces/local/lib/python3.10/dist-packages/auv_interfaces/msg/_arduino_sensor.py\n'}
[0.772888] (auv_interfaces) StdoutLine: {'line': b'-- Up-to-date symlink: /home/techsas/auv_ws/install/auv_interfaces/local/lib/python3.10/dist-packages/auv_interfaces/msg/_arduino_sensor_s.c\n'}
[0.773034] (auv_interfaces) StdoutLine: {'line': b'-- Up-to-date symlink: /home/techsas/auv_ws/install/auv_interfaces/local/lib/python3.10/dist-packages/auv_interfaces/msg/_bounding_box.py\n'}
[0.773186] (auv_interfaces) StdoutLine: {'line': b'-- Up-to-date symlink: /home/techsas/auv_ws/install/auv_interfaces/local/lib/python3.10/dist-packages/auv_interfaces/msg/_bounding_box_s.c\n'}
[0.773332] (auv_interfaces) StdoutLine: {'line': b'-- Up-to-date symlink: /home/techsas/auv_ws/install/auv_interfaces/local/lib/python3.10/dist-packages/auv_interfaces/msg/_error.py\n'}
[0.773484] (auv_interfaces) StdoutLine: {'line': b'-- Up-to-date symlink: /home/techsas/auv_ws/install/auv_interfaces/local/lib/python3.10/dist-packages/auv_interfaces/msg/_error_s.c\n'}
[0.773637] (auv_interfaces) StdoutLine: {'line': b'-- Up-to-date symlink: /home/techsas/auv_ws/install/auv_interfaces/local/lib/python3.10/dist-packages/auv_interfaces/msg/_gerak.py\n'}
[0.773789] (auv_interfaces) StdoutLine: {'line': b'-- Up-to-date symlink: /home/techsas/auv_ws/install/auv_interfaces/local/lib/python3.10/dist-packages/auv_interfaces/msg/_gerak_s.c\n'}
[0.773943] (auv_interfaces) StdoutLine: {'line': b'-- Up-to-date symlink: /home/techsas/auv_ws/install/auv_interfaces/local/lib/python3.10/dist-packages/auv_interfaces/msg/_heading.py\n'}
[0.774097] (auv_interfaces) StdoutLine: {'line': b'-- Up-to-date symlink: /home/techsas/auv_ws/install/auv_interfaces/local/lib/python3.10/dist-packages/auv_interfaces/msg/_heading_s.c\n'}
[0.774257] (auv_interfaces) StdoutLine: {'line': b'-- Up-to-date symlink: /home/techsas/auv_ws/install/auv_interfaces/local/lib/python3.10/dist-packages/auv_interfaces/msg/_is_stable.py\n'}
[0.774423] (auv_interfaces) StdoutLine: {'line': b'-- Up-to-date symlink: /home/techsas/auv_ws/install/auv_interfaces/local/lib/python3.10/dist-packages/auv_interfaces/msg/_is_stable_s.c\n'}
[0.774577] (auv_interfaces) StdoutLine: {'line': b'-- Up-to-date symlink: /home/techsas/auv_ws/install/auv_interfaces/local/lib/python3.10/dist-packages/auv_interfaces/msg/_logging.py\n'}
[0.774731] (auv_interfaces) StdoutLine: {'line': b'-- Up-to-date symlink: /home/techsas/auv_ws/install/auv_interfaces/local/lib/python3.10/dist-packages/auv_interfaces/msg/_logging_s.c\n'}
[0.774881] (auv_interfaces) StdoutLine: {'line': b'-- Up-to-date symlink: /home/techsas/auv_ws/install/auv_interfaces/local/lib/python3.10/dist-packages/auv_interfaces/msg/_manual.py\n'}
[0.775046] (auv_interfaces) StdoutLine: {'line': b'-- Up-to-date symlink: /home/techsas/auv_ws/install/auv_interfaces/local/lib/python3.10/dist-packages/auv_interfaces/msg/_manual_s.c\n'}
[0.775225] (auv_interfaces) StdoutLine: {'line': b'-- Up-to-date symlink: /home/techsas/auv_ws/install/auv_interfaces/local/lib/python3.10/dist-packages/auv_interfaces/msg/_movement.py\n'}
[0.775376] (auv_interfaces) StdoutLine: {'line': b'-- Up-to-date symlink: /home/techsas/auv_ws/install/auv_interfaces/local/lib/python3.10/dist-packages/auv_interfaces/msg/_movement_s.c\n'}
[0.775525] (auv_interfaces) StdoutLine: {'line': b'-- Up-to-date symlink: /home/techsas/auv_ws/install/auv_interfaces/local/lib/python3.10/dist-packages/auv_interfaces/msg/_multi_pid.py\n'}
[0.775675] (auv_interfaces) StdoutLine: {'line': b'-- Up-to-date symlink: /home/techsas/auv_ws/install/auv_interfaces/local/lib/python3.10/dist-packages/auv_interfaces/msg/_multi_pid_s.c\n'}
[0.775829] (auv_interfaces) StdoutLine: {'line': b'-- Up-to-date symlink: /home/techsas/auv_ws/install/auv_interfaces/local/lib/python3.10/dist-packages/auv_interfaces/msg/_object_detection.py\n'}
[0.775988] (auv_interfaces) StdoutLine: {'line': b'-- Up-to-date symlink: /home/techsas/auv_ws/install/auv_interfaces/local/lib/python3.10/dist-packages/auv_interfaces/msg/_object_detection_s.c\n'}
[0.776137] (auv_interfaces) StdoutLine: {'line': b'-- Up-to-date symlink: /home/techsas/auv_ws/install/auv_interfaces/local/lib/python3.10/dist-packages/auv_interfaces/msg/_object_difference.py\n'}
[0.776282] (auv_interfaces) StdoutLine: {'line': b'-- Up-to-date symlink: /home/techsas/auv_ws/install/auv_interfaces/local/lib/python3.10/dist-packages/auv_interfaces/msg/_object_difference_s.c\n'}
[0.776436] (auv_interfaces) StdoutLine: {'line': b'-- Up-to-date symlink: /home/techsas/auv_ws/install/auv_interfaces/local/lib/python3.10/dist-packages/auv_interfaces/msg/_orientation.py\n'}
[0.776589] (auv_interfaces) StdoutLine: {'line': b'-- Up-to-date symlink: /home/techsas/auv_ws/install/auv_interfaces/local/lib/python3.10/dist-packages/auv_interfaces/msg/_orientation_s.c\n'}
[0.776740] (auv_interfaces) StdoutLine: {'line': b'-- Up-to-date symlink: /home/techsas/auv_ws/install/auv_interfaces/local/lib/python3.10/dist-packages/auv_interfaces/msg/_pid.py\n'}
[0.776894] (auv_interfaces) StdoutLine: {'line': b'-- Up-to-date symlink: /home/techsas/auv_ws/install/auv_interfaces/local/lib/python3.10/dist-packages/auv_interfaces/msg/_pid_s.c\n'}
[0.777044] (auv_interfaces) StdoutLine: {'line': b'-- Up-to-date symlink: /home/techsas/auv_ws/install/auv_interfaces/local/lib/python3.10/dist-packages/auv_interfaces/msg/_pid_vel.py\n'}
[0.777196] (auv_interfaces) StdoutLine: {'line': b'-- Up-to-date symlink: /home/techsas/auv_ws/install/auv_interfaces/local/lib/python3.10/dist-packages/auv_interfaces/msg/_pid_vel_s.c\n'}
[0.777349] (auv_interfaces) StdoutLine: {'line': b'-- Up-to-date symlink: /home/techsas/auv_ws/install/auv_interfaces/local/lib/python3.10/dist-packages/auv_interfaces/msg/_sensor.py\n'}
[0.777501] (auv_interfaces) StdoutLine: {'line': b'-- Up-to-date symlink: /home/techsas/auv_ws/install/auv_interfaces/local/lib/python3.10/dist-packages/auv_interfaces/msg/_sensor_s.c\n'}
[0.777663] (auv_interfaces) StdoutLine: {'line': b'-- Up-to-date symlink: /home/techsas/auv_ws/install/auv_interfaces/local/lib/python3.10/dist-packages/auv_interfaces/msg/_set_point.py\n'}
[0.777804] (auv_interfaces) StdoutLine: {'line': b'-- Up-to-date symlink: /home/techsas/auv_ws/install/auv_interfaces/local/lib/python3.10/dist-packages/auv_interfaces/msg/_set_point_s.c\n'}
[0.778215] (auv_interfaces) StdoutLine: {'line': b'-- Up-to-date symlink: /home/techsas/auv_ws/install/auv_interfaces/local/lib/python3.10/dist-packages/auv_interfaces/auv_interfaces_s__rosidl_typesupport_fastrtps_c.cpython-310-aarch64-linux-gnu.so\n'}
[0.778561] (auv_interfaces) StdoutLine: {'line': b'-- Up-to-date symlink: /home/techsas/auv_ws/install/auv_interfaces/local/lib/python3.10/dist-packages/auv_interfaces/auv_interfaces_s__rosidl_typesupport_introspection_c.cpython-310-aarch64-linux-gnu.so\n'}
[0.778901] (auv_interfaces) StdoutLine: {'line': b'-- Up-to-date symlink: /home/techsas/auv_ws/install/auv_interfaces/local/lib/python3.10/dist-packages/auv_interfaces/auv_interfaces_s__rosidl_typesupport_c.cpython-310-aarch64-linux-gnu.so\n'}
[0.779236] (auv_interfaces) StdoutLine: {'line': b'-- Up-to-date symlink: /home/techsas/auv_ws/install/auv_interfaces/share/ament_index/resource_index/rust_packages/auv_interfaces\n'}
[0.779727] (auv_interfaces) StdoutLine: {'line': b'-- Up-to-date symlink: /home/techsas/auv_ws/install/auv_interfaces/share/auv_interfaces/rust/Cargo.toml\n'}
[0.779879] (auv_interfaces) StdoutLine: {'line': b'-- Up-to-date symlink: /home/techsas/auv_ws/install/auv_interfaces/share/auv_interfaces/rust/build.rs\n'}
[0.780037] (auv_interfaces) StdoutLine: {'line': b'-- Up-to-date symlink: /home/techsas/auv_ws/install/auv_interfaces/share/auv_interfaces/rust/src/lib.rs\n'}
[0.780188] (auv_interfaces) StdoutLine: {'line': b'-- Up-to-date symlink: /home/techsas/auv_ws/install/auv_interfaces/share/auv_interfaces/rust/src/msg.rs\n'}
[0.780349] (auv_interfaces) StdoutLine: {'line': b'-- Up-to-date symlink: /home/techsas/auv_ws/install/auv_interfaces/share/auv_interfaces/rust/src/msg/rmw.rs\n'}
[0.780573] (auv_interfaces) StdoutLine: {'line': b'-- Up-to-date symlink: /home/techsas/auv_ws/install/auv_interfaces/share/auv_interfaces/msg/Actuator.idl\n'}
[0.780786] (auv_interfaces) StdoutLine: {'line': b'-- Up-to-date symlink: /home/techsas/auv_ws/install/auv_interfaces/share/auv_interfaces/msg/ArduinoSensor.idl\n'}
[0.780997] (auv_interfaces) StdoutLine: {'line': b'-- Up-to-date symlink: /home/techsas/auv_ws/install/auv_interfaces/share/auv_interfaces/msg/BoundingBox.idl\n'}
[0.781216] (auv_interfaces) StdoutLine: {'line': b'-- Up-to-date symlink: /home/techsas/auv_ws/install/auv_interfaces/share/auv_interfaces/msg/Error.idl\n'}
[0.781414] (auv_interfaces) StdoutLine: {'line': b'-- Up-to-date symlink: /home/techsas/auv_ws/install/auv_interfaces/share/auv_interfaces/msg/Gerak.idl\n'}
[0.781634] (auv_interfaces) StdoutLine: {'line': b'-- Up-to-date symlink: /home/techsas/auv_ws/install/auv_interfaces/share/auv_interfaces/msg/Heading.idl\n'}
[0.781842] (auv_interfaces) StdoutLine: {'line': b'-- Up-to-date symlink: /home/techsas/auv_ws/install/auv_interfaces/share/auv_interfaces/msg/IsStable.idl\n'}
[0.782047] (auv_interfaces) StdoutLine: {'line': b'-- Up-to-date symlink: /home/techsas/auv_ws/install/auv_interfaces/share/auv_interfaces/msg/Logging.idl\n'}
[0.782253] (auv_interfaces) StdoutLine: {'line': b'-- Up-to-date symlink: /home/techsas/auv_ws/install/auv_interfaces/share/auv_interfaces/msg/Manual.idl\n'}
[0.782457] (auv_interfaces) StdoutLine: {'line': b'-- Up-to-date symlink: /home/techsas/auv_ws/install/auv_interfaces/share/auv_interfaces/msg/Movement.idl\n'}
[0.782657] (auv_interfaces) StdoutLine: {'line': b'-- Up-to-date symlink: /home/techsas/auv_ws/install/auv_interfaces/share/auv_interfaces/msg/MultiPID.idl\n'}
[0.782864] (auv_interfaces) StdoutLine: {'line': b'-- Up-to-date symlink: /home/techsas/auv_ws/install/auv_interfaces/share/auv_interfaces/msg/ObjectDetection.idl\n'}
[0.783126] (auv_interfaces) StdoutLine: {'line': b'-- Up-to-date symlink: /home/techsas/auv_ws/install/auv_interfaces/share/auv_interfaces/msg/ObjectDifference.idl\n'}
[0.783341] (auv_interfaces) StdoutLine: {'line': b'-- Up-to-date symlink: /home/techsas/auv_ws/install/auv_interfaces/share/auv_interfaces/msg/Orientation.idl\n'}
[0.783519] (auv_interfaces) StdoutLine: {'line': b'-- Up-to-date symlink: /home/techsas/auv_ws/install/auv_interfaces/share/auv_interfaces/msg/PID.idl\n'}
[0.783705] (auv_interfaces) StdoutLine: {'line': b'-- Up-to-date symlink: /home/techsas/auv_ws/install/auv_interfaces/share/auv_interfaces/msg/PIDVel.idl\n'}
[0.783904] (auv_interfaces) StdoutLine: {'line': b'-- Up-to-date symlink: /home/techsas/auv_ws/install/auv_interfaces/share/auv_interfaces/msg/Sensor.idl\n'}
[0.784105] (auv_interfaces) StdoutLine: {'line': b'-- Up-to-date symlink: /home/techsas/auv_ws/install/auv_interfaces/share/auv_interfaces/msg/SetPoint.idl\n'}
[0.784304] (auv_interfaces) StdoutLine: {'line': b'-- Up-to-date symlink: /home/techsas/auv_ws/install/auv_interfaces/share/auv_interfaces/msg/Actuator.msg\n'}
[0.784498] (auv_interfaces) StdoutLine: {'line': b'-- Up-to-date symlink: /home/techsas/auv_ws/install/auv_interfaces/share/auv_interfaces/msg/ArduinoSensor.msg\n'}
[0.784689] (auv_interfaces) StdoutLine: {'line': b'-- Up-to-date symlink: /home/techsas/auv_ws/install/auv_interfaces/share/auv_interfaces/msg/BoundingBox.msg\n'}
[0.784882] (auv_interfaces) StdoutLine: {'line': b'-- Up-to-date symlink: /home/techsas/auv_ws/install/auv_interfaces/share/auv_interfaces/msg/Error.msg\n'}
[0.785074] (auv_interfaces) StdoutLine: {'line': b'-- Up-to-date symlink: /home/techsas/auv_ws/install/auv_interfaces/share/auv_interfaces/msg/Gerak.msg\n'}
[0.785267] (auv_interfaces) StdoutLine: {'line': b'-- Up-to-date symlink: /home/techsas/auv_ws/install/auv_interfaces/share/auv_interfaces/msg/Heading.msg\n'}
[0.785461] (auv_interfaces) StdoutLine: {'line': b'-- Up-to-date symlink: /home/techsas/auv_ws/install/auv_interfaces/share/auv_interfaces/msg/IsStable.msg\n'}
[0.785656] (auv_interfaces) StdoutLine: {'line': b'-- Up-to-date symlink: /home/techsas/auv_ws/install/auv_interfaces/share/auv_interfaces/msg/Logging.msg\n'}
[0.785848] (auv_interfaces) StdoutLine: {'line': b'-- Up-to-date symlink: /home/techsas/auv_ws/install/auv_interfaces/share/auv_interfaces/msg/Manual.msg\n'}
[0.786042] (auv_interfaces) StdoutLine: {'line': b'-- Up-to-date symlink: /home/techsas/auv_ws/install/auv_interfaces/share/auv_interfaces/msg/Movement.msg\n'}
[0.786231] (auv_interfaces) StdoutLine: {'line': b'-- Up-to-date symlink: /home/techsas/auv_ws/install/auv_interfaces/share/auv_interfaces/msg/MultiPID.msg\n'}
[0.786425] (auv_interfaces) StdoutLine: {'line': b'-- Up-to-date symlink: /home/techsas/auv_ws/install/auv_interfaces/share/auv_interfaces/msg/ObjectDetection.msg\n'}
[0.786618] (auv_interfaces) StdoutLine: {'line': b'-- Up-to-date symlink: /home/techsas/auv_ws/install/auv_interfaces/share/auv_interfaces/msg/ObjectDifference.msg\n'}
[0.786811] (auv_interfaces) StdoutLine: {'line': b'-- Up-to-date symlink: /home/techsas/auv_ws/install/auv_interfaces/share/auv_interfaces/msg/Orientation.msg\n'}
[0.787015] (auv_interfaces) StdoutLine: {'line': b'-- Up-to-date symlink: /home/techsas/auv_ws/install/auv_interfaces/share/auv_interfaces/msg/PID.msg\n'}
[0.787220] (auv_interfaces) StdoutLine: {'line': b'-- Up-to-date symlink: /home/techsas/auv_ws/install/auv_interfaces/share/auv_interfaces/msg/PIDVel.msg\n'}
[0.787412] (auv_interfaces) StdoutLine: {'line': b'-- Up-to-date symlink: /home/techsas/auv_ws/install/auv_interfaces/share/auv_interfaces/msg/Sensor.msg\n'}
[0.787600] (auv_interfaces) StdoutLine: {'line': b'-- Up-to-date symlink: /home/techsas/auv_ws/install/auv_interfaces/share/auv_interfaces/msg/SetPoint.msg\n'}
[0.787826] (auv_interfaces) StdoutLine: {'line': b'-- Up-to-date symlink: /home/techsas/auv_ws/install/auv_interfaces/share/ament_index/resource_index/package_run_dependencies/auv_interfaces\n'}
[0.788046] (auv_interfaces) StdoutLine: {'line': b'-- Up-to-date symlink: /home/techsas/auv_ws/install/auv_interfaces/share/ament_index/resource_index/parent_prefix_path/auv_interfaces\n'}
[0.788266] (auv_interfaces) StdoutLine: {'line': b'-- Up-to-date symlink: /home/techsas/auv_ws/install/auv_interfaces/share/auv_interfaces/environment/ament_prefix_path.sh\n'}
[0.788466] (auv_interfaces) StdoutLine: {'line': b'-- Up-to-date symlink: /home/techsas/auv_ws/install/auv_interfaces/share/auv_interfaces/environment/ament_prefix_path.dsv\n'}
[0.788671] (auv_interfaces) StdoutLine: {'line': b'-- Up-to-date symlink: /home/techsas/auv_ws/install/auv_interfaces/share/auv_interfaces/environment/path.sh\n'}
[0.788865] (auv_interfaces) StdoutLine: {'line': b'-- Up-to-date symlink: /home/techsas/auv_ws/install/auv_interfaces/share/auv_interfaces/environment/path.dsv\n'}
[0.789057] (auv_interfaces) StdoutLine: {'line': b'-- Up-to-date symlink: /home/techsas/auv_ws/install/auv_interfaces/share/auv_interfaces/local_setup.bash\n'}
[0.789251] (auv_interfaces) StdoutLine: {'line': b'-- Up-to-date symlink: /home/techsas/auv_ws/install/auv_interfaces/share/auv_interfaces/local_setup.sh\n'}
[0.789439] (auv_interfaces) StdoutLine: {'line': b'-- Up-to-date symlink: /home/techsas/auv_ws/install/auv_interfaces/share/auv_interfaces/local_setup.zsh\n'}
[0.789626] (auv_interfaces) StdoutLine: {'line': b'-- Up-to-date symlink: /home/techsas/auv_ws/install/auv_interfaces/share/auv_interfaces/local_setup.dsv\n'}
[0.789771] (auv_interfaces) StdoutLine: {'line': b'-- Symlinking: /home/techsas/auv_ws/install/auv_interfaces/share/auv_interfaces/package.dsv\n'}
[0.800769] (-) TimerEvent: {}
[0.805731] (auv_interfaces) StdoutLine: {'line': b'-- Up-to-date symlink: /home/techsas/auv_ws/install/auv_interfaces/share/ament_index/resource_index/packages/auv_interfaces\n'}
[0.806109] (auv_interfaces) StdoutLine: {'line': b'-- Up-to-date symlink: /home/techsas/auv_ws/install/auv_interfaces/share/auv_interfaces/cmake/rosidl_cmake-extras.cmake\n'}
[0.806290] (auv_interfaces) StdoutLine: {'line': b'-- Up-to-date symlink: /home/techsas/auv_ws/install/auv_interfaces/share/auv_interfaces/cmake/ament_cmake_export_dependencies-extras.cmake\n'}
[0.806441] (auv_interfaces) StdoutLine: {'line': b'-- Up-to-date symlink: /home/techsas/auv_ws/install/auv_interfaces/share/auv_interfaces/cmake/ament_cmake_export_include_directories-extras.cmake\n'}
[0.806585] (auv_interfaces) StdoutLine: {'line': b'-- Up-to-date symlink: /home/techsas/auv_ws/install/auv_interfaces/share/auv_interfaces/cmake/ament_cmake_export_libraries-extras.cmake\n'}
[0.806779] (auv_interfaces) StdoutLine: {'line': b'-- Up-to-date symlink: /home/techsas/auv_ws/install/auv_interfaces/share/auv_interfaces/cmake/ament_cmake_export_targets-extras.cmake\n'}
[0.806979] (auv_interfaces) StdoutLine: {'line': b'-- Up-to-date symlink: /home/techsas/auv_ws/install/auv_interfaces/share/auv_interfaces/cmake/rosidl_cmake_export_typesupport_targets-extras.cmake\n'}
[0.807201] (auv_interfaces) StdoutLine: {'line': b'-- Up-to-date symlink: /home/techsas/auv_ws/install/auv_interfaces/share/auv_interfaces/cmake/rosidl_cmake_export_typesupport_libraries-extras.cmake\n'}
[0.807406] (auv_interfaces) StdoutLine: {'line': b'-- Up-to-date symlink: /home/techsas/auv_ws/install/auv_interfaces/share/auv_interfaces/cmake/auv_interfacesConfig.cmake\n'}
[0.807554] (auv_interfaces) StdoutLine: {'line': b'-- Up-to-date symlink: /home/techsas/auv_ws/install/auv_interfaces/share/auv_interfaces/cmake/auv_interfacesConfig-version.cmake\n'}
[0.807751] (auv_interfaces) StdoutLine: {'line': b'-- Up-to-date symlink: /home/techsas/auv_ws/install/auv_interfaces/share/auv_interfaces/package.xml\n'}
[0.808153] (auv_interfaces) StdoutLine: {'line': b'-- Up-to-date: /home/techsas/auv_ws/install/auv_interfaces/lib/libauv_interfaces__rosidl_generator_c.so\n'}
[0.808570] (auv_interfaces) StdoutLine: {'line': b'-- Up-to-date: /home/techsas/auv_ws/install/auv_interfaces/lib/libauv_interfaces__rosidl_typesupport_fastrtps_c.so\n'}
[0.808933] (auv_interfaces) StdoutLine: {'line': b'-- Up-to-date: /home/techsas/auv_ws/install/auv_interfaces/lib/libauv_interfaces__rosidl_typesupport_introspection_c.so\n'}
[0.809266] (auv_interfaces) StdoutLine: {'line': b'-- Up-to-date: /home/techsas/auv_ws/install/auv_interfaces/lib/libauv_interfaces__rosidl_typesupport_c.so\n'}
[0.809609] (auv_interfaces) StdoutLine: {'line': b'-- Up-to-date: /home/techsas/auv_ws/install/auv_interfaces/lib/libauv_interfaces__rosidl_typesupport_fastrtps_cpp.so\n'}
[0.809961] (auv_interfaces) StdoutLine: {'line': b'-- Up-to-date: /home/techsas/auv_ws/install/auv_interfaces/lib/libauv_interfaces__rosidl_typesupport_introspection_cpp.so\n'}
[0.810298] (auv_interfaces) StdoutLine: {'line': b'-- Up-to-date: /home/techsas/auv_ws/install/auv_interfaces/lib/libauv_interfaces__rosidl_typesupport_cpp.so\n'}
[0.865260] (auv_interfaces) StdoutLine: {'line': b"Listing '/home/techsas/auv_ws/install/auv_interfaces/local/lib/python3.10/dist-packages/auv_interfaces'...\n"}
[0.865700] (auv_interfaces) StdoutLine: {'line': b"Listing '/home/techsas/auv_ws/install/auv_interfaces/local/lib/python3.10/dist-packages/auv_interfaces/msg'...\n"}
[0.874832] (auv_interfaces) StdoutLine: {'line': b'-- Up-to-date: /home/techsas/auv_ws/install/auv_interfaces/lib/libauv_interfaces__rosidl_generator_py.so\n'}
[0.875283] (auv_interfaces) StdoutLine: {'line': b'-- Up-to-date: /home/techsas/auv_ws/install/auv_interfaces/share/auv_interfaces/cmake/export_auv_interfaces__rosidl_generator_cExport.cmake\n'}
[0.875460] (auv_interfaces) StdoutLine: {'line': b'-- Up-to-date: /home/techsas/auv_ws/install/auv_interfaces/share/auv_interfaces/cmake/export_auv_interfaces__rosidl_generator_cExport-noconfig.cmake\n'}
[0.875604] (auv_interfaces) StdoutLine: {'line': b'-- Up-to-date: /home/techsas/auv_ws/install/auv_interfaces/share/auv_interfaces/cmake/export_auv_interfaces__rosidl_typesupport_fastrtps_cExport.cmake\n'}
[0.875758] (auv_interfaces) StdoutLine: {'line': b'-- Up-to-date: /home/techsas/auv_ws/install/auv_interfaces/share/auv_interfaces/cmake/export_auv_interfaces__rosidl_typesupport_fastrtps_cExport-noconfig.cmake\n'}
[0.875890] (auv_interfaces) StdoutLine: {'line': b'-- Up-to-date: /home/techsas/auv_ws/install/auv_interfaces/share/auv_interfaces/cmake/auv_interfaces__rosidl_typesupport_introspection_cExport.cmake\n'}
[0.876042] (auv_interfaces) StdoutLine: {'line': b'-- Up-to-date: /home/techsas/auv_ws/install/auv_interfaces/share/auv_interfaces/cmake/auv_interfaces__rosidl_typesupport_introspection_cExport-noconfig.cmake\n'}
[0.876170] (auv_interfaces) StdoutLine: {'line': b'-- Up-to-date: /home/techsas/auv_ws/install/auv_interfaces/share/auv_interfaces/cmake/auv_interfaces__rosidl_typesupport_cExport.cmake\n'}
[0.876318] (auv_interfaces) StdoutLine: {'line': b'-- Up-to-date: /home/techsas/auv_ws/install/auv_interfaces/share/auv_interfaces/cmake/auv_interfaces__rosidl_typesupport_cExport-noconfig.cmake\n'}
[0.876444] (auv_interfaces) StdoutLine: {'line': b'-- Up-to-date: /home/techsas/auv_ws/install/auv_interfaces/share/auv_interfaces/cmake/export_auv_interfaces__rosidl_generator_cppExport.cmake\n'}
[0.876566] (auv_interfaces) StdoutLine: {'line': b'-- Up-to-date: /home/techsas/auv_ws/install/auv_interfaces/share/auv_interfaces/cmake/export_auv_interfaces__rosidl_typesupport_fastrtps_cppExport.cmake\n'}
[0.876687] (auv_interfaces) StdoutLine: {'line': b'-- Up-to-date: /home/techsas/auv_ws/install/auv_interfaces/share/auv_interfaces/cmake/export_auv_interfaces__rosidl_typesupport_fastrtps_cppExport-noconfig.cmake\n'}
[0.876787] (auv_interfaces) StdoutLine: {'line': b'-- Up-to-date: /home/techsas/auv_ws/install/auv_interfaces/share/auv_interfaces/cmake/auv_interfaces__rosidl_typesupport_introspection_cppExport.cmake\n'}
[0.876920] (auv_interfaces) StdoutLine: {'line': b'-- Up-to-date: /home/techsas/auv_ws/install/auv_interfaces/share/auv_interfaces/cmake/auv_interfaces__rosidl_typesupport_introspection_cppExport-noconfig.cmake\n'}
[0.877017] (auv_interfaces) StdoutLine: {'line': b'-- Up-to-date: /home/techsas/auv_ws/install/auv_interfaces/share/auv_interfaces/cmake/auv_interfaces__rosidl_typesupport_cppExport.cmake\n'}
[0.877126] (auv_interfaces) StdoutLine: {'line': b'-- Up-to-date: /home/techsas/auv_ws/install/auv_interfaces/share/auv_interfaces/cmake/auv_interfaces__rosidl_typesupport_cppExport-noconfig.cmake\n'}
[0.877223] (auv_interfaces) StdoutLine: {'line': b'-- Up-to-date: /home/techsas/auv_ws/install/auv_interfaces/share/auv_interfaces/cmake/export_auv_interfaces__rosidl_generator_pyExport.cmake\n'}
[0.877316] (auv_interfaces) StdoutLine: {'line': b'-- Up-to-date: /home/techsas/auv_ws/install/auv_interfaces/share/auv_interfaces/cmake/export_auv_interfaces__rosidl_generator_pyExport-noconfig.cmake\n'}
[0.881404] (auv_interfaces) CommandEnded: {'returncode': 0}
[0.901188] (-) TimerEvent: {}
[0.952412] (auv_interfaces) JobEnded: {'identifier': 'auv_interfaces', 'rc': 0}
[0.955255] (auv_pkg) JobStarted: {'identifier': 'auv_pkg'}
[1.001373] (-) TimerEvent: {}
[1.101911] (-) TimerEvent: {}
[1.202418] (-) TimerEvent: {}
[1.302871] (-) TimerEvent: {}
[1.403471] (-) TimerEvent: {}
[1.452417] (auv_rov) Command: {'cmd': ['/usr/bin/python3', '-W', 'ignore:setup.py install is deprecated', '-W', 'ignore:easy_install command is deprecated', 'setup.py', 'develop', '--editable', '--build-directory', '/home/techsas/auv_ws/build/auv_rov/build', '--no-deps', 'symlink_data'], 'cwd': '/home/techsas/auv_ws/build/auv_rov', 'env': {'LESSOPEN': '| /usr/bin/lesspipe %s', 'USER': 'techsas', 'SSH_CLIENT': '192.168.2.2 55802 22', 'LC_TIME': 'id_ID.UTF-8', 'XDG_SESSION_TYPE': 'tty', 'GIT_ASKPASS': '/home/techsas/.antigravity-server/bin/1.23.2-15487b3041e65228cae24980a3f796c905ef582c/extensions/git/dist/askpass.sh', 'SHLVL': '1', 'LD_LIBRARY_PATH': '/usr/local/lib:/usr/local/cuda-12.6/lib64:/usr/local/lib:/home/techsas/auv_ws/install/auv_interfaces/lib:/home/techsas/microros_ws/install/micro_ros_agent/lib:/home/techsas/microros_ws/install/micro_ros_msgs/lib:/opt/ros/humble/opt/rviz_ogre_vendor/lib:/opt/ros/humble/lib/aarch64-linux-gnu:/opt/ros/humble/lib:/usr/local/cuda-12.6/lib64:', 'BROWSER': '/home/techsas/.antigravity-server/bin/1.23.2-15487b3041e65228cae24980a3f796c905ef582c/bin/helpers/browser.sh', 'ANTIGRAVITY_CLI_ALIAS': 'agy', 'MOTD_SHOWN': 'pam', 'HOME': '/home/techsas', 'OLDPWD': '/home/techsas/auv_ws/src/auv_rov', 'TERM_PROGRAM_VERSION': '1.107.0', 'VSCODE_IPC_HOOK_CLI': '/run/user/1000/vscode-ipc-f38ae8e5-aa41-4bdc-8e0c-b420aae207c9.sock', 'JETSON_L4T': '36.4.7', 'ROS_PYTHON_VERSION': '3', 'JETSON_MODEL': 'NVIDIA Jetson Orin NX Engineering Reference Developer Kit', 'PAGER': 'cat', 'VSCODE_GIT_ASKPASS_MAIN': '/home/techsas/.antigravity-server/bin/1.23.2-15487b3041e65228cae24980a3f796c905ef582c/extensions/git/dist/askpass-main.js', 'LC_MONETARY': 'id_ID.UTF-8', 'VSCODE_GIT_ASKPASS_NODE': '/home/techsas/.antigravity-server/bin/1.23.2-15487b3041e65228cae24980a3f796c905ef582c/node', 'VSCODE_PYTHON_AUTOACTIVATE_GUARD': '1', 'DBUS_SESSION_BUS_ADDRESS': 'unix:path=/run/user/1000/bus', 'COLORTERM': 'truecolor', 'ANTIGRAVITY_AGENT': '1', 'COLCON_PREFIX_PATH': '/home/techsas/microros_ws/install:/home/techsas/auv_ws/install', 'ROS_DISTRO': 'humble', 'LOGNAME': 'techsas', 'JETSON_MODULE': 'NVIDIA Jetson Orin NX (16GB ram)', 'JETSON_SERIAL_NUMBER': '1420424252884', '_': '/usr/bin/colcon', 'ROS_VERSION': '2', 'XDG_SESSION_CLASS': 'user', 'TERM': 'xterm-256color', 'XDG_SESSION_ID': '4', 'ROS_LOCALHOST_ONLY': '0', 'PATH': '/usr/local/cuda-12.6/bin:/home/techsas/.antigravity-server/bin/1.23.2-15487b3041e65228cae24980a3f796c905ef582c/bin/remote-cli:/home/techsas/.local/bin:/opt/ros/humble/bin:/usr/local/cuda-12.6/bin:/usr/local/sbin:/usr/local/bin:/usr/sbin:/usr/bin:/sbin:/bin:/usr/games:/usr/local/games:/snap/bin', 'LC_ADDRESS': 'id_ID.UTF-8', 'XDG_RUNTIME_DIR': '/run/user/1000', 'LANG': 'en_US.UTF-8', 'LC_TELEPHONE': 'id_ID.UTF-8', 'LS_COLORS': 'rs=0:di=01;34:ln=01;36:mh=00:pi=40;33:so=01;35:do=01;35:bd=40;33;01:cd=40;33;01:or=40;31;01:mi=00:su=37;41:sg=30;43:ca=30;41:tw=30;42:ow=34;42:st=37;44:ex=01;32:*.tar=01;31:*.tgz=01;31:*.arc=01;31:*.arj=01;31:*.taz=01;31:*.lha=01;31:*.lz4=01;31:*.lzh=01;31:*.lzma=01;31:*.tlz=01;31:*.txz=01;31:*.tzo=01;31:*.t7z=01;31:*.zip=01;31:*.z=01;31:*.dz=01;31:*.gz=01;31:*.lrz=01;31:*.lz=01;31:*.lzo=01;31:*.xz=01;31:*.zst=01;31:*.tzst=01;31:*.bz2=01;31:*.bz=01;31:*.tbz=01;31:*.tbz2=01;31:*.tz=01;31:*.deb=01;31:*.rpm=01;31:*.jar=01;31:*.war=01;31:*.ear=01;31:*.sar=01;31:*.rar=01;31:*.alz=01;31:*.ace=01;31:*.zoo=01;31:*.cpio=01;31:*.7z=01;31:*.rz=01;31:*.cab=01;31:*.wim=01;31:*.swm=01;31:*.dwm=01;31:*.esd=01;31:*.jpg=01;35:*.jpeg=01;35:*.mjpg=01;35:*.mjpeg=01;35:*.gif=01;35:*.bmp=01;35:*.pbm=01;35:*.pgm=01;35:*.ppm=01;35:*.tga=01;35:*.xbm=01;35:*.xpm=01;35:*.tif=01;35:*.tiff=01;35:*.png=01;35:*.svg=01;35:*.svgz=01;35:*.mng=01;35:*.pcx=01;35:*.mov=01;35:*.mpg=01;35:*.mpeg=01;35:*.m2v=01;35:*.mkv=01;35:*.webm=01;35:*.webp=01;35:*.ogm=01;35:*.mp4=01;35:*.m4v=01;35:*.mp4v=01;35:*.vob=01;35:*.qt=01;35:*.nuv=01;35:*.wmv=01;35:*.asf=01;35:*.rm=01;35:*.rmvb=01;35:*.flc=01;35:*.avi=01;35:*.fli=01;35:*.flv=01;35:*.gl=01;35:*.dl=01;35:*.xcf=01;35:*.xwd=01;35:*.yuv=01;35:*.cgm=01;35:*.emf=01;35:*.ogv=01;35:*.ogx=01;35:*.aac=00;36:*.au=00;36:*.flac=00;36:*.m4a=00;36:*.mid=00;36:*.midi=00;36:*.mka=00;36:*.mp3=00;36:*.mpc=00;36:*.ogg=00;36:*.ra=00;36:*.wav=00;36:*.oga=00;36:*.opus=00;36:*.spx=00;36:*.xspf=00;36:', 'JETSON_SOC': 'tegra234', 'VSCODE_GIT_IPC_HANDLE': '/run/user/1000/vscode-git-5f1c2c4ac7.sock', 'TERM_PROGRAM': 'vscode', 'SSH_AUTH_SOCK': '/tmp/.antigravity-server/.15487b3041e65228cae24980a3f796c905ef582c-ssh-auth.sock', 'AMENT_PREFIX_PATH': '/home/techsas/auv_ws/install/auv_pkg:/home/techsas/auv_ws/install/auv_interfaces:/home/techsas/microros_ws/install/micro_ros_setup:/home/techsas/microros_ws/install/micro_ros_agent:/home/techsas/microros_ws/install/micro_ros_msgs:/opt/ros/humble', 'SHELL': '/bin/bash', 'LC_NAME': 'id_ID.UTF-8', 'LESSCLOSE': '/usr/bin/lesspipe %s %s', 'LC_MEASUREMENT': 'id_ID.UTF-8', 'LC_IDENTIFICATION': 'id_ID.UTF-8', 'VSCODE_GIT_ASKPASS_EXTRA_ARGS': '', 'JETSON_CUDA_ARCH_BIN': '8.7', 'PWD': '/home/techsas/auv_ws/build/auv_rov', 'LC_ALL': 'en_US.UTF-8', 'SSH_CONNECTION': '192.168.2.2 55802 192.168.2.1 22', 'XDG_DATA_DIRS': '/usr/share/gnome:/usr/local/share:/usr/share:/var/lib/snapd/desktop', 'PYTHONPATH': '/home/techsas/auv_ws/build/auv_rov/prefix_override:/usr/lib/python3/dist-packages/colcon_core/task/python/colcon_distutils_commands:/home/techsas/auv_ws/install/auv_rov/lib/python3.10/site-packages:/usr/local/lib/python3.10/dist-packages/:/usr/local/lib/python3.10/dist-packages/:/home/techsas/auv_ws/build/auv_pkg:/home/techsas/auv_ws/install/auv_pkg/lib/python3.10/site-packages:/home/techsas/auv_ws/install/auv_interfaces/local/lib/python3.10/dist-packages:/home/techsas/microros_ws/install/micro_ros_msgs/local/lib/python3.10/dist-packages:/opt/ros/humble/lib/python3.10/site-packages:/opt/ros/humble/local/lib/python3.10/dist-packages', 'LC_NUMERIC': 'id_ID.UTF-8', 'LC_PAPER': 'id_ID.UTF-8', 'COLCON': '1', 'JETSON_JETPACK': '', 'CMAKE_PREFIX_PATH': '/home/techsas/auv_ws/install/auv_interfaces:/home/techsas/microros_ws/install/micro_ros_setup:/home/techsas/microros_ws/install/micro_ros_agent:/home/techsas/microros_ws/install/micro_ros_msgs', 'JETSON_P_NUMBER': 'p3767-0000'}, 'shell': False}
[1.503599] (-) TimerEvent: {}
[1.604141] (-) TimerEvent: {}
[1.704684] (-) TimerEvent: {}
[1.805233] (-) TimerEvent: {}
[1.905793] (-) TimerEvent: {}
[1.907326] (auv_rov) StdoutLine: {'line': b'running develop\n'}
[2.005914] (-) TimerEvent: {}
[2.053375] (auv_pkg) Command: {'cmd': ['/usr/bin/python3', '-W', 'ignore:setup.py install is deprecated', '-W', 'ignore:easy_install command is deprecated', 'setup.py', 'develop', '--editable', '--build-directory', '/home/techsas/auv_ws/build/auv_pkg/build', '--no-deps', 'symlink_data'], 'cwd': '/home/techsas/auv_ws/build/auv_pkg', 'env': {'LESSOPEN': '| /usr/bin/lesspipe %s', 'USER': 'techsas', 'SSH_CLIENT': '192.168.2.2 55802 22', 'LC_TIME': 'id_ID.UTF-8', 'XDG_SESSION_TYPE': 'tty', 'GIT_ASKPASS': '/home/techsas/.antigravity-server/bin/1.23.2-15487b3041e65228cae24980a3f796c905ef582c/extensions/git/dist/askpass.sh', 'SHLVL': '1', 'LD_LIBRARY_PATH': '/home/techsas/auv_ws/install/auv_interfaces/lib:/usr/local/lib:/usr/local/cuda-12.6/lib64:/usr/local/lib:/home/techsas/microros_ws/install/micro_ros_agent/lib:/home/techsas/microros_ws/install/micro_ros_msgs/lib:/opt/ros/humble/opt/rviz_ogre_vendor/lib:/opt/ros/humble/lib/aarch64-linux-gnu:/opt/ros/humble/lib:/usr/local/cuda-12.6/lib64', 'BROWSER': '/home/techsas/.antigravity-server/bin/1.23.2-15487b3041e65228cae24980a3f796c905ef582c/bin/helpers/browser.sh', 'ANTIGRAVITY_CLI_ALIAS': 'agy', 'MOTD_SHOWN': 'pam', 'HOME': '/home/techsas', 'OLDPWD': '/home/techsas/auv_ws/src/auv_rov', 'TERM_PROGRAM_VERSION': '1.107.0', 'VSCODE_IPC_HOOK_CLI': '/run/user/1000/vscode-ipc-f38ae8e5-aa41-4bdc-8e0c-b420aae207c9.sock', 'JETSON_L4T': '36.4.7', 'ROS_PYTHON_VERSION': '3', 'JETSON_MODEL': 'NVIDIA Jetson Orin NX Engineering Reference Developer Kit', 'PAGER': 'cat', 'VSCODE_GIT_ASKPASS_MAIN': '/home/techsas/.antigravity-server/bin/1.23.2-15487b3041e65228cae24980a3f796c905ef582c/extensions/git/dist/askpass-main.js', 'LC_MONETARY': 'id_ID.UTF-8', 'VSCODE_GIT_ASKPASS_NODE': '/home/techsas/.antigravity-server/bin/1.23.2-15487b3041e65228cae24980a3f796c905ef582c/node', 'VSCODE_PYTHON_AUTOACTIVATE_GUARD': '1', 'DBUS_SESSION_BUS_ADDRESS': 'unix:path=/run/user/1000/bus', 'COLORTERM': 'truecolor', 'ANTIGRAVITY_AGENT': '1', 'COLCON_PREFIX_PATH': '/home/techsas/microros_ws/install:/home/techsas/auv_ws/install', 'ROS_DISTRO': 'humble', 'LOGNAME': 'techsas', 'JETSON_MODULE': 'NVIDIA Jetson Orin NX (16GB ram)', 'JETSON_SERIAL_NUMBER': '1420424252884', '_': '/usr/bin/colcon', 'ROS_VERSION': '2', 'XDG_SESSION_CLASS': 'user', 'TERM': 'xterm-256color', 'XDG_SESSION_ID': '4', 'ROS_LOCALHOST_ONLY': '0', 'PATH': '/usr/local/cuda-12.6/bin:/home/techsas/.antigravity-server/bin/1.23.2-15487b3041e65228cae24980a3f796c905ef582c/bin/remote-cli:/home/techsas/.local/bin:/opt/ros/humble/bin:/usr/local/cuda-12.6/bin:/usr/local/sbin:/usr/local/bin:/usr/sbin:/usr/bin:/sbin:/bin:/usr/games:/usr/local/games:/snap/bin', 'LC_ADDRESS': 'id_ID.UTF-8', 'XDG_RUNTIME_DIR': '/run/user/1000', 'LANG': 'en_US.UTF-8', 'LC_TELEPHONE': 'id_ID.UTF-8', 'LS_COLORS': 'rs=0:di=01;34:ln=01;36:mh=00:pi=40;33:so=01;35:do=01;35:bd=40;33;01:cd=40;33;01:or=40;31;01:mi=00:su=37;41:sg=30;43:ca=30;41:tw=30;42:ow=34;42:st=37;44:ex=01;32:*.tar=01;31:*.tgz=01;31:*.arc=01;31:*.arj=01;31:*.taz=01;31:*.lha=01;31:*.lz4=01;31:*.lzh=01;31:*.lzma=01;31:*.tlz=01;31:*.txz=01;31:*.tzo=01;31:*.t7z=01;31:*.zip=01;31:*.z=01;31:*.dz=01;31:*.gz=01;31:*.lrz=01;31:*.lz=01;31:*.lzo=01;31:*.xz=01;31:*.zst=01;31:*.tzst=01;31:*.bz2=01;31:*.bz=01;31:*.tbz=01;31:*.tbz2=01;31:*.tz=01;31:*.deb=01;31:*.rpm=01;31:*.jar=01;31:*.war=01;31:*.ear=01;31:*.sar=01;31:*.rar=01;31:*.alz=01;31:*.ace=01;31:*.zoo=01;31:*.cpio=01;31:*.7z=01;31:*.rz=01;31:*.cab=01;31:*.wim=01;31:*.swm=01;31:*.dwm=01;31:*.esd=01;31:*.jpg=01;35:*.jpeg=01;35:*.mjpg=01;35:*.mjpeg=01;35:*.gif=01;35:*.bmp=01;35:*.pbm=01;35:*.pgm=01;35:*.ppm=01;35:*.tga=01;35:*.xbm=01;35:*.xpm=01;35:*.tif=01;35:*.tiff=01;35:*.png=01;35:*.svg=01;35:*.svgz=01;35:*.mng=01;35:*.pcx=01;35:*.mov=01;35:*.mpg=01;35:*.mpeg=01;35:*.m2v=01;35:*.mkv=01;35:*.webm=01;35:*.webp=01;35:*.ogm=01;35:*.mp4=01;35:*.m4v=01;35:*.mp4v=01;35:*.vob=01;35:*.qt=01;35:*.nuv=01;35:*.wmv=01;35:*.asf=01;35:*.rm=01;35:*.rmvb=01;35:*.flc=01;35:*.avi=01;35:*.fli=01;35:*.flv=01;35:*.gl=01;35:*.dl=01;35:*.xcf=01;35:*.xwd=01;35:*.yuv=01;35:*.cgm=01;35:*.emf=01;35:*.ogv=01;35:*.ogx=01;35:*.aac=00;36:*.au=00;36:*.flac=00;36:*.m4a=00;36:*.mid=00;36:*.midi=00;36:*.mka=00;36:*.mp3=00;36:*.mpc=00;36:*.ogg=00;36:*.ra=00;36:*.wav=00;36:*.oga=00;36:*.opus=00;36:*.spx=00;36:*.xspf=00;36:', 'JETSON_SOC': 'tegra234', 'VSCODE_GIT_IPC_HANDLE': '/run/user/1000/vscode-git-5f1c2c4ac7.sock', 'TERM_PROGRAM': 'vscode', 'SSH_AUTH_SOCK': '/tmp/.antigravity-server/.15487b3041e65228cae24980a3f796c905ef582c-ssh-auth.sock', 'AMENT_PREFIX_PATH': '/home/techsas/auv_ws/install/auv_pkg:/home/techsas/auv_ws/install/auv_interfaces:/home/techsas/microros_ws/install/micro_ros_setup:/home/techsas/microros_ws/install/micro_ros_agent:/home/techsas/microros_ws/install/micro_ros_msgs:/opt/ros/humble', 'SHELL': '/bin/bash', 'LC_NAME': 'id_ID.UTF-8', 'LESSCLOSE': '/usr/bin/lesspipe %s %s', 'LC_MEASUREMENT': 'id_ID.UTF-8', 'LC_IDENTIFICATION': 'id_ID.UTF-8', 'VSCODE_GIT_ASKPASS_EXTRA_ARGS': '', 'JETSON_CUDA_ARCH_BIN': '8.7', 'PWD': '/home/techsas/auv_ws/build/auv_pkg', 'LC_ALL': 'en_US.UTF-8', 'SSH_CONNECTION': '192.168.2.2 55802 192.168.2.1 22', 'XDG_DATA_DIRS': '/usr/share/gnome:/usr/local/share:/usr/share:/var/lib/snapd/desktop', 'PYTHONPATH': '/home/techsas/auv_ws/build/auv_pkg/prefix_override:/usr/lib/python3/dist-packages/colcon_core/task/python/colcon_distutils_commands:/home/techsas/auv_ws/install/auv_pkg/lib/python3.10/site-packages:/usr/local/lib/python3.10/dist-packages/:/usr/local/lib/python3.10/dist-packages/:/home/techsas/auv_ws/build/auv_pkg:/home/techsas/auv_ws/install/auv_pkg/lib/python3.10/site-packages:/home/techsas/auv_ws/install/auv_interfaces/local/lib/python3.10/dist-packages:/home/techsas/microros_ws/install/micro_ros_msgs/local/lib/python3.10/dist-packages:/opt/ros/humble/lib/python3.10/site-packages:/opt/ros/humble/local/lib/python3.10/dist-packages', 'LC_NUMERIC': 'id_ID.UTF-8', 'LC_PAPER': 'id_ID.UTF-8', 'COLCON': '1', 'JETSON_JETPACK': '', 'CMAKE_PREFIX_PATH': '/home/techsas/auv_ws/install/auv_interfaces:/home/techsas/microros_ws/install/micro_ros_setup:/home/techsas/microros_ws/install/micro_ros_agent:/home/techsas/microros_ws/install/micro_ros_msgs', 'JETSON_P_NUMBER': 'p3767-0000'}, 'shell': False}
[2.106031] (-) TimerEvent: {}
[2.202331] (auv_rov) StdoutLine: {'line': b'running egg_info\n'}
[2.202790] (auv_rov) StdoutLine: {'line': b'writing auv_rov.egg-info/PKG-INFO\n'}
[2.203186] (auv_rov) StdoutLine: {'line': b'writing dependency_links to auv_rov.egg-info/dependency_links.txt\n'}
[2.203452] (auv_rov) StdoutLine: {'line': b'writing entry points to auv_rov.egg-info/entry_points.txt\n'}
[2.203661] (auv_rov) StdoutLine: {'line': b'writing requirements to auv_rov.egg-info/requires.txt\n'}
[2.203833] (auv_rov) StdoutLine: {'line': b'writing top-level names to auv_rov.egg-info/top_level.txt\n'}
[2.206084] (-) TimerEvent: {}
[2.207096] (auv_rov) StdoutLine: {'line': b"reading manifest file 'auv_rov.egg-info/SOURCES.txt'\n"}
[2.208157] (auv_rov) StdoutLine: {'line': b"writing manifest file 'auv_rov.egg-info/SOURCES.txt'\n"}
[2.210598] (auv_rov) StdoutLine: {'line': b'running build_ext\n'}
[2.210957] (auv_rov) StdoutLine: {'line': b'Creating /home/techsas/auv_ws/install/auv_rov/lib/python3.10/site-packages/auv-rov.egg-link (link to .)\n'}
[2.212495] (auv_rov) StdoutLine: {'line': b'\n'}
[2.212664] (auv_rov) StdoutLine: {'line': b'Installed /home/techsas/auv_ws/build/auv_rov\n'}
[2.212771] (auv_rov) StdoutLine: {'line': b'running symlink_data\n'}
[2.285664] (auv_rov) CommandEnded: {'returncode': 0}
[2.306249] (-) TimerEvent: {}
[2.315977] (auv_rov) JobEnded: {'identifier': 'auv_rov', 'rc': 0}
[2.406366] (-) TimerEvent: {}
[2.506826] (-) TimerEvent: {}
[2.509847] (auv_pkg) StdoutLine: {'line': b'running develop\n'}
[2.607052] (-) TimerEvent: {}
[2.707740] (-) TimerEvent: {}
[2.805739] (auv_pkg) StdoutLine: {'line': b'running egg_info\n'}
[2.806309] (auv_pkg) StdoutLine: {'line': b'writing auv_pkg.egg-info/PKG-INFO\n'}
[2.806611] (auv_pkg) StdoutLine: {'line': b'writing dependency_links to auv_pkg.egg-info/dependency_links.txt\n'}
[2.807117] (auv_pkg) StdoutLine: {'line': b'writing entry points to auv_pkg.egg-info/entry_points.txt\n'}
[2.807388] (auv_pkg) StdoutLine: {'line': b'writing requirements to auv_pkg.egg-info/requires.txt\n'}
[2.807630] (auv_pkg) StdoutLine: {'line': b'writing top-level names to auv_pkg.egg-info/top_level.txt\n'}
[2.807817] (-) TimerEvent: {}
[2.811028] (auv_pkg) StdoutLine: {'line': b"reading manifest file 'auv_pkg.egg-info/SOURCES.txt'\n"}
[2.812825] (auv_pkg) StdoutLine: {'line': b"writing manifest file 'auv_pkg.egg-info/SOURCES.txt'\n"}
[2.815158] (auv_pkg) StdoutLine: {'line': b'running build_ext\n'}
[2.815663] (auv_pkg) StdoutLine: {'line': b'Creating /home/techsas/auv_ws/install/auv_pkg/lib/python3.10/site-packages/auv-pkg.egg-link (link to .)\n'}
[2.817299] (auv_pkg) StdoutLine: {'line': b'Installing accumulator script to /home/techsas/auv_ws/install/auv_pkg/lib/auv_pkg\n'}
[2.817789] (auv_pkg) StdoutLine: {'line': b'Installing accumulator_fadhil script to /home/techsas/auv_ws/install/auv_pkg/lib/auv_pkg\n'}
[2.818215] (auv_pkg) StdoutLine: {'line': b'Installing accumulator_new script to /home/techsas/auv_ws/install/auv_pkg/lib/auv_pkg\n'}
[2.818556] (auv_pkg) StdoutLine: {'line': b'Installing bucket_detection script to /home/techsas/auv_ws/install/auv_pkg/lib/auv_pkg\n'}
[2.818866] (auv_pkg) StdoutLine: {'line': b'Installing gui_timer script to /home/techsas/auv_ws/install/auv_pkg/lib/auv_pkg\n'}
[2.819243] (auv_pkg) StdoutLine: {'line': b'Installing guidance_flag1 script to /home/techsas/auv_ws/install/auv_pkg/lib/auv_pkg\n'}
[2.819586] (auv_pkg) StdoutLine: {'line': b'Installing guidance_flag2 script to /home/techsas/auv_ws/install/auv_pkg/lib/auv_pkg\n'}
[2.819915] (auv_pkg) StdoutLine: {'line': b'Installing guidance_flag3 script to /home/techsas/auv_ws/install/auv_pkg/lib/auv_pkg\n'}
[2.820247] (auv_pkg) StdoutLine: {'line': b'Installing guidance_flare_gate script to /home/techsas/auv_ws/install/auv_pkg/lib/auv_pkg\n'}
[2.820578] (auv_pkg) StdoutLine: {'line': b'Installing guidance_full_reynard script to /home/techsas/auv_ws/install/auv_pkg/lib/auv_pkg\n'}
[2.820873] (auv_pkg) StdoutLine: {'line': b'Installing guidance_full_reynard_v2 script to /home/techsas/auv_ws/install/auv_pkg/lib/auv_pkg\n'}
[2.821208] (auv_pkg) StdoutLine: {'line': b'Installing guidance_mission script to /home/techsas/auv_ws/install/auv_pkg/lib/auv_pkg\n'}
[2.821538] (auv_pkg) StdoutLine: {'line': b'Installing guidance_new script to /home/techsas/auv_ws/install/auv_pkg/lib/auv_pkg\n'}
[2.821779] (auv_pkg) StdoutLine: {'line': b'Installing guidance_orange_gate_bucket script to /home/techsas/auv_ws/install/auv_pkg/lib/auv_pkg\n'}
[2.822217] (auv_pkg) StdoutLine: {'line': b'Installing guidance_sauvc_fadhil script to /home/techsas/auv_ws/install/auv_pkg/lib/auv_pkg\n'}
[2.822550] (auv_pkg) StdoutLine: {'line': b'Installing guidance_sauvc_qualification script to /home/techsas/auv_ws/install/auv_pkg/lib/auv_pkg\n'}
[2.822796] (auv_pkg) StdoutLine: {'line': b'Installing guidance_teensy script to /home/techsas/auv_ws/install/auv_pkg/lib/auv_pkg\n'}
[2.823169] (auv_pkg) StdoutLine: {'line': b'Installing map_sauvc script to /home/techsas/auv_ws/install/auv_pkg/lib/auv_pkg\n'}
[2.823416] (auv_pkg) StdoutLine: {'line': b'Installing object_detection script to /home/techsas/auv_ws/install/auv_pkg/lib/auv_pkg\n'}
[2.823656] (auv_pkg) StdoutLine: {'line': b'Installing object_detection_new script to /home/techsas/auv_ws/install/auv_pkg/lib/auv_pkg\n'}
[2.823885] (auv_pkg) StdoutLine: {'line': b'Installing pid_logger_pub script to /home/techsas/auv_ws/install/auv_pkg/lib/auv_pkg\n'}
[2.824113] (auv_pkg) StdoutLine: {'line': b'Installing pub_teensy script to /home/techsas/auv_ws/install/auv_pkg/lib/auv_pkg\n'}
[2.824337] (auv_pkg) StdoutLine: {'line': b'Installing pub_teensy_serial_simple script to /home/techsas/auv_ws/install/auv_pkg/lib/auv_pkg\n'}
[2.824558] (auv_pkg) StdoutLine: {'line': b'Installing pub_yaw_only script to /home/techsas/auv_ws/install/auv_pkg/lib/auv_pkg\n'}
[2.824779] (auv_pkg) StdoutLine: {'line': b'Installing serial_monitoring_safety script to /home/techsas/auv_ws/install/auv_pkg/lib/auv_pkg\n'}
[2.825005] (auv_pkg) StdoutLine: {'line': b'Installing serial_monitoring_safety_and_bucket script to /home/techsas/auv_ws/install/auv_pkg/lib/auv_pkg\n'}
[2.825230] (auv_pkg) StdoutLine: {'line': b'Installing tes_gui script to /home/techsas/auv_ws/install/auv_pkg/lib/auv_pkg\n'}
[2.825486] (auv_pkg) StdoutLine: {'line': b'Installing tes_yaw_diff script to /home/techsas/auv_ws/install/auv_pkg/lib/auv_pkg\n'}
[2.825714] (auv_pkg) StdoutLine: {'line': b'Installing test_node script to /home/techsas/auv_ws/install/auv_pkg/lib/auv_pkg\n'}
[2.825934] (auv_pkg) StdoutLine: {'line': b'\n'}
[2.826155] (auv_pkg) StdoutLine: {'line': b'Installed /home/techsas/auv_ws/build/auv_pkg\n'}
[2.826398] (auv_pkg) StdoutLine: {'line': b'running symlink_data\n'}
[2.900429] (auv_pkg) CommandEnded: {'returncode': 0}
[2.907945] (-) TimerEvent: {}
[2.932253] (auv_pkg) JobEnded: {'identifier': 'auv_pkg', 'rc': 0}
[2.934856] (-) EventReactorShutdown: {}
