[0.000000] (-) TimerEvent: {}
[0.000641] (auv_interfaces) JobQueued: {'identifier': 'auv_interfaces', 'dependencies': OrderedDict()}
[0.001103] (auv_rov) JobQueued: {'identifier': 'auv_rov', 'dependencies': OrderedDict()}
[0.001330] (auv_pkg) JobQueued: {'identifier': 'auv_pkg', 'dependencies': OrderedDict([('auv_interfaces', '/home/techsas/auv_ws/install/auv_interfaces')])}
[0.001536] (auv_interfaces) JobStarted: {'identifier': 'auv_interfaces'}
[0.014123] (auv_rov) JobStarted: {'identifier': 'auv_rov'}
[0.026598] (auv_interfaces) JobProgress: {'identifier': 'auv_interfaces', 'progress': 'cmake'}
[0.028562] (auv_interfaces) JobProgress: {'identifier': 'auv_interfaces', 'progress': 'build'}
[0.029715] (auv_interfaces) Command: {'cmd': ['/usr/bin/cmake', '--build', '/home/techsas/auv_ws/build/auv_interfaces', '--', '-j8', '-l8'], 'cwd': '/home/techsas/auv_ws/build/auv_interfaces', 'env': OrderedDict([('LESSOPEN', '| /usr/bin/lesspipe %s'), ('USER', 'techsas'), ('SSH_CLIENT', '192.168.2.2 55802 22'), ('LC_TIME', 'id_ID.UTF-8'), ('XDG_SESSION_TYPE', 'tty'), ('GIT_ASKPASS', '/home/techsas/.antigravity-server/bin/1.23.2-15487b3041e65228cae24980a3f796c905ef582c/extensions/git/dist/askpass.sh'), ('SHLVL', '1'), ('LD_LIBRARY_PATH', '/usr/local/lib:/usr/local/cuda-12.6/lib64:/usr/local/lib:/home/techsas/auv_ws/install/auv_interfaces/lib:/home/techsas/microros_ws/install/micro_ros_agent/lib:/home/techsas/microros_ws/install/micro_ros_msgs/lib:/opt/ros/humble/opt/rviz_ogre_vendor/lib:/opt/ros/humble/lib/aarch64-linux-gnu:/opt/ros/humble/lib:/usr/local/cuda-12.6/lib64:'), ('BROWSER', '/home/techsas/.antigravity-server/bin/1.23.2-15487b3041e65228cae24980a3f796c905ef582c/bin/helpers/browser.sh'), ('ANTIGRAVITY_CLI_ALIAS', 'agy'), ('MOTD_SHOWN', 'pam'), ('HOME', '/home/techsas'), ('OLDPWD', '/home/techsas/auv_ws/src/auv_rov'), ('TERM_PROGRAM_VERSION', '1.107.0'), ('VSCODE_IPC_HOOK_CLI', '/run/user/1000/vscode-ipc-f38ae8e5-aa41-4bdc-8e0c-b420aae207c9.sock'), ('JETSON_L4T', '36.4.7'), ('ROS_PYTHON_VERSION', '3'), ('JETSON_MODEL', 'NVIDIA Jetson Orin NX Engineering Reference Developer Kit'), ('PAGER', 'cat'), ('VSCODE_GIT_ASKPASS_MAIN', '/home/techsas/.antigravity-server/bin/1.23.2-15487b3041e65228cae24980a3f796c905ef582c/extensions/git/dist/askpass-main.js'), ('LC_MONETARY', 'id_ID.UTF-8'), ('VSCODE_GIT_ASKPASS_NODE', '/home/techsas/.antigravity-server/bin/1.23.2-15487b3041e65228cae24980a3f796c905ef582c/node'), ('VSCODE_PYTHON_AUTOACTIVATE_GUARD', '1'), ('DBUS_SESSION_BUS_ADDRESS', 'unix:path=/run/user/1000/bus'), ('COLORTERM', 'truecolor'), ('ANTIGRAVITY_AGENT', '1'), ('COLCON_PREFIX_PATH', '/home/techsas/microros_ws/install:/home/techsas/auv_ws/install'), ('ROS_DISTRO', 'humble'), ('LOGNAME', 'techsas'), ('JETSON_MODULE', 'NVIDIA Jetson Orin NX (16GB ram)'), ('JETSON_SERIAL_NUMBER', '1420424252884'), ('_', '/usr/bin/colcon'), ('ROS_VERSION', '2'), ('XDG_SESSION_CLASS', 'user'), ('TERM', 'xterm-256color'), ('XDG_SESSION_ID', '4'), ('ROS_LOCALHOST_ONLY', '0'), ('PATH', '/usr/local/cuda-12.6/bin:/home/techsas/.antigravity-server/bin/1.23.2-15487b3041e65228cae24980a3f796c905ef582c/bin/remote-cli:/home/techsas/.local/bin:/opt/ros/humble/bin:/usr/local/cuda-12.6/bin:/usr/local/sbin:/usr/local/bin:/usr/sbin:/usr/bin:/sbin:/bin:/usr/games:/usr/local/games:/snap/bin'), ('LC_ADDRESS', 'id_ID.UTF-8'), ('XDG_RUNTIME_DIR', '/run/user/1000'), ('LANG', 'en_US.UTF-8'), ('LC_TELEPHONE', 'id_ID.UTF-8'), ('LS_COLORS', 'rs=0:di=01;34:ln=01;36:mh=00:pi=40;33:so=01;35:do=01;35:bd=40;33;01:cd=40;33;01:or=40;31;01:mi=00:su=37;41:sg=30;43:ca=30;41:tw=30;42:ow=34;42:st=37;44:ex=01;32:*.tar=01;31:*.tgz=01;31:*.arc=01;31:*.arj=01;31:*.taz=01;31:*.lha=01;31:*.lz4=01;31:*.lzh=01;31:*.lzma=01;31:*.tlz=01;31:*.txz=01;31:*.tzo=01;31:*.t7z=01;31:*.zip=01;31:*.z=01;31:*.dz=01;31:*.gz=01;31:*.lrz=01;31:*.lz=01;31:*.lzo=01;31:*.xz=01;31:*.zst=01;31:*.tzst=01;31:*.bz2=01;31:*.bz=01;31:*.tbz=01;31:*.tbz2=01;31:*.tz=01;31:*.deb=01;31:*.rpm=01;31:*.jar=01;31:*.war=01;31:*.ear=01;31:*.sar=01;31:*.rar=01;31:*.alz=01;31:*.ace=01;31:*.zoo=01;31:*.cpio=01;31:*.7z=01;31:*.rz=01;31:*.cab=01;31:*.wim=01;31:*.swm=01;31:*.dwm=01;31:*.esd=01;31:*.jpg=01;35:*.jpeg=01;35:*.mjpg=01;35:*.mjpeg=01;35:*.gif=01;35:*.bmp=01;35:*.pbm=01;35:*.pgm=01;35:*.ppm=01;35:*.tga=01;35:*.xbm=01;35:*.xpm=01;35:*.tif=01;35:*.tiff=01;35:*.png=01;35:*.svg=01;35:*.svgz=01;35:*.mng=01;35:*.pcx=01;35:*.mov=01;35:*.mpg=01;35:*.mpeg=01;35:*.m2v=01;35:*.mkv=01;35:*.webm=01;35:*.webp=01;35:*.ogm=01;35:*.mp4=01;35:*.m4v=01;35:*.mp4v=01;35:*.vob=01;35:*.qt=01;35:*.nuv=01;35:*.wmv=01;35:*.asf=01;35:*.rm=01;35:*.rmvb=01;35:*.flc=01;35:*.avi=01;35:*.fli=01;35:*.flv=01;35:*.gl=01;35:*.dl=01;35:*.xcf=01;35:*.xwd=01;35:*.yuv=01;35:*.cgm=01;35:*.emf=01;35:*.ogv=01;35:*.ogx=01;35:*.aac=00;36:*.au=00;36:*.flac=00;36:*.m4a=00;36:*.mid=00;36:*.midi=00;36:*.mka=00;36:*.mp3=00;36:*.mpc=00;36:*.ogg=00;36:*.ra=00;36:*.wav=00;36:*.oga=00;36:*.opus=00;36:*.spx=00;36:*.xspf=00;36:'), ('JETSON_SOC', 'tegra234'), ('VSCODE_GIT_IPC_HANDLE', '/run/user/1000/vscode-git-5f1c2c4ac7.sock'), ('TERM_PROGRAM', 'vscode'), ('SSH_AUTH_SOCK', '/tmp/.antigravity-server/.15487b3041e65228cae24980a3f796c905ef582c-ssh-auth.sock'), ('AMENT_PREFIX_PATH', '/home/techsas/auv_ws/install/auv_pkg:/home/techsas/auv_ws/install/auv_interfaces:/home/techsas/microros_ws/install/micro_ros_setup:/home/techsas/microros_ws/install/micro_ros_agent:/home/techsas/microros_ws/install/micro_ros_msgs:/opt/ros/humble'), ('SHELL', '/bin/bash'), ('LC_NAME', 'id_ID.UTF-8'), ('LESSCLOSE', '/usr/bin/lesspipe %s %s'), ('LC_MEASUREMENT', 'id_ID.UTF-8'), ('LC_IDENTIFICATION', 'id_ID.UTF-8'), ('VSCODE_GIT_ASKPASS_EXTRA_ARGS', ''), ('JETSON_CUDA_ARCH_BIN', '8.7'), ('PWD', '/home/techsas/auv_ws/build/auv_interfaces'), ('LC_ALL', 'en_US.UTF-8'), ('SSH_CONNECTION', '192.168.2.2 55802 192.168.2.1 22'), ('XDG_DATA_DIRS', '/usr/share/gnome:/usr/local/share:/usr/share:/var/lib/snapd/desktop'), ('PYTHONPATH', '/usr/local/lib/python3.10/dist-packages/:/usr/local/lib/python3.10/dist-packages/:/home/techsas/auv_ws/build/auv_pkg:/home/techsas/auv_ws/install/auv_pkg/lib/python3.10/site-packages:/home/techsas/auv_ws/install/auv_interfaces/local/lib/python3.10/dist-packages:/home/techsas/microros_ws/install/micro_ros_msgs/local/lib/python3.10/dist-packages:/opt/ros/humble/lib/python3.10/site-packages:/opt/ros/humble/local/lib/python3.10/dist-packages'), ('LC_NUMERIC', 'id_ID.UTF-8'), ('LC_PAPER', 'id_ID.UTF-8'), ('COLCON', '1'), ('JETSON_JETPACK', ''), ('CMAKE_PREFIX_PATH', '/home/techsas/auv_ws/install/auv_interfaces:/home/techsas/microros_ws/install/micro_ros_setup:/home/techsas/microros_ws/install/micro_ros_agent:/home/techsas/microros_ws/install/micro_ros_msgs:/home/techsas/auv_ws/install/auv_pkg:/opt/ros/humble'), ('JETSON_P_NUMBER', 'p3767-0000')]), 'shell': False}
[0.099468] (-) TimerEvent: {}
[0.175485] (auv_interfaces) StdoutLine: {'line': b'[  1%] Built target auv_interfaces__rs\n'}
[0.176459] (auv_interfaces) StdoutLine: {'line': b'[  1%] Built target auv_interfaces__cpp\n'}
[0.190638] (auv_interfaces) StdoutLine: {'line': b'[  1%] Built target ament_cmake_python_symlink_auv_interfaces\n'}
[0.196083] (auv_interfaces) StdoutLine: {'line': b'[ 13%] Built target auv_interfaces__rosidl_generator_c\n'}
[0.199713] (-) TimerEvent: {}
[0.245931] (auv_interfaces) StdoutLine: {'line': b'[ 37%] Built target auv_interfaces__rosidl_typesupport_cpp\n'}
[0.246574] (auv_interfaces) StdoutLine: {'line': b'[ 37%] Built target auv_interfaces__rosidl_typesupport_introspection_cpp\n'}
[0.250049] (auv_interfaces) StdoutLine: {'line': b'[ 72%] Built target auv_interfaces__rosidl_typesupport_c\n'}
[0.250368] (auv_interfaces) StdoutLine: {'line': b'[ 73%] Built target auv_interfaces__rosidl_typesupport_introspection_c\n'}
[0.250496] (auv_interfaces) StdoutLine: {'line': b'[ 73%] Built target auv_interfaces__rosidl_typesupport_fastrtps_cpp\n'}
[0.253759] (auv_interfaces) StdoutLine: {'line': b'[ 85%] Built target auv_interfaces__rosidl_typesupport_fastrtps_c\n'}
[0.289299] (auv_interfaces) StdoutLine: {'line': b'[ 85%] Built target auv_interfaces\n'}
[0.299841] (-) TimerEvent: {}
[0.330370] (auv_interfaces) StdoutLine: {'line': b'[ 86%] Built target auv_interfaces__py\n'}
[0.387271] (auv_interfaces) StdoutLine: {'line': b'[ 97%] Built target auv_interfaces__rosidl_generator_py\n'}
[0.399982] (-) TimerEvent: {}
[0.429332] (auv_interfaces) StdoutLine: {'line': b'[100%] Built target auv_interfaces__rosidl_typesupport_fastrtps_c__pyext\n'}
[0.429732] (auv_interfaces) StdoutLine: {'line': b'[100%] Built target auv_interfaces__rosidl_typesupport_c__pyext\n'}
[0.429863] (auv_interfaces) StdoutLine: {'line': b'[100%] Built target auv_interfaces__rosidl_typesupport_introspection_c__pyext\n'}
[0.500081] (-) TimerEvent: {}
[0.600586] (-) TimerEvent: {}
[0.630682] (auv_interfaces) StdoutLine: {'line': b'running egg_info\n'}
[0.632189] (auv_interfaces) StdoutLine: {'line': b'writing auv_interfaces.egg-info/PKG-INFO\n'}
[0.632703] (auv_interfaces) StdoutLine: {'line': b'writing dependency_links to auv_interfaces.egg-info/dependency_links.txt\n'}
[0.633107] (auv_interfaces) StdoutLine: {'line': b'writing top-level names to auv_interfaces.egg-info/top_level.txt\n'}
[0.638414] (auv_interfaces) StdoutLine: {'line': b"reading manifest file 'auv_interfaces.egg-info/SOURCES.txt'\n"}
[0.639655] (auv_interfaces) StdoutLine: {'line': b"writing manifest file 'auv_interfaces.egg-info/SOURCES.txt'\n"}
[0.700710] (-) TimerEvent: {}
[0.705993] (auv_interfaces) StdoutLine: {'line': b'[100%] Built target ament_cmake_python_build_auv_interfaces_egg\n'}
[0.732940] (auv_interfaces) CommandEnded: {'returncode': 0}
[0.737337] (auv_interfaces) JobProgress: {'identifier': 'auv_interfaces', 'progress': 'install'}
[0.754971] (auv_interfaces) Command: {'cmd': ['/usr/bin/cmake', '--install', '/home/techsas/auv_ws/build/auv_interfaces'], 'cwd': '/home/techsas/auv_ws/build/auv_interfaces', 'env': OrderedDict([('LESSOPEN', '| /usr/bin/lesspipe %s'), ('USER', 'techsas'), ('SSH_CLIENT', '192.168.2.2 55802 22'), ('LC_TIME', 'id_ID.UTF-8'), ('XDG_SESSION_TYPE', 'tty'), ('GIT_ASKPASS', '/home/techsas/.antigravity-server/bin/1.23.2-15487b3041e65228cae24980a3f796c905ef582c/extensions/git/dist/askpass.sh'), ('SHLVL', '1'), ('LD_LIBRARY_PATH', '/usr/local/lib:/usr/local/cuda-12.6/lib64:/usr/local/lib:/home/techsas/auv_ws/install/auv_interfaces/lib:/home/techsas/microros_ws/install/micro_ros_agent/lib:/home/techsas/microros_ws/install/micro_ros_msgs/lib:/opt/ros/humble/opt/rviz_ogre_vendor/lib:/opt/ros/humble/lib/aarch64-linux-gnu:/opt/ros/humble/lib:/usr/local/cuda-12.6/lib64:'), ('BROWSER', '/home/techsas/.antigravity-server/bin/1.23.2-15487b3041e65228cae24980a3f796c905ef582c/bin/helpers/browser.sh'), ('ANTIGRAVITY_CLI_ALIAS', 'agy'), ('MOTD_SHOWN', 'pam'), ('HOME', '/home/techsas'), ('OLDPWD', '/home/techsas/auv_ws/src/auv_rov'), ('TERM_PROGRAM_VERSION', '1.107.0'), ('VSCODE_IPC_HOOK_CLI', '/run/user/1000/vscode-ipc-f38ae8e5-aa41-4bdc-8e0c-b420aae207c9.sock'), ('JETSON_L4T', '36.4.7'), ('ROS_PYTHON_VERSION', '3'), ('JETSON_MODEL', 'NVIDIA Jetson Orin NX Engineering Reference Developer Kit'), ('PAGER', 'cat'), ('VSCODE_GIT_ASKPASS_MAIN', '/home/techsas/.antigravity-server/bin/1.23.2-15487b3041e65228cae24980a3f796c905ef582c/extensions/git/dist/askpass-main.js'), ('LC_MONETARY', 'id_ID.UTF-8'), ('VSCODE_GIT_ASKPASS_NODE', '/home/techsas/.antigravity-server/bin/1.23.2-15487b3041e65228cae24980a3f796c905ef582c/node'), ('VSCODE_PYTHON_AUTOACTIVATE_GUARD', '1'), ('DBUS_SESSION_BUS_ADDRESS', 'unix:path=/run/user/1000/bus'), ('COLORTERM', 'truecolor'), ('ANTIGRAVITY_AGENT', '1'), ('COLCON_PREFIX_PATH', '/home/techsas/microros_ws/install:/home/techsas/auv_ws/install'), ('ROS_DISTRO', 'humble'), ('LOGNAME', 'techsas'), ('JETSON_MODULE', 'NVIDIA Jetson Orin NX (16GB ram)'), ('JETSON_SERIAL_NUMBER', '1420424252884'), ('_', '/usr/bin/colcon'), ('ROS_VERSION', '2'), ('XDG_SESSION_CLASS', 'user'), ('TERM', 'xterm-256color'), ('XDG_SESSION_ID', '4'), ('ROS_LOCALHOST_ONLY', '0'), ('PATH', '/usr/local/cuda-12.6/bin:/home/techsas/.antigravity-server/bin/1.23.2-15487b3041e65228cae24980a3f796c905ef582c/bin/remote-cli:/home/techsas/.local/bin:/opt/ros/humble/bin:/usr/local/cuda-12.6/bin:/usr/local/sbin:/usr/local/bin:/usr/sbin:/usr/bin:/sbin:/bin:/usr/games:/usr/local/games:/snap/bin'), ('LC_ADDRESS', 'id_ID.UTF-8'), ('XDG_RUNTIME_DIR', '/run/user/1000'), ('LANG', 'en_US.UTF-8'), ('LC_TELEPHONE', 'id_ID.UTF-8'), ('LS_COLORS', 'rs=0:di=01;34:ln=01;36:mh=00:pi=40;33:so=01;35:do=01;35:bd=40;33;01:cd=40;33;01:or=40;31;01:mi=00:su=37;41:sg=30;43:ca=30;41:tw=30;42:ow=34;42:st=37;44:ex=01;32:*.tar=01;31:*.tgz=01;31:*.arc=01;31:*.arj=01;31:*.taz=01;31:*.lha=01;31:*.lz4=01;31:*.lzh=01;31:*.lzma=01;31:*.tlz=01;31:*.txz=01;31:*.tzo=01;31:*.t7z=01;31:*.zip=01;31:*.z=01;31:*.dz=01;31:*.gz=01;31:*.lrz=01;31:*.lz=01;31:*.lzo=01;31:*.xz=01;31:*.zst=01;31:*.tzst=01;31:*.bz2=01;31:*.bz=01;31:*.tbz=01;31:*.tbz2=01;31:*.tz=01;31:*.deb=01;31:*.rpm=01;31:*.jar=01;31:*.war=01;31:*.ear=01;31:*.sar=01;31:*.rar=01;31:*.alz=01;31:*.ace=01;31:*.zoo=01;31:*.cpio=01;31:*.7z=01;31:*.rz=01;31:*.cab=01;31:*.wim=01;31:*.swm=01;31:*.dwm=01;31:*.esd=01;31:*.jpg=01;35:*.jpeg=01;35:*.mjpg=01;35:*.mjpeg=01;35:*.gif=01;35:*.bmp=01;35:*.pbm=01;35:*.pgm=01;35:*.ppm=01;35:*.tga=01;35:*.xbm=01;35:*.xpm=01;35:*.tif=01;35:*.tiff=01;35:*.png=01;35:*.svg=01;35:*.svgz=01;35:*.mng=01;35:*.pcx=01;35:*.mov=01;35:*.mpg=01;35:*.mpeg=01;35:*.m2v=01;35:*.mkv=01;35:*.webm=01;35:*.webp=01;35:*.ogm=01;35:*.mp4=01;35:*.m4v=01;35:*.mp4v=01;35:*.vob=01;35:*.qt=01;35:*.nuv=01;35:*.wmv=01;35:*.asf=01;35:*.rm=01;35:*.rmvb=01;35:*.flc=01;35:*.avi=01;35:*.fli=01;35:*.flv=01;35:*.gl=01;35:*.dl=01;35:*.xcf=01;35:*.xwd=01;35:*.yuv=01;35:*.cgm=01;35:*.emf=01;35:*.ogv=01;35:*.ogx=01;35:*.aac=00;36:*.au=00;36:*.flac=00;36:*.m4a=00;36:*.mid=00;36:*.midi=00;36:*.mka=00;36:*.mp3=00;36:*.mpc=00;36:*.ogg=00;36:*.ra=00;36:*.wav=00;36:*.oga=00;36:*.opus=00;36:*.spx=00;36:*.xspf=00;36:'), ('JETSON_SOC', 'tegra234'), ('VSCODE_GIT_IPC_HANDLE', '/run/user/1000/vscode-git-5f1c2c4ac7.sock'), ('TERM_PROGRAM', 'vscode'), ('SSH_AUTH_SOCK', '/tmp/.antigravity-server/.15487b3041e65228cae24980a3f796c905ef582c-ssh-auth.sock'), ('AMENT_PREFIX_PATH', '/home/techsas/auv_ws/install/auv_pkg:/home/techsas/auv_ws/install/auv_interfaces:/home/techsas/microros_ws/install/micro_ros_setup:/home/techsas/microros_ws/install/micro_ros_agent:/home/techsas/microros_ws/install/micro_ros_msgs:/opt/ros/humble'), ('SHELL', '/bin/bash'), ('LC_NAME', 'id_ID.UTF-8'), ('LESSCLOSE', '/usr/bin/lesspipe %s %s'), ('LC_MEASUREMENT', 'id_ID.UTF-8'), ('LC_IDENTIFICATION', 'id_ID.UTF-8'), ('VSCODE_GIT_ASKPASS_EXTRA_ARGS', ''), ('JETSON_CUDA_ARCH_BIN', '8.7'), ('PWD', '/home/techsas/auv_ws/build/auv_interfaces'), ('LC_ALL', 'en_US.UTF-8'), ('SSH_CONNECTION', '192.168.2.2 55802 192.168.2.1 22'), ('XDG_DATA_DIRS', '/usr/share/gnome:/usr/local/share:/usr/share:/var/lib/snapd/desktop'), ('PYTHONPATH', '/usr/local/lib/python3.10/dist-packages/:/usr/local/lib/python3.10/dist-packages/:/home/techsas/auv_ws/build/auv_pkg:/home/techsas/auv_ws/install/auv_pkg/lib/python3.10/site-packages:/home/techsas/auv_ws/install/auv_interfaces/local/lib/python3.10/dist-packages:/home/techsas/microros_ws/install/micro_ros_msgs/local/lib/python3.10/dist-packages:/opt/ros/humble/lib/python3.10/site-packages:/opt/ros/humble/local/lib/python3.10/dist-packages'), ('LC_NUMERIC', 'id_ID.UTF-8'), ('LC_PAPER', 'id_ID.UTF-8'), ('COLCON', '1'), ('JETSON_JETPACK', ''), ('CMAKE_PREFIX_PATH', '/home/techsas/auv_ws/install/auv_interfaces:/home/techsas/microros_ws/install/micro_ros_setup:/home/techsas/microros_ws/install/micro_ros_agent:/home/techsas/microros_ws/install/micro_ros_msgs:/home/techsas/auv_ws/install/auv_pkg:/opt/ros/humble'), ('JETSON_P_NUMBER', 'p3767-0000')]), 'shell': False}
[0.772690] (auv_interfaces) StdoutLine: {'line': b'-- Install configuration: ""\n'}
[0.774428] (auv_interfaces) StdoutLine: {'line': b'-- Execute custom install script\n'}
[0.775246] (auv_interfaces) StdoutLine: {'line': b'-- Up-to-date symlink: /home/techsas/auv_ws/install/auv_interfaces/share/ament_index/resource_index/rosidl_interfaces/auv_interfaces\n'}
[0.778323] (auv_interfaces) StdoutLine: {'line': b'-- Up-to-date symlink: /home/techsas/auv_ws/install/auv_interfaces/include/auv_interfaces/auv_interfaces/msg/actuator.h\n'}
[0.778626] (auv_interfaces) StdoutLine: {'line': b'-- Up-to-date symlink: /home/techsas/auv_ws/install/auv_interfaces/include/auv_interfaces/auv_interfaces/msg/arduino_sensor.h\n'}
[0.778918] (auv_interfaces) StdoutLine: {'line': b'-- Up-to-date symlink: /home/techsas/auv_ws/install/auv_interfaces/include/auv_interfaces/auv_interfaces/msg/bounding_box.h\n'}
[0.779376] (auv_interfaces) StdoutLine: {'line': b'-- Up-to-date symlink: /home/techsas/auv_ws/install/auv_interfaces/include/auv_interfaces/auv_interfaces/msg/detail/actuator__functions.h\n'}
[0.779789] (auv_interfaces) StdoutLine: {'line': b'-- Up-to-date symlink: /home/techsas/auv_ws/install/auv_interfaces/include/auv_interfaces/auv_interfaces/msg/detail/actuator__struct.h\n'}
[0.780124] (auv_interfaces) StdoutLine: {'line': b'-- Up-to-date symlink: /home/techsas/auv_ws/install/auv_interfaces/include/auv_interfaces/auv_interfaces/msg/detail/actuator__type_support.h\n'}
[0.780358] (auv_interfaces) StdoutLine: {'line': b'-- Up-to-date symlink: /home/techsas/auv_ws/install/auv_interfaces/include/auv_interfaces/auv_interfaces/msg/detail/arduino_sensor__functions.h\n'}
[0.780668] (auv_interfaces) StdoutLine: {'line': b'-- Up-to-date symlink: /home/techsas/auv_ws/install/auv_interfaces/include/auv_interfaces/auv_interfaces/msg/detail/arduino_sensor__struct.h\n'}
[0.780880] (auv_interfaces) StdoutLine: {'line': b'-- Up-to-date symlink: /home/techsas/auv_ws/install/auv_interfaces/include/auv_interfaces/auv_interfaces/msg/detail/arduino_sensor__type_support.h\n'}
[0.781109] (auv_interfaces) StdoutLine: {'line': b'-- Up-to-date symlink: /home/techsas/auv_ws/install/auv_interfaces/include/auv_interfaces/auv_interfaces/msg/detail/bounding_box__functions.h\n'}
[0.781341] (auv_interfaces) StdoutLine: {'line': b'-- Up-to-date symlink: /home/techsas/auv_ws/install/auv_interfaces/include/auv_interfaces/auv_interfaces/msg/detail/bounding_box__struct.h\n'}
[0.781564] (auv_interfaces) StdoutLine: {'line': b'-- Up-to-date symlink: /home/techsas/auv_ws/install/auv_interfaces/include/auv_interfaces/auv_interfaces/msg/detail/bounding_box__type_support.h\n'}
[0.781798] (auv_interfaces) StdoutLine: {'line': b'-- Up-to-date symlink: /home/techsas/auv_ws/install/auv_interfaces/include/auv_interfaces/auv_interfaces/msg/detail/error__functions.h\n'}
[0.782088] (auv_interfaces) StdoutLine: {'line': b'-- Up-to-date symlink: /home/techsas/auv_ws/install/auv_interfaces/include/auv_interfaces/auv_interfaces/msg/detail/error__struct.h\n'}
[0.782390] (auv_interfaces) StdoutLine: {'line': b'-- Up-to-date symlink: /home/techsas/auv_ws/install/auv_interfaces/include/auv_interfaces/auv_interfaces/msg/detail/error__type_support.h\n'}
[0.782686] (auv_interfaces) StdoutLine: {'line': b'-- Up-to-date symlink: /home/techsas/auv_ws/install/auv_interfaces/include/auv_interfaces/auv_interfaces/msg/detail/gerak__functions.h\n'}
[0.782977] (auv_interfaces) StdoutLine: {'line': b'-- Up-to-date symlink: /home/techsas/auv_ws/install/auv_interfaces/include/auv_interfaces/auv_interfaces/msg/detail/gerak__struct.h\n'}
[0.783350] (auv_interfaces) StdoutLine: {'line': b'-- Up-to-date symlink: /home/techsas/auv_ws/install/auv_interfaces/include/auv_interfaces/auv_interfaces/msg/detail/gerak__type_support.h\n'}
[0.783650] (auv_interfaces) StdoutLine: {'line': b'-- Up-to-date symlink: /home/techsas/auv_ws/install/auv_interfaces/include/auv_interfaces/auv_interfaces/msg/detail/heading__functions.h\n'}
[0.783944] (auv_interfaces) StdoutLine: {'line': b'-- Up-to-date symlink: /home/techsas/auv_ws/install/auv_interfaces/include/auv_interfaces/auv_interfaces/msg/detail/heading__struct.h\n'}
[0.784245] (auv_interfaces) StdoutLine: {'line': b'-- Up-to-date symlink: /home/techsas/auv_ws/install/auv_interfaces/include/auv_interfaces/auv_interfaces/msg/detail/heading__type_support.h\n'}
[0.784471] (auv_interfaces) StdoutLine: {'line': b'-- Up-to-date symlink: /home/techsas/auv_ws/install/auv_interfaces/include/auv_interfaces/auv_interfaces/msg/detail/is_stable__functions.h\n'}
[0.784701] (auv_interfaces) StdoutLine: {'line': b'-- Up-to-date symlink: /home/techsas/auv_ws/install/auv_interfaces/include/auv_interfaces/auv_interfaces/msg/detail/is_stable__struct.h\n'}
[0.784927] (auv_interfaces) StdoutLine: {'line': b'-- Up-to-date symlink: /home/techsas/auv_ws/install/auv_interfaces/include/auv_interfaces/auv_interfaces/msg/detail/is_stable__type_support.h\n'}
[0.785153] (auv_interfaces) StdoutLine: {'line': b'-- Up-to-date symlink: /home/techsas/auv_ws/install/auv_interfaces/include/auv_interfaces/auv_interfaces/msg/detail/logging__functions.h\n'}
[0.785391] (auv_interfaces) StdoutLine: {'line': b'-- Up-to-date symlink: /home/techsas/auv_ws/install/auv_interfaces/include/auv_interfaces/auv_interfaces/msg/detail/logging__struct.h\n'}
[0.785615] (auv_interfaces) StdoutLine: {'line': b'-- Up-to-date symlink: /home/techsas/auv_ws/install/auv_interfaces/include/auv_interfaces/auv_interfaces/msg/detail/logging__type_support.h\n'}
[0.785843] (auv_interfaces) StdoutLine: {'line': b'-- Up-to-date symlink: /home/techsas/auv_ws/install/auv_interfaces/include/auv_interfaces/auv_interfaces/msg/detail/manual__functions.h\n'}
[0.786083] (auv_interfaces) StdoutLine: {'line': b'-- Up-to-date symlink: /home/techsas/auv_ws/install/auv_interfaces/include/auv_interfaces/auv_interfaces/msg/detail/manual__struct.h\n'}
[0.786512] (auv_interfaces) StdoutLine: {'line': b'-- Up-to-date symlink: /home/techsas/auv_ws/install/auv_interfaces/include/auv_interfaces/auv_interfaces/msg/detail/manual__type_support.h\n'}
[0.786855] (auv_interfaces) StdoutLine: {'line': b'-- Up-to-date symlink: /home/techsas/auv_ws/install/auv_interfaces/include/auv_interfaces/auv_interfaces/msg/detail/movement__functions.h\n'}
[0.787177] (auv_interfaces) StdoutLine: {'line': b'-- Up-to-date symlink: /home/techsas/auv_ws/install/auv_interfaces/include/auv_interfaces/auv_interfaces/msg/detail/movement__struct.h\n'}
[0.787476] (auv_interfaces) StdoutLine: {'line': b'-- Up-to-date symlink: /home/techsas/auv_ws/install/auv_interfaces/include/auv_interfaces/auv_interfaces/msg/detail/movement__type_support.h\n'}
[0.787763] (auv_interfaces) StdoutLine: {'line': b'-- Up-to-date symlink: /home/techsas/auv_ws/install/auv_interfaces/include/auv_interfaces/auv_interfaces/msg/detail/multi_pid__functions.h\n'}
[0.788050] (auv_interfaces) StdoutLine: {'line': b'-- Up-to-date symlink: /home/techsas/auv_ws/install/auv_interfaces/include/auv_interfaces/auv_interfaces/msg/detail/multi_pid__struct.h\n'}
[0.788354] (auv_interfaces) StdoutLine: {'line': b'-- Up-to-date symlink: /home/techsas/auv_ws/install/auv_interfaces/include/auv_interfaces/auv_interfaces/msg/detail/multi_pid__type_support.h\n'}
[0.788604] (auv_interfaces) StdoutLine: {'line': b'-- Up-to-date symlink: /home/techsas/auv_ws/install/auv_interfaces/include/auv_interfaces/auv_interfaces/msg/detail/object_detection__functions.h\n'}
[0.788856] (auv_interfaces) StdoutLine: {'line': b'-- Up-to-date symlink: /home/techsas/auv_ws/install/auv_interfaces/include/auv_interfaces/auv_interfaces/msg/detail/object_detection__struct.h\n'}
[0.789104] (auv_interfaces) StdoutLine: {'line': b'-- Up-to-date symlink: /home/techsas/auv_ws/install/auv_interfaces/include/auv_interfaces/auv_interfaces/msg/detail/object_detection__type_support.h\n'}
[0.789411] (auv_interfaces) StdoutLine: {'line': b'-- Up-to-date symlink: /home/techsas/auv_ws/install/auv_interfaces/include/auv_interfaces/auv_interfaces/msg/detail/object_difference__functions.h\n'}
[0.789664] (auv_interfaces) StdoutLine: {'line': b'-- Up-to-date symlink: /home/techsas/auv_ws/install/auv_interfaces/include/auv_interfaces/auv_interfaces/msg/detail/object_difference__struct.h\n'}
[0.789921] (auv_interfaces) StdoutLine: {'line': b'-- Up-to-date symlink: /home/techsas/auv_ws/install/auv_interfaces/include/auv_interfaces/auv_interfaces/msg/detail/object_difference__type_support.h\n'}
[0.790171] (auv_interfaces) StdoutLine: {'line': b'-- Up-to-date symlink: /home/techsas/auv_ws/install/auv_interfaces/include/auv_interfaces/auv_interfaces/msg/detail/orientation__functions.h\n'}
[0.790435] (auv_interfaces) StdoutLine: {'line': b'-- Up-to-date symlink: /home/techsas/auv_ws/install/auv_interfaces/include/auv_interfaces/auv_interfaces/msg/detail/orientation__struct.h\n'}
[0.790686] (auv_interfaces) StdoutLine: {'line': b'-- Up-to-date symlink: /home/techsas/auv_ws/install/auv_interfaces/include/auv_interfaces/auv_interfaces/msg/detail/orientation__type_support.h\n'}
[0.790937] (auv_interfaces) StdoutLine: {'line': b'-- Up-to-date symlink: /home/techsas/auv_ws/install/auv_interfaces/include/auv_interfaces/auv_interfaces/msg/detail/pid__functions.h\n'}
[0.791203] (auv_interfaces) StdoutLine: {'line': b'-- Up-to-date symlink: /home/techsas/auv_ws/install/auv_interfaces/include/auv_interfaces/auv_interfaces/msg/detail/pid__struct.h\n'}
[0.791451] (auv_interfaces) StdoutLine: {'line': b'-- Up-to-date symlink: /home/techsas/auv_ws/install/auv_interfaces/include/auv_interfaces/auv_interfaces/msg/detail/pid__type_support.h\n'}
[0.791705] (auv_interfaces) StdoutLine: {'line': b'-- Up-to-date symlink: /home/techsas/auv_ws/install/auv_interfaces/include/auv_interfaces/auv_interfaces/msg/detail/pid_vel__functions.h\n'}
[0.791950] (auv_interfaces) StdoutLine: {'line': b'-- Up-to-date symlink: /home/techsas/auv_ws/install/auv_interfaces/include/auv_interfaces/auv_interfaces/msg/detail/pid_vel__struct.h\n'}
[0.792255] (auv_interfaces) StdoutLine: {'line': b'-- Up-to-date symlink: /home/techsas/auv_ws/install/auv_interfaces/include/auv_interfaces/auv_interfaces/msg/detail/pid_vel__type_support.h\n'}
[0.792511] (auv_interfaces) StdoutLine: {'line': b'-- Up-to-date symlink: /home/techsas/auv_ws/install/auv_interfaces/include/auv_interfaces/auv_interfaces/msg/detail/sensor__functions.h\n'}
[0.792826] (auv_interfaces) StdoutLine: {'line': b'-- Up-to-date symlink: /home/techsas/auv_ws/install/auv_interfaces/include/auv_interfaces/auv_interfaces/msg/detail/sensor__struct.h\n'}
[0.793071] (auv_interfaces) StdoutLine: {'line': b'-- Up-to-date symlink: /home/techsas/auv_ws/install/auv_interfaces/include/auv_interfaces/auv_interfaces/msg/detail/sensor__type_support.h\n'}
[0.793317] (auv_interfaces) StdoutLine: {'line': b'-- Up-to-date symlink: /home/techsas/auv_ws/install/auv_interfaces/include/auv_interfaces/auv_interfaces/msg/detail/set_point__functions.h\n'}
[0.793558] (auv_interfaces) StdoutLine: {'line': b'-- Up-to-date symlink: /home/techsas/auv_ws/install/auv_interfaces/include/auv_interfaces/auv_interfaces/msg/detail/set_point__struct.h\n'}
[0.793816] (auv_interfaces) StdoutLine: {'line': b'-- Up-to-date symlink: /home/techsas/auv_ws/install/auv_interfaces/include/auv_interfaces/auv_interfaces/msg/detail/set_point__type_support.h\n'}
[0.794055] (auv_interfaces) StdoutLine: {'line': b'-- Up-to-date symlink: /home/techsas/auv_ws/install/auv_interfaces/include/auv_interfaces/auv_interfaces/msg/error.h\n'}
[0.794292] (auv_interfaces) StdoutLine: {'line': b'-- Up-to-date symlink: /home/techsas/auv_ws/install/auv_interfaces/include/auv_interfaces/auv_interfaces/msg/gerak.h\n'}
[0.794530] (auv_interfaces) StdoutLine: {'line': b'-- Up-to-date symlink: /home/techsas/auv_ws/install/auv_interfaces/include/auv_interfaces/auv_interfaces/msg/heading.h\n'}
[0.794768] (auv_interfaces) StdoutLine: {'line': b'-- Up-to-date symlink: /home/techsas/auv_ws/install/auv_interfaces/include/auv_interfaces/auv_interfaces/msg/is_stable.h\n'}
[0.795066] (auv_interfaces) StdoutLine: {'line': b'-- Up-to-date symlink: /home/techsas/auv_ws/install/auv_interfaces/include/auv_interfaces/auv_interfaces/msg/logging.h\n'}
[0.795608] (auv_interfaces) StdoutLine: {'line': b'-- Up-to-date symlink: /home/techsas/auv_ws/install/auv_interfaces/include/auv_interfaces/auv_interfaces/msg/manual.h\n'}
[0.795720] (auv_interfaces) StdoutLine: {'line': b'-- Up-to-date symlink: /home/techsas/auv_ws/install/auv_interfaces/include/auv_interfaces/auv_interfaces/msg/movement.h\n'}
[0.795843] (auv_interfaces) StdoutLine: {'line': b'-- Up-to-date symlink: /home/techsas/auv_ws/install/auv_interfaces/include/auv_interfaces/auv_interfaces/msg/multi_pid.h\n'}
[0.796051] (auv_interfaces) StdoutLine: {'line': b'-- Up-to-date symlink: /home/techsas/auv_ws/install/auv_interfaces/include/auv_interfaces/auv_interfaces/msg/object_detection.h\n'}
[0.796288] (auv_interfaces) StdoutLine: {'line': b'-- Up-to-date symlink: /home/techsas/auv_ws/install/auv_interfaces/include/auv_interfaces/auv_interfaces/msg/object_difference.h\n'}
[0.796525] (auv_interfaces) StdoutLine: {'line': b'-- Up-to-date symlink: /home/techsas/auv_ws/install/auv_interfaces/include/auv_interfaces/auv_interfaces/msg/orientation.h\n'}
[0.796842] (auv_interfaces) StdoutLine: {'line': b'-- Up-to-date symlink: /home/techsas/auv_ws/install/auv_interfaces/include/auv_interfaces/auv_interfaces/msg/pid.h\n'}
[0.797070] (auv_interfaces) StdoutLine: {'line': b'-- Up-to-date symlink: /home/techsas/auv_ws/install/auv_interfaces/include/auv_interfaces/auv_interfaces/msg/pid_vel.h\n'}
[0.797309] (auv_interfaces) StdoutLine: {'line': b'-- Up-to-date symlink: /home/techsas/auv_ws/install/auv_interfaces/include/auv_interfaces/auv_interfaces/msg/rosidl_generator_c__visibility_control.h\n'}
[0.797553] (auv_interfaces) StdoutLine: {'line': b'-- Up-to-date symlink: /home/techsas/auv_ws/install/auv_interfaces/include/auv_interfaces/auv_interfaces/msg/sensor.h\n'}
[0.797867] (auv_interfaces) StdoutLine: {'line': b'-- Up-to-date symlink: /home/techsas/auv_ws/install/auv_interfaces/include/auv_interfaces/auv_interfaces/msg/set_point.h\n'}
[0.798254] (auv_interfaces) StdoutLine: {'line': b'-- Up-to-date symlink: /home/techsas/auv_ws/install/auv_interfaces/share/auv_interfaces/environment/library_path.sh\n'}
[0.798500] (auv_interfaces) StdoutLine: {'line': b'-- Up-to-date symlink: /home/techsas/auv_ws/install/auv_interfaces/share/auv_interfaces/environment/library_path.dsv\n'}
[0.800028] (auv_interfaces) StdoutLine: {'line': b'-- Up-to-date symlink: /home/techsas/auv_ws/install/auv_interfaces/include/auv_interfaces/auv_interfaces/msg/detail/actuator__rosidl_typesupport_fastrtps_c.h\n'}
[0.800285] (auv_interfaces) StdoutLine: {'line': b'-- Up-to-date symlink: /home/techsas/auv_ws/install/auv_interfaces/include/auv_interfaces/auv_interfaces/msg/detail/arduino_sensor__rosidl_typesupport_fastrtps_c.h\n'}
[0.800538] (auv_interfaces) StdoutLine: {'line': b'-- Up-to-date symlink: /home/techsas/auv_ws/install/auv_interfaces/include/auv_interfaces/auv_interfaces/msg/detail/bounding_box__rosidl_typesupport_fastrtps_c.h\n'}
[0.800749] (-) TimerEvent: {}
[0.800990] (auv_interfaces) StdoutLine: {'line': b'-- Up-to-date symlink: /home/techsas/auv_ws/install/auv_interfaces/include/auv_interfaces/auv_interfaces/msg/detail/error__rosidl_typesupport_fastrtps_c.h\n'}
[0.801163] (auv_interfaces) StdoutLine: {'line': b'-- Up-to-date symlink: /home/techsas/auv_ws/install/auv_interfaces/include/auv_interfaces/auv_interfaces/msg/detail/gerak__rosidl_typesupport_fastrtps_c.h\n'}
[0.801460] (auv_interfaces) StdoutLine: {'line': b'-- Up-to-date symlink: /home/techsas/auv_ws/install/auv_interfaces/include/auv_interfaces/auv_interfaces/msg/detail/heading__rosidl_typesupport_fastrtps_c.h\n'}
[0.801726] (auv_interfaces) StdoutLine: {'line': b'-- Up-to-date symlink: /home/techsas/auv_ws/install/auv_interfaces/include/auv_interfaces/auv_interfaces/msg/detail/is_stable__rosidl_typesupport_fastrtps_c.h\n'}
[0.802026] (auv_interfaces) StdoutLine: {'line': b'-- Up-to-date symlink: /home/techsas/auv_ws/install/auv_interfaces/include/auv_interfaces/auv_interfaces/msg/detail/logging__rosidl_typesupport_fastrtps_c.h\n'}
[0.802286] (auv_interfaces) StdoutLine: {'line': b'-- Up-to-date symlink: /home/techsas/auv_ws/install/auv_interfaces/include/auv_interfaces/auv_interfaces/msg/detail/manual__rosidl_typesupport_fastrtps_c.h\n'}
[0.802622] (auv_interfaces) StdoutLine: {'line': b'-- Up-to-date symlink: /home/techsas/auv_ws/install/auv_interfaces/include/auv_interfaces/auv_interfaces/msg/detail/movement__rosidl_typesupport_fastrtps_c.h\n'}
[0.802899] (auv_interfaces) StdoutLine: {'line': b'-- Up-to-date symlink: /home/techsas/auv_ws/install/auv_interfaces/include/auv_interfaces/auv_interfaces/msg/detail/multi_pid__rosidl_typesupport_fastrtps_c.h\n'}
[0.803199] (auv_interfaces) StdoutLine: {'line': b'-- Up-to-date symlink: /home/techsas/auv_ws/install/auv_interfaces/include/auv_interfaces/auv_interfaces/msg/detail/object_detection__rosidl_typesupport_fastrtps_c.h\n'}
[0.803474] (auv_interfaces) StdoutLine: {'line': b'-- Up-to-date symlink: /home/techsas/auv_ws/install/auv_interfaces/include/auv_interfaces/auv_interfaces/msg/detail/object_difference__rosidl_typesupport_fastrtps_c.h\n'}
[0.803810] (auv_interfaces) StdoutLine: {'line': b'-- Up-to-date symlink: /home/techsas/auv_ws/install/auv_interfaces/include/auv_interfaces/auv_interfaces/msg/detail/orientation__rosidl_typesupport_fastrtps_c.h\n'}
[0.804091] (auv_interfaces) StdoutLine: {'line': b'-- Up-to-date symlink: /home/techsas/auv_ws/install/auv_interfaces/include/auv_interfaces/auv_interfaces/msg/detail/pid__rosidl_typesupport_fastrtps_c.h\n'}
[0.804367] (auv_interfaces) StdoutLine: {'line': b'-- Up-to-date symlink: /home/techsas/auv_ws/install/auv_interfaces/include/auv_interfaces/auv_interfaces/msg/detail/pid_vel__rosidl_typesupport_fastrtps_c.h\n'}
[0.804663] (auv_interfaces) StdoutLine: {'line': b'-- Up-to-date symlink: /home/techsas/auv_ws/install/auv_interfaces/include/auv_interfaces/auv_interfaces/msg/detail/sensor__rosidl_typesupport_fastrtps_c.h\n'}
[0.804937] (auv_interfaces) StdoutLine: {'line': b'-- Up-to-date symlink: /home/techsas/auv_ws/install/auv_interfaces/include/auv_interfaces/auv_interfaces/msg/detail/set_point__rosidl_typesupport_fastrtps_c.h\n'}
[0.805204] (auv_interfaces) StdoutLine: {'line': b'-- Up-to-date symlink: /home/techsas/auv_ws/install/auv_interfaces/include/auv_interfaces/auv_interfaces/msg/rosidl_typesupport_fastrtps_c__visibility_control.h\n'}
[0.806331] (auv_interfaces) StdoutLine: {'line': b'-- Up-to-date symlink: /home/techsas/auv_ws/install/auv_interfaces/include/auv_interfaces/auv_interfaces/msg/detail/actuator__rosidl_typesupport_introspection_c.h\n'}
[0.806604] (auv_interfaces) StdoutLine: {'line': b'-- Up-to-date symlink: /home/techsas/auv_ws/install/auv_interfaces/include/auv_interfaces/auv_interfaces/msg/detail/arduino_sensor__rosidl_typesupport_introspection_c.h\n'}
[0.807373] (auv_interfaces) StdoutLine: {'line': b'-- Up-to-date symlink: /home/techsas/auv_ws/install/auv_interfaces/include/auv_interfaces/auv_interfaces/msg/detail/bounding_box__rosidl_typesupport_introspection_c.h\n'}
[0.807575] (auv_interfaces) StdoutLine: {'line': b'-- Up-to-date symlink: /home/techsas/auv_ws/install/auv_interfaces/include/auv_interfaces/auv_interfaces/msg/detail/error__rosidl_typesupport_introspection_c.h\n'}
[0.807701] (auv_interfaces) StdoutLine: {'line': b'-- Up-to-date symlink: /home/techsas/auv_ws/install/auv_interfaces/include/auv_interfaces/auv_interfaces/msg/detail/gerak__rosidl_typesupport_introspection_c.h\n'}
[0.807844] (auv_interfaces) StdoutLine: {'line': b'-- Up-to-date symlink: /home/techsas/auv_ws/install/auv_interfaces/include/auv_interfaces/auv_interfaces/msg/detail/heading__rosidl_typesupport_introspection_c.h\n'}
[0.808043] (auv_interfaces) StdoutLine: {'line': b'-- Up-to-date symlink: /home/techsas/auv_ws/install/auv_interfaces/include/auv_interfaces/auv_interfaces/msg/detail/is_stable__rosidl_typesupport_introspection_c.h\n'}
[0.808318] (auv_interfaces) StdoutLine: {'line': b'-- Up-to-date symlink: /home/techsas/auv_ws/install/auv_interfaces/include/auv_interfaces/auv_interfaces/msg/detail/logging__rosidl_typesupport_introspection_c.h\n'}
[0.808953] (auv_interfaces) StdoutLine: {'line': b'-- Up-to-date symlink: /home/techsas/auv_ws/install/auv_interfaces/include/auv_interfaces/auv_interfaces/msg/detail/manual__rosidl_typesupport_introspection_c.h\n'}
[0.809154] (auv_interfaces) StdoutLine: {'line': b'-- Up-to-date symlink: /home/techsas/auv_ws/install/auv_interfaces/include/auv_interfaces/auv_interfaces/msg/detail/movement__rosidl_typesupport_introspection_c.h\n'}
[0.809321] (auv_interfaces) StdoutLine: {'line': b'-- Up-to-date symlink: /home/techsas/auv_ws/install/auv_interfaces/include/auv_interfaces/auv_interfaces/msg/detail/multi_pid__rosidl_typesupport_introspection_c.h\n'}
[0.809494] (auv_interfaces) StdoutLine: {'line': b'-- Up-to-date symlink: /home/techsas/auv_ws/install/auv_interfaces/include/auv_interfaces/auv_interfaces/msg/detail/object_detection__rosidl_typesupport_introspection_c.h\n'}
[0.809719] (auv_interfaces) StdoutLine: {'line': b'-- Up-to-date symlink: /home/techsas/auv_ws/install/auv_interfaces/include/auv_interfaces/auv_interfaces/msg/detail/object_difference__rosidl_typesupport_introspection_c.h\n'}
[0.809988] (auv_interfaces) StdoutLine: {'line': b'-- Up-to-date symlink: /home/techsas/auv_ws/install/auv_interfaces/include/auv_interfaces/auv_interfaces/msg/detail/orientation__rosidl_typesupport_introspection_c.h\n'}
[0.810261] (auv_interfaces) StdoutLine: {'line': b'-- Up-to-date symlink: /home/techsas/auv_ws/install/auv_interfaces/include/auv_interfaces/auv_interfaces/msg/detail/pid__rosidl_typesupport_introspection_c.h\n'}
[0.810532] (auv_interfaces) StdoutLine: {'line': b'-- Up-to-date symlink: /home/techsas/auv_ws/install/auv_interfaces/include/auv_interfaces/auv_interfaces/msg/detail/pid_vel__rosidl_typesupport_introspection_c.h\n'}
[0.810825] (auv_interfaces) StdoutLine: {'line': b'-- Up-to-date symlink: /home/techsas/auv_ws/install/auv_interfaces/include/auv_interfaces/auv_interfaces/msg/detail/sensor__rosidl_typesupport_introspection_c.h\n'}
[0.811162] (auv_interfaces) StdoutLine: {'line': b'-- Up-to-date symlink: /home/techsas/auv_ws/install/auv_interfaces/include/auv_interfaces/auv_interfaces/msg/detail/set_point__rosidl_typesupport_introspection_c.h\n'}
[0.811414] (auv_interfaces) StdoutLine: {'line': b'-- Up-to-date symlink: /home/techsas/auv_ws/install/auv_interfaces/include/auv_interfaces/auv_interfaces/msg/rosidl_typesupport_introspection_c__visibility_control.h\n'}
[0.813205] (auv_interfaces) StdoutLine: {'line': b'-- Up-to-date symlink: /home/techsas/auv_ws/install/auv_interfaces/include/auv_interfaces/auv_interfaces/msg/actuator.hpp\n'}
[0.813472] (auv_interfaces) StdoutLine: {'line': b'-- Up-to-date symlink: /home/techsas/auv_ws/install/auv_interfaces/include/auv_interfaces/auv_interfaces/msg/arduino_sensor.hpp\n'}
[0.813732] (auv_interfaces) StdoutLine: {'line': b'-- Up-to-date symlink: /home/techsas/auv_ws/install/auv_interfaces/include/auv_interfaces/auv_interfaces/msg/bounding_box.hpp\n'}
[0.814007] (auv_interfaces) StdoutLine: {'line': b'-- Up-to-date symlink: /home/techsas/auv_ws/install/auv_interfaces/include/auv_interfaces/auv_interfaces/msg/detail/actuator__builder.hpp\n'}
[0.814271] (auv_interfaces) StdoutLine: {'line': b'-- Up-to-date symlink: /home/techsas/auv_ws/install/auv_interfaces/include/auv_interfaces/auv_interfaces/msg/detail/actuator__struct.hpp\n'}
[0.814541] (auv_interfaces) StdoutLine: {'line': b'-- Up-to-date symlink: /home/techsas/auv_ws/install/auv_interfaces/include/auv_interfaces/auv_interfaces/msg/detail/actuator__traits.hpp\n'}
[0.814825] (auv_interfaces) StdoutLine: {'line': b'-- Up-to-date symlink: /home/techsas/auv_ws/install/auv_interfaces/include/auv_interfaces/auv_interfaces/msg/detail/actuator__type_support.hpp\n'}
[0.815207] (auv_interfaces) StdoutLine: {'line': b'-- Up-to-date symlink: /home/techsas/auv_ws/install/auv_interfaces/include/auv_interfaces/auv_interfaces/msg/detail/arduino_sensor__builder.hpp\n'}
[0.815484] (auv_interfaces) StdoutLine: {'line': b'-- Up-to-date symlink: /home/techsas/auv_ws/install/auv_interfaces/include/auv_interfaces/auv_interfaces/msg/detail/arduino_sensor__struct.hpp\n'}
[0.815751] (auv_interfaces) StdoutLine: {'line': b'-- Up-to-date symlink: /home/techsas/auv_ws/install/auv_interfaces/include/auv_interfaces/auv_interfaces/msg/detail/arduino_sensor__traits.hpp\n'}
[0.816022] (auv_interfaces) StdoutLine: {'line': b'-- Up-to-date symlink: /home/techsas/auv_ws/install/auv_interfaces/include/auv_interfaces/auv_interfaces/msg/detail/arduino_sensor__type_support.hpp\n'}
[0.816286] (auv_interfaces) StdoutLine: {'line': b'-- Up-to-date symlink: /home/techsas/auv_ws/install/auv_interfaces/include/auv_interfaces/auv_interfaces/msg/detail/bounding_box__builder.hpp\n'}
[0.816618] (auv_interfaces) StdoutLine: {'line': b'-- Up-to-date symlink: /home/techsas/auv_ws/install/auv_interfaces/include/auv_interfaces/auv_interfaces/msg/detail/bounding_box__struct.hpp\n'}
[0.816897] (auv_interfaces) StdoutLine: {'line': b'-- Up-to-date symlink: /home/techsas/auv_ws/install/auv_interfaces/include/auv_interfaces/auv_interfaces/msg/detail/bounding_box__traits.hpp\n'}
[0.817159] (auv_interfaces) StdoutLine: {'line': b'-- Up-to-date symlink: /home/techsas/auv_ws/install/auv_interfaces/include/auv_interfaces/auv_interfaces/msg/detail/bounding_box__type_support.hpp\n'}
[0.817422] (auv_interfaces) StdoutLine: {'line': b'-- Up-to-date symlink: /home/techsas/auv_ws/install/auv_interfaces/include/auv_interfaces/auv_interfaces/msg/detail/error__builder.hpp\n'}
[0.817761] (auv_interfaces) StdoutLine: {'line': b'-- Up-to-date symlink: /home/techsas/auv_ws/install/auv_interfaces/include/auv_interfaces/auv_interfaces/msg/detail/error__struct.hpp\n'}
[0.818021] (auv_interfaces) StdoutLine: {'line': b'-- Up-to-date symlink: /home/techsas/auv_ws/install/auv_interfaces/include/auv_interfaces/auv_interfaces/msg/detail/error__traits.hpp\n'}
[0.818279] (auv_interfaces) StdoutLine: {'line': b'-- Up-to-date symlink: /home/techsas/auv_ws/install/auv_interfaces/include/auv_interfaces/auv_interfaces/msg/detail/error__type_support.hpp\n'}
[0.818535] (auv_interfaces) StdoutLine: {'line': b'-- Up-to-date symlink: /home/techsas/auv_ws/install/auv_interfaces/include/auv_interfaces/auv_interfaces/msg/detail/gerak__builder.hpp\n'}
[0.818790] (auv_interfaces) StdoutLine: {'line': b'-- Up-to-date symlink: /home/techsas/auv_ws/install/auv_interfaces/include/auv_interfaces/auv_interfaces/msg/detail/gerak__struct.hpp\n'}
[0.819058] (auv_interfaces) StdoutLine: {'line': b'-- Up-to-date symlink: /home/techsas/auv_ws/install/auv_interfaces/include/auv_interfaces/auv_interfaces/msg/detail/gerak__traits.hpp\n'}
[0.819344] (auv_interfaces) StdoutLine: {'line': b'-- Up-to-date symlink: /home/techsas/auv_ws/install/auv_interfaces/include/auv_interfaces/auv_interfaces/msg/detail/gerak__type_support.hpp\n'}
[0.819616] (auv_interfaces) StdoutLine: {'line': b'-- Up-to-date symlink: /home/techsas/auv_ws/install/auv_interfaces/include/auv_interfaces/auv_interfaces/msg/detail/heading__builder.hpp\n'}
[0.819871] (auv_interfaces) StdoutLine: {'line': b'-- Up-to-date symlink: /home/techsas/auv_ws/install/auv_interfaces/include/auv_interfaces/auv_interfaces/msg/detail/heading__struct.hpp\n'}
[0.820122] (auv_interfaces) StdoutLine: {'line': b'-- Up-to-date symlink: /home/techsas/auv_ws/install/auv_interfaces/include/auv_interfaces/auv_interfaces/msg/detail/heading__traits.hpp\n'}
[0.820454] (auv_interfaces) StdoutLine: {'line': b'-- Up-to-date symlink: /home/techsas/auv_ws/install/auv_interfaces/include/auv_interfaces/auv_interfaces/msg/detail/heading__type_support.hpp\n'}
[0.820708] (auv_interfaces) StdoutLine: {'line': b'-- Up-to-date symlink: /home/techsas/auv_ws/install/auv_interfaces/include/auv_interfaces/auv_interfaces/msg/detail/is_stable__builder.hpp\n'}
[0.820966] (auv_interfaces) StdoutLine: {'line': b'-- Up-to-date symlink: /home/techsas/auv_ws/install/auv_interfaces/include/auv_interfaces/auv_interfaces/msg/detail/is_stable__struct.hpp\n'}
[0.821231] (auv_interfaces) StdoutLine: {'line': b'-- Up-to-date symlink: /home/techsas/auv_ws/install/auv_interfaces/include/auv_interfaces/auv_interfaces/msg/detail/is_stable__traits.hpp\n'}
[0.821495] (auv_interfaces) StdoutLine: {'line': b'-- Up-to-date symlink: /home/techsas/auv_ws/install/auv_interfaces/include/auv_interfaces/auv_interfaces/msg/detail/is_stable__type_support.hpp\n'}
[0.821750] (auv_interfaces) StdoutLine: {'line': b'-- Up-to-date symlink: /home/techsas/auv_ws/install/auv_interfaces/include/auv_interfaces/auv_interfaces/msg/detail/logging__builder.hpp\n'}
[0.822022] (auv_interfaces) StdoutLine: {'line': b'-- Up-to-date symlink: /home/techsas/auv_ws/install/auv_interfaces/include/auv_interfaces/auv_interfaces/msg/detail/logging__struct.hpp\n'}
[0.822242] (auv_interfaces) StdoutLine: {'line': b'-- Up-to-date symlink: /home/techsas/auv_ws/install/auv_interfaces/include/auv_interfaces/auv_interfaces/msg/detail/logging__traits.hpp\n'}
[0.822485] (auv_interfaces) StdoutLine: {'line': b'-- Up-to-date symlink: /home/techsas/auv_ws/install/auv_interfaces/include/auv_interfaces/auv_interfaces/msg/detail/logging__type_support.hpp\n'}
[0.822707] (auv_interfaces) StdoutLine: {'line': b'-- Up-to-date symlink: /home/techsas/auv_ws/install/auv_interfaces/include/auv_interfaces/auv_interfaces/msg/detail/manual__builder.hpp\n'}
[0.822927] (auv_interfaces) StdoutLine: {'line': b'-- Up-to-date symlink: /home/techsas/auv_ws/install/auv_interfaces/include/auv_interfaces/auv_interfaces/msg/detail/manual__struct.hpp\n'}
[0.823169] (auv_interfaces) StdoutLine: {'line': b'-- Up-to-date symlink: /home/techsas/auv_ws/install/auv_interfaces/include/auv_interfaces/auv_interfaces/msg/detail/manual__traits.hpp\n'}
[0.823393] (auv_interfaces) StdoutLine: {'line': b'-- Up-to-date symlink: /home/techsas/auv_ws/install/auv_interfaces/include/auv_interfaces/auv_interfaces/msg/detail/manual__type_support.hpp\n'}
[0.823613] (auv_interfaces) StdoutLine: {'line': b'-- Up-to-date symlink: /home/techsas/auv_ws/install/auv_interfaces/include/auv_interfaces/auv_interfaces/msg/detail/movement__builder.hpp\n'}
[0.823836] (auv_interfaces) StdoutLine: {'line': b'-- Up-to-date symlink: /home/techsas/auv_ws/install/auv_interfaces/include/auv_interfaces/auv_interfaces/msg/detail/movement__struct.hpp\n'}
[0.824057] (auv_interfaces) StdoutLine: {'line': b'-- Up-to-date symlink: /home/techsas/auv_ws/install/auv_interfaces/include/auv_interfaces/auv_interfaces/msg/detail/movement__traits.hpp\n'}
[0.824310] (auv_interfaces) StdoutLine: {'line': b'-- Up-to-date symlink: /home/techsas/auv_ws/install/auv_interfaces/include/auv_interfaces/auv_interfaces/msg/detail/movement__type_support.hpp\n'}
[0.824562] (auv_interfaces) StdoutLine: {'line': b'-- Up-to-date symlink: /home/techsas/auv_ws/install/auv_interfaces/include/auv_interfaces/auv_interfaces/msg/detail/multi_pid__builder.hpp\n'}
[0.824812] (auv_interfaces) StdoutLine: {'line': b'-- Up-to-date symlink: /home/techsas/auv_ws/install/auv_interfaces/include/auv_interfaces/auv_interfaces/msg/detail/multi_pid__struct.hpp\n'}
[0.825062] (auv_interfaces) StdoutLine: {'line': b'-- Up-to-date symlink: /home/techsas/auv_ws/install/auv_interfaces/include/auv_interfaces/auv_interfaces/msg/detail/multi_pid__traits.hpp\n'}
[0.825315] (auv_interfaces) StdoutLine: {'line': b'-- Up-to-date symlink: /home/techsas/auv_ws/install/auv_interfaces/include/auv_interfaces/auv_interfaces/msg/detail/multi_pid__type_support.hpp\n'}
[0.825571] (auv_interfaces) StdoutLine: {'line': b'-- Up-to-date symlink: /home/techsas/auv_ws/install/auv_interfaces/include/auv_interfaces/auv_interfaces/msg/detail/object_detection__builder.hpp\n'}
[0.825890] (auv_interfaces) StdoutLine: {'line': b'-- Up-to-date symlink: /home/techsas/auv_ws/install/auv_interfaces/include/auv_interfaces/auv_interfaces/msg/detail/object_detection__struct.hpp\n'}
[0.826144] (auv_interfaces) StdoutLine: {'line': b'-- Up-to-date symlink: /home/techsas/auv_ws/install/auv_interfaces/include/auv_interfaces/auv_interfaces/msg/detail/object_detection__traits.hpp\n'}
[0.826405] (auv_interfaces) StdoutLine: {'line': b'-- Up-to-date symlink: /home/techsas/auv_ws/install/auv_interfaces/include/auv_interfaces/auv_interfaces/msg/detail/object_detection__type_support.hpp\n'}
[0.826626] (auv_interfaces) StdoutLine: {'line': b'-- Up-to-date symlink: /home/techsas/auv_ws/install/auv_interfaces/include/auv_interfaces/auv_interfaces/msg/detail/object_difference__builder.hpp\n'}
[0.826856] (auv_interfaces) StdoutLine: {'line': b'-- Up-to-date symlink: /home/techsas/auv_ws/install/auv_interfaces/include/auv_interfaces/auv_interfaces/msg/detail/object_difference__struct.hpp\n'}
[0.827094] (auv_interfaces) StdoutLine: {'line': b'-- Up-to-date symlink: /home/techsas/auv_ws/install/auv_interfaces/include/auv_interfaces/auv_interfaces/msg/detail/object_difference__traits.hpp\n'}
[0.827320] (auv_interfaces) StdoutLine: {'line': b'-- Up-to-date symlink: /home/techsas/auv_ws/install/auv_interfaces/include/auv_interfaces/auv_interfaces/msg/detail/object_difference__type_support.hpp\n'}
[0.827542] (auv_interfaces) StdoutLine: {'line': b'-- Up-to-date symlink: /home/techsas/auv_ws/install/auv_interfaces/include/auv_interfaces/auv_interfaces/msg/detail/orientation__builder.hpp\n'}
[0.827759] (auv_interfaces) StdoutLine: {'line': b'-- Up-to-date symlink: /home/techsas/auv_ws/install/auv_interfaces/include/auv_interfaces/auv_interfaces/msg/detail/orientation__struct.hpp\n'}
[0.827979] (auv_interfaces) StdoutLine: {'line': b'-- Up-to-date symlink: /home/techsas/auv_ws/install/auv_interfaces/include/auv_interfaces/auv_interfaces/msg/detail/orientation__traits.hpp\n'}
[0.828273] (auv_interfaces) StdoutLine: {'line': b'-- Up-to-date symlink: /home/techsas/auv_ws/install/auv_interfaces/include/auv_interfaces/auv_interfaces/msg/detail/orientation__type_support.hpp\n'}
[0.828492] (auv_interfaces) StdoutLine: {'line': b'-- Up-to-date symlink: /home/techsas/auv_ws/install/auv_interfaces/include/auv_interfaces/auv_interfaces/msg/detail/pid__builder.hpp\n'}
[0.828778] (auv_interfaces) StdoutLine: {'line': b'-- Up-to-date symlink: /home/techsas/auv_ws/install/auv_interfaces/include/auv_interfaces/auv_interfaces/msg/detail/pid__struct.hpp\n'}
[0.829015] (auv_interfaces) StdoutLine: {'line': b'-- Up-to-date symlink: /home/techsas/auv_ws/install/auv_interfaces/include/auv_interfaces/auv_interfaces/msg/detail/pid__traits.hpp\n'}
[0.829276] (auv_interfaces) StdoutLine: {'line': b'-- Up-to-date symlink: /home/techsas/auv_ws/install/auv_interfaces/include/auv_interfaces/auv_interfaces/msg/detail/pid__type_support.hpp\n'}
[0.829526] (auv_interfaces) StdoutLine: {'line': b'-- Up-to-date symlink: /home/techsas/auv_ws/install/auv_interfaces/include/auv_interfaces/auv_interfaces/msg/detail/pid_vel__builder.hpp\n'}
[0.829774] (auv_interfaces) StdoutLine: {'line': b'-- Up-to-date symlink: /home/techsas/auv_ws/install/auv_interfaces/include/auv_interfaces/auv_interfaces/msg/detail/pid_vel__struct.hpp\n'}
[0.830081] (auv_interfaces) StdoutLine: {'line': b'-- Up-to-date symlink: /home/techsas/auv_ws/install/auv_interfaces/include/auv_interfaces/auv_interfaces/msg/detail/pid_vel__traits.hpp\n'}
[0.830335] (auv_interfaces) StdoutLine: {'line': b'-- Up-to-date symlink: /home/techsas/auv_ws/install/auv_interfaces/include/auv_interfaces/auv_interfaces/msg/detail/pid_vel__type_support.hpp\n'}
[0.830581] (auv_interfaces) StdoutLine: {'line': b'-- Up-to-date symlink: /home/techsas/auv_ws/install/auv_interfaces/include/auv_interfaces/auv_interfaces/msg/detail/sensor__builder.hpp\n'}
[0.830825] (auv_interfaces) StdoutLine: {'line': b'-- Up-to-date symlink: /home/techsas/auv_ws/install/auv_interfaces/include/auv_interfaces/auv_interfaces/msg/detail/sensor__struct.hpp\n'}
[0.831064] (auv_interfaces) StdoutLine: {'line': b'-- Up-to-date symlink: /home/techsas/auv_ws/install/auv_interfaces/include/auv_interfaces/auv_interfaces/msg/detail/sensor__traits.hpp\n'}
[0.831302] (auv_interfaces) StdoutLine: {'line': b'-- Up-to-date symlink: /home/techsas/auv_ws/install/auv_interfaces/include/auv_interfaces/auv_interfaces/msg/detail/sensor__type_support.hpp\n'}
[0.831531] (auv_interfaces) StdoutLine: {'line': b'-- Up-to-date symlink: /home/techsas/auv_ws/install/auv_interfaces/include/auv_interfaces/auv_interfaces/msg/detail/set_point__builder.hpp\n'}
[0.831752] (auv_interfaces) StdoutLine: {'line': b'-- Up-to-date symlink: /home/techsas/auv_ws/install/auv_interfaces/include/auv_interfaces/auv_interfaces/msg/detail/set_point__struct.hpp\n'}
[0.831970] (auv_interfaces) StdoutLine: {'line': b'-- Up-to-date symlink: /home/techsas/auv_ws/install/auv_interfaces/include/auv_interfaces/auv_interfaces/msg/detail/set_point__traits.hpp\n'}
[0.832191] (auv_interfaces) StdoutLine: {'line': b'-- Up-to-date symlink: /home/techsas/auv_ws/install/auv_interfaces/include/auv_interfaces/auv_interfaces/msg/detail/set_point__type_support.hpp\n'}
[0.832408] (auv_interfaces) StdoutLine: {'line': b'-- Up-to-date symlink: /home/techsas/auv_ws/install/auv_interfaces/include/auv_interfaces/auv_interfaces/msg/error.hpp\n'}
[0.832686] (auv_interfaces) StdoutLine: {'line': b'-- Up-to-date symlink: /home/techsas/auv_ws/install/auv_interfaces/include/auv_interfaces/auv_interfaces/msg/gerak.hpp\n'}
[0.832922] (auv_interfaces) StdoutLine: {'line': b'-- Up-to-date symlink: /home/techsas/auv_ws/install/auv_interfaces/include/auv_interfaces/auv_interfaces/msg/heading.hpp\n'}
[0.833144] (auv_interfaces) StdoutLine: {'line': b'-- Up-to-date symlink: /home/techsas/auv_ws/install/auv_interfaces/include/auv_interfaces/auv_interfaces/msg/is_stable.hpp\n'}
[0.833359] (auv_interfaces) StdoutLine: {'line': b'-- Up-to-date symlink: /home/techsas/auv_ws/install/auv_interfaces/include/auv_interfaces/auv_interfaces/msg/logging.hpp\n'}
[0.833595] (auv_interfaces) StdoutLine: {'line': b'-- Up-to-date symlink: /home/techsas/auv_ws/install/auv_interfaces/include/auv_interfaces/auv_interfaces/msg/manual.hpp\n'}
[0.834214] (auv_interfaces) StdoutLine: {'line': b'-- Up-to-date symlink: /home/techsas/auv_ws/install/auv_interfaces/include/auv_interfaces/auv_interfaces/msg/movement.hpp\n'}
[0.834448] (auv_interfaces) StdoutLine: {'line': b'-- Up-to-date symlink: /home/techsas/auv_ws/install/auv_interfaces/include/auv_interfaces/auv_interfaces/msg/multi_pid.hpp\n'}
[0.834688] (auv_interfaces) StdoutLine: {'line': b'-- Up-to-date symlink: /home/techsas/auv_ws/install/auv_interfaces/include/auv_interfaces/auv_interfaces/msg/object_detection.hpp\n'}
[0.834925] (auv_interfaces) StdoutLine: {'line': b'-- Up-to-date symlink: /home/techsas/auv_ws/install/auv_interfaces/include/auv_interfaces/auv_interfaces/msg/object_difference.hpp\n'}
[0.835184] (auv_interfaces) StdoutLine: {'line': b'-- Up-to-date symlink: /home/techsas/auv_ws/install/auv_interfaces/include/auv_interfaces/auv_interfaces/msg/orientation.hpp\n'}
[0.835421] (auv_interfaces) StdoutLine: {'line': b'-- Up-to-date symlink: /home/techsas/auv_ws/install/auv_interfaces/include/auv_interfaces/auv_interfaces/msg/pid.hpp\n'}
[0.835718] (auv_interfaces) StdoutLine: {'line': b'-- Up-to-date symlink: /home/techsas/auv_ws/install/auv_interfaces/include/auv_interfaces/auv_interfaces/msg/pid_vel.hpp\n'}
[0.835940] (auv_interfaces) StdoutLine: {'line': b'-- Up-to-date symlink: /home/techsas/auv_ws/install/auv_interfaces/include/auv_interfaces/auv_interfaces/msg/rosidl_generator_cpp__visibility_control.hpp\n'}
[0.836157] (auv_interfaces) StdoutLine: {'line': b'-- Up-to-date symlink: /home/techsas/auv_ws/install/auv_interfaces/include/auv_interfaces/auv_interfaces/msg/sensor.hpp\n'}
[0.836394] (auv_interfaces) StdoutLine: {'line': b'-- Up-to-date symlink: /home/techsas/auv_ws/install/auv_interfaces/include/auv_interfaces/auv_interfaces/msg/set_point.hpp\n'}
[0.837810] (auv_interfaces) StdoutLine: {'line': b'-- Up-to-date symlink: /home/techsas/auv_ws/install/auv_interfaces/include/auv_interfaces/auv_interfaces/msg/detail/actuator__rosidl_typesupport_fastrtps_cpp.hpp\n'}
[0.838075] (auv_interfaces) StdoutLine: {'line': b'-- Up-to-date symlink: /home/techsas/auv_ws/install/auv_interfaces/include/auv_interfaces/auv_interfaces/msg/detail/arduino_sensor__rosidl_typesupport_fastrtps_cpp.hpp\n'}
[0.838342] (auv_interfaces) StdoutLine: {'line': b'-- Up-to-date symlink: /home/techsas/auv_ws/install/auv_interfaces/include/auv_interfaces/auv_interfaces/msg/detail/bounding_box__rosidl_typesupport_fastrtps_cpp.hpp\n'}
[0.838626] (auv_interfaces) StdoutLine: {'line': b'-- Up-to-date symlink: /home/techsas/auv_ws/install/auv_interfaces/include/auv_interfaces/auv_interfaces/msg/detail/error__rosidl_typesupport_fastrtps_cpp.hpp\n'}
[0.838881] (auv_interfaces) StdoutLine: {'line': b'-- Up-to-date symlink: /home/techsas/auv_ws/install/auv_interfaces/include/auv_interfaces/auv_interfaces/msg/detail/gerak__rosidl_typesupport_fastrtps_cpp.hpp\n'}
[0.839161] (auv_interfaces) StdoutLine: {'line': b'-- Up-to-date symlink: /home/techsas/auv_ws/install/auv_interfaces/include/auv_interfaces/auv_interfaces/msg/detail/heading__rosidl_typesupport_fastrtps_cpp.hpp\n'}
[0.839480] (auv_interfaces) StdoutLine: {'line': b'-- Up-to-date symlink: /home/techsas/auv_ws/install/auv_interfaces/include/auv_interfaces/auv_interfaces/msg/detail/is_stable__rosidl_typesupport_fastrtps_cpp.hpp\n'}
[0.839735] (auv_interfaces) StdoutLine: {'line': b'-- Up-to-date symlink: /home/techsas/auv_ws/install/auv_interfaces/include/auv_interfaces/auv_interfaces/msg/detail/logging__rosidl_typesupport_fastrtps_cpp.hpp\n'}
[0.839975] (auv_interfaces) StdoutLine: {'line': b'-- Up-to-date symlink: /home/techsas/auv_ws/install/auv_interfaces/include/auv_interfaces/auv_interfaces/msg/detail/manual__rosidl_typesupport_fastrtps_cpp.hpp\n'}
[0.840204] (auv_interfaces) StdoutLine: {'line': b'-- Up-to-date symlink: /home/techsas/auv_ws/install/auv_interfaces/include/auv_interfaces/auv_interfaces/msg/detail/movement__rosidl_typesupport_fastrtps_cpp.hpp\n'}
[0.840432] (auv_interfaces) StdoutLine: {'line': b'-- Up-to-date symlink: /home/techsas/auv_ws/install/auv_interfaces/include/auv_interfaces/auv_interfaces/msg/detail/multi_pid__rosidl_typesupport_fastrtps_cpp.hpp\n'}
[0.840660] (auv_interfaces) StdoutLine: {'line': b'-- Up-to-date symlink: /home/techsas/auv_ws/install/auv_interfaces/include/auv_interfaces/auv_interfaces/msg/detail/object_detection__rosidl_typesupport_fastrtps_cpp.hpp\n'}
[0.840891] (auv_interfaces) StdoutLine: {'line': b'-- Up-to-date symlink: /home/techsas/auv_ws/install/auv_interfaces/include/auv_interfaces/auv_interfaces/msg/detail/object_difference__rosidl_typesupport_fastrtps_cpp.hpp\n'}
[0.841119] (auv_interfaces) StdoutLine: {'line': b'-- Up-to-date symlink: /home/techsas/auv_ws/install/auv_interfaces/include/auv_interfaces/auv_interfaces/msg/detail/orientation__rosidl_typesupport_fastrtps_cpp.hpp\n'}
[0.841340] (auv_interfaces) StdoutLine: {'line': b'-- Up-to-date symlink: /home/techsas/auv_ws/install/auv_interfaces/include/auv_interfaces/auv_interfaces/msg/detail/pid__rosidl_typesupport_fastrtps_cpp.hpp\n'}
[0.841566] (auv_interfaces) StdoutLine: {'line': b'-- Up-to-date symlink: /home/techsas/auv_ws/install/auv_interfaces/include/auv_interfaces/auv_interfaces/msg/detail/pid_vel__rosidl_typesupport_fastrtps_cpp.hpp\n'}
[0.841789] (auv_interfaces) StdoutLine: {'line': b'-- Up-to-date symlink: /home/techsas/auv_ws/install/auv_interfaces/include/auv_interfaces/auv_interfaces/msg/detail/sensor__rosidl_typesupport_fastrtps_cpp.hpp\n'}
[0.842027] (auv_interfaces) StdoutLine: {'line': b'-- Up-to-date symlink: /home/techsas/auv_ws/install/auv_interfaces/include/auv_interfaces/auv_interfaces/msg/detail/set_point__rosidl_typesupport_fastrtps_cpp.hpp\n'}
[0.842252] (auv_interfaces) StdoutLine: {'line': b'-- Up-to-date symlink: /home/techsas/auv_ws/install/auv_interfaces/include/auv_interfaces/auv_interfaces/msg/rosidl_typesupport_fastrtps_cpp__visibility_control.h\n'}
[0.843202] (auv_interfaces) StdoutLine: {'line': b'-- Up-to-date symlink: /home/techsas/auv_ws/install/auv_interfaces/include/auv_interfaces/auv_interfaces/msg/detail/actuator__rosidl_typesupport_introspection_cpp.hpp\n'}
[0.843457] (auv_interfaces) StdoutLine: {'line': b'-- Up-to-date symlink: /home/techsas/auv_ws/install/auv_interfaces/include/auv_interfaces/auv_interfaces/msg/detail/arduino_sensor__rosidl_typesupport_introspection_cpp.hpp\n'}
[0.843713] (auv_interfaces) StdoutLine: {'line': b'-- Up-to-date symlink: /home/techsas/auv_ws/install/auv_interfaces/include/auv_interfaces/auv_interfaces/msg/detail/bounding_box__rosidl_typesupport_introspection_cpp.hpp\n'}
[0.843965] (auv_interfaces) StdoutLine: {'line': b'-- Up-to-date symlink: /home/techsas/auv_ws/install/auv_interfaces/include/auv_interfaces/auv_interfaces/msg/detail/error__rosidl_typesupport_introspection_cpp.hpp\n'}
[0.844211] (auv_interfaces) StdoutLine: {'line': b'-- Up-to-date symlink: /home/techsas/auv_ws/install/auv_interfaces/include/auv_interfaces/auv_interfaces/msg/detail/gerak__rosidl_typesupport_introspection_cpp.hpp\n'}
[0.844438] (auv_interfaces) StdoutLine: {'line': b'-- Up-to-date symlink: /home/techsas/auv_ws/install/auv_interfaces/include/auv_interfaces/auv_interfaces/msg/detail/heading__rosidl_typesupport_introspection_cpp.hpp\n'}
[0.844667] (auv_interfaces) StdoutLine: {'line': b'-- Up-to-date symlink: /home/techsas/auv_ws/install/auv_interfaces/include/auv_interfaces/auv_interfaces/msg/detail/is_stable__rosidl_typesupport_introspection_cpp.hpp\n'}
[0.844893] (auv_interfaces) StdoutLine: {'line': b'-- Up-to-date symlink: /home/techsas/auv_ws/install/auv_interfaces/include/auv_interfaces/auv_interfaces/msg/detail/logging__rosidl_typesupport_introspection_cpp.hpp\n'}
[0.845133] (auv_interfaces) StdoutLine: {'line': b'-- Up-to-date symlink: /home/techsas/auv_ws/install/auv_interfaces/include/auv_interfaces/auv_interfaces/msg/detail/manual__rosidl_typesupport_introspection_cpp.hpp\n'}
[0.845426] (auv_interfaces) StdoutLine: {'line': b'-- Up-to-date symlink: /home/techsas/auv_ws/install/auv_interfaces/include/auv_interfaces/auv_interfaces/msg/detail/movement__rosidl_typesupport_introspection_cpp.hpp\n'}
[0.845651] (auv_interfaces) StdoutLine: {'line': b'-- Up-to-date symlink: /home/techsas/auv_ws/install/auv_interfaces/include/auv_interfaces/auv_interfaces/msg/detail/multi_pid__rosidl_typesupport_introspection_cpp.hpp\n'}
[0.845880] (auv_interfaces) StdoutLine: {'line': b'-- Up-to-date symlink: /home/techsas/auv_ws/install/auv_interfaces/include/auv_interfaces/auv_interfaces/msg/detail/object_detection__rosidl_typesupport_introspection_cpp.hpp\n'}
[0.846112] (auv_interfaces) StdoutLine: {'line': b'-- Up-to-date symlink: /home/techsas/auv_ws/install/auv_interfaces/include/auv_interfaces/auv_interfaces/msg/detail/object_difference__rosidl_typesupport_introspection_cpp.hpp\n'}
[0.846426] (auv_interfaces) StdoutLine: {'line': b'-- Up-to-date symlink: /home/techsas/auv_ws/install/auv_interfaces/include/auv_interfaces/auv_interfaces/msg/detail/orientation__rosidl_typesupport_introspection_cpp.hpp\n'}
[0.846667] (auv_interfaces) StdoutLine: {'line': b'-- Up-to-date symlink: /home/techsas/auv_ws/install/auv_interfaces/include/auv_interfaces/auv_interfaces/msg/detail/pid__rosidl_typesupport_introspection_cpp.hpp\n'}
[0.846906] (auv_interfaces) StdoutLine: {'line': b'-- Up-to-date symlink: /home/techsas/auv_ws/install/auv_interfaces/include/auv_interfaces/auv_interfaces/msg/detail/pid_vel__rosidl_typesupport_introspection_cpp.hpp\n'}
[0.847165] (auv_interfaces) StdoutLine: {'line': b'-- Up-to-date symlink: /home/techsas/auv_ws/install/auv_interfaces/include/auv_interfaces/auv_interfaces/msg/detail/sensor__rosidl_typesupport_introspection_cpp.hpp\n'}
[0.847404] (auv_interfaces) StdoutLine: {'line': b'-- Up-to-date symlink: /home/techsas/auv_ws/install/auv_interfaces/include/auv_interfaces/auv_interfaces/msg/detail/set_point__rosidl_typesupport_introspection_cpp.hpp\n'}
[0.847730] (auv_interfaces) StdoutLine: {'line': b'-- Up-to-date symlink: /home/techsas/auv_ws/install/auv_interfaces/share/auv_interfaces/environment/pythonpath.sh\n'}
[0.847963] (auv_interfaces) StdoutLine: {'line': b'-- Up-to-date symlink: /home/techsas/auv_ws/install/auv_interfaces/share/auv_interfaces/environment/pythonpath.dsv\n'}
[0.848432] (auv_interfaces) StdoutLine: {'line': b'-- Up-to-date symlink: /home/techsas/auv_ws/install/auv_interfaces/local/lib/python3.10/dist-packages/auv_interfaces-0.0.0-py3.10.egg-info/PKG-INFO\n'}
[0.848667] (auv_interfaces) StdoutLine: {'line': b'-- Up-to-date symlink: /home/techsas/auv_ws/install/auv_interfaces/local/lib/python3.10/dist-packages/auv_interfaces-0.0.0-py3.10.egg-info/SOURCES.txt\n'}
[0.848892] (auv_interfaces) StdoutLine: {'line': b'-- Up-to-date symlink: /home/techsas/auv_ws/install/auv_interfaces/local/lib/python3.10/dist-packages/auv_interfaces-0.0.0-py3.10.egg-info/dependency_links.txt\n'}
[0.849180] (auv_interfaces) StdoutLine: {'line': b'-- Up-to-date symlink: /home/techsas/auv_ws/install/auv_interfaces/local/lib/python3.10/dist-packages/auv_interfaces-0.0.0-py3.10.egg-info/top_level.txt\n'}
[0.850590] (auv_interfaces) StdoutLine: {'line': b'-- Up-to-date symlink: /home/techsas/auv_ws/install/auv_interfaces/local/lib/python3.10/dist-packages/auv_interfaces/__init__.py\n'}
[0.850907] (auv_interfaces) StdoutLine: {'line': b'-- Up-to-date symlink: /home/techsas/auv_ws/install/auv_interfaces/local/lib/python3.10/dist-packages/auv_interfaces/_auv_interfaces_s.ep.rosidl_typesupport_c.c\n'}
[0.851166] (auv_interfaces) StdoutLine: {'line': b'-- Up-to-date symlink: /home/techsas/auv_ws/install/auv_interfaces/local/lib/python3.10/dist-packages/auv_interfaces/_auv_interfaces_s.ep.rosidl_typesupport_fastrtps_c.c\n'}
[0.851412] (auv_interfaces) StdoutLine: {'line': b'-- Up-to-date symlink: /home/techsas/auv_ws/install/auv_interfaces/local/lib/python3.10/dist-packages/auv_interfaces/_auv_interfaces_s.ep.rosidl_typesupport_introspection_c.c\n'}
[0.851725] (auv_interfaces) StdoutLine: {'line': b'-- Up-to-date symlink: /home/techsas/auv_ws/install/auv_interfaces/local/lib/python3.10/dist-packages/auv_interfaces/auv_interfaces_s__rosidl_typesupport_c.cpython-310-aarch64-linux-gnu.so\n'}
[0.851967] (auv_interfaces) StdoutLine: {'line': b'-- Up-to-date symlink: /home/techsas/auv_ws/install/auv_interfaces/local/lib/python3.10/dist-packages/auv_interfaces/auv_interfaces_s__rosidl_typesupport_fastrtps_c.cpython-310-aarch64-linux-gnu.so\n'}
[0.852220] (auv_interfaces) StdoutLine: {'line': b'-- Up-to-date symlink: /home/techsas/auv_ws/install/auv_interfaces/local/lib/python3.10/dist-packages/auv_interfaces/auv_interfaces_s__rosidl_typesupport_introspection_c.cpython-310-aarch64-linux-gnu.so\n'}
[0.852439] (auv_interfaces) StdoutLine: {'line': b'-- Up-to-date symlink: /home/techsas/auv_ws/install/auv_interfaces/local/lib/python3.10/dist-packages/auv_interfaces/libauv_interfaces__rosidl_generator_py.so\n'}
[0.852617] (auv_interfaces) StdoutLine: {'line': b'-- Up-to-date symlink: /home/techsas/auv_ws/install/auv_interfaces/local/lib/python3.10/dist-packages/auv_interfaces/msg/__init__.py\n'}
[0.852782] (auv_interfaces) StdoutLine: {'line': b'-- Up-to-date symlink: /home/techsas/auv_ws/install/auv_interfaces/local/lib/python3.10/dist-packages/auv_interfaces/msg/_actuator.py\n'}
[0.853088] (auv_interfaces) StdoutLine: {'line': b'-- Up-to-date symlink: /home/techsas/auv_ws/install/auv_interfaces/local/lib/python3.10/dist-packages/auv_interfaces/msg/_actuator_s.c\n'}
[0.853247] (auv_interfaces) StdoutLine: {'line': b'-- Up-to-date symlink: /home/techsas/auv_ws/install/auv_interfaces/local/lib/python3.10/dist-packages/auv_interfaces/msg/_arduino_sensor.py\n'}
[0.853462] (auv_interfaces) StdoutLine: {'line': b'-- Up-to-date symlink: /home/techsas/auv_ws/install/auv_interfaces/local/lib/python3.10/dist-packages/auv_interfaces/msg/_arduino_sensor_s.c\n'}
[0.853619] (auv_interfaces) StdoutLine: {'line': b'-- Up-to-date symlink: /home/techsas/auv_ws/install/auv_interfaces/local/lib/python3.10/dist-packages/auv_interfaces/msg/_bounding_box.py\n'}
[0.853834] (auv_interfaces) StdoutLine: {'line': b'-- Up-to-date symlink: /home/techsas/auv_ws/install/auv_interfaces/local/lib/python3.10/dist-packages/auv_interfaces/msg/_bounding_box_s.c\n'}
[0.853990] (auv_interfaces) StdoutLine: {'line': b'-- Up-to-date symlink: /home/techsas/auv_ws/install/auv_interfaces/local/lib/python3.10/dist-packages/auv_interfaces/msg/_error.py\n'}
[0.854205] (auv_interfaces) StdoutLine: {'line': b'-- Up-to-date symlink: /home/techsas/auv_ws/install/auv_interfaces/local/lib/python3.10/dist-packages/auv_interfaces/msg/_error_s.c\n'}
[0.854360] (auv_interfaces) StdoutLine: {'line': b'-- Up-to-date symlink: /home/techsas/auv_ws/install/auv_interfaces/local/lib/python3.10/dist-packages/auv_interfaces/msg/_gerak.py\n'}
[0.854638] (auv_interfaces) StdoutLine: {'line': b'-- Up-to-date symlink: /home/techsas/auv_ws/install/auv_interfaces/local/lib/python3.10/dist-packages/auv_interfaces/msg/_gerak_s.c\n'}
[0.854792] (auv_interfaces) StdoutLine: {'line': b'-- Up-to-date symlink: /home/techsas/auv_ws/install/auv_interfaces/local/lib/python3.10/dist-packages/auv_interfaces/msg/_heading.py\n'}
[0.855020] (auv_interfaces) StdoutLine: {'line': b'-- Up-to-date symlink: /home/techsas/auv_ws/install/auv_interfaces/local/lib/python3.10/dist-packages/auv_interfaces/msg/_heading_s.c\n'}
[0.855203] (auv_interfaces) StdoutLine: {'line': b'-- Up-to-date symlink: /home/techsas/auv_ws/install/auv_interfaces/local/lib/python3.10/dist-packages/auv_interfaces/msg/_is_stable.py\n'}
[0.855442] (auv_interfaces) StdoutLine: {'line': b'-- Up-to-date symlink: /home/techsas/auv_ws/install/auv_interfaces/local/lib/python3.10/dist-packages/auv_interfaces/msg/_is_stable_s.c\n'}
[0.855606] (auv_interfaces) StdoutLine: {'line': b'-- Up-to-date symlink: /home/techsas/auv_ws/install/auv_interfaces/local/lib/python3.10/dist-packages/auv_interfaces/msg/_logging.py\n'}
[0.855848] (auv_interfaces) StdoutLine: {'line': b'-- Up-to-date symlink: /home/techsas/auv_ws/install/auv_interfaces/local/lib/python3.10/dist-packages/auv_interfaces/msg/_logging_s.c\n'}
[0.856011] (auv_interfaces) StdoutLine: {'line': b'-- Up-to-date symlink: /home/techsas/auv_ws/install/auv_interfaces/local/lib/python3.10/dist-packages/auv_interfaces/msg/_manual.py\n'}
[0.856236] (auv_interfaces) StdoutLine: {'line': b'-- Up-to-date symlink: /home/techsas/auv_ws/install/auv_interfaces/local/lib/python3.10/dist-packages/auv_interfaces/msg/_manual_s.c\n'}
[0.856399] (auv_interfaces) StdoutLine: {'line': b'-- Up-to-date symlink: /home/techsas/auv_ws/install/auv_interfaces/local/lib/python3.10/dist-packages/auv_interfaces/msg/_movement.py\n'}
[0.856680] (auv_interfaces) StdoutLine: {'line': b'-- Up-to-date symlink: /home/techsas/auv_ws/install/auv_interfaces/local/lib/python3.10/dist-packages/auv_interfaces/msg/_movement_s.c\n'}
[0.856843] (auv_interfaces) StdoutLine: {'line': b'-- Up-to-date symlink: /home/techsas/auv_ws/install/auv_interfaces/local/lib/python3.10/dist-packages/auv_interfaces/msg/_multi_pid.py\n'}
[0.857068] (auv_interfaces) StdoutLine: {'line': b'-- Up-to-date symlink: /home/techsas/auv_ws/install/auv_interfaces/local/lib/python3.10/dist-packages/auv_interfaces/msg/_multi_pid_s.c\n'}
[0.857226] (auv_interfaces) StdoutLine: {'line': b'-- Up-to-date symlink: /home/techsas/auv_ws/install/auv_interfaces/local/lib/python3.10/dist-packages/auv_interfaces/msg/_object_detection.py\n'}
[0.857445] (auv_interfaces) StdoutLine: {'line': b'-- Up-to-date symlink: /home/techsas/auv_ws/install/auv_interfaces/local/lib/python3.10/dist-packages/auv_interfaces/msg/_object_detection_s.c\n'}
[0.857600] (auv_interfaces) StdoutLine: {'line': b'-- Up-to-date symlink: /home/techsas/auv_ws/install/auv_interfaces/local/lib/python3.10/dist-packages/auv_interfaces/msg/_object_difference.py\n'}
[0.857819] (auv_interfaces) StdoutLine: {'line': b'-- Up-to-date symlink: /home/techsas/auv_ws/install/auv_interfaces/local/lib/python3.10/dist-packages/auv_interfaces/msg/_object_difference_s.c\n'}
[0.857971] (auv_interfaces) StdoutLine: {'line': b'-- Up-to-date symlink: /home/techsas/auv_ws/install/auv_interfaces/local/lib/python3.10/dist-packages/auv_interfaces/msg/_orientation.py\n'}
[0.858248] (auv_interfaces) StdoutLine: {'line': b'-- Up-to-date symlink: /home/techsas/auv_ws/install/auv_interfaces/local/lib/python3.10/dist-packages/auv_interfaces/msg/_orientation_s.c\n'}
[0.858413] (auv_interfaces) StdoutLine: {'line': b'-- Up-to-date symlink: /home/techsas/auv_ws/install/auv_interfaces/local/lib/python3.10/dist-packages/auv_interfaces/msg/_pid.py\n'}
[0.858625] (auv_interfaces) StdoutLine: {'line': b'-- Up-to-date symlink: /home/techsas/auv_ws/install/auv_interfaces/local/lib/python3.10/dist-packages/auv_interfaces/msg/_pid_s.c\n'}
[0.858780] (auv_interfaces) StdoutLine: {'line': b'-- Up-to-date symlink: /home/techsas/auv_ws/install/auv_interfaces/local/lib/python3.10/dist-packages/auv_interfaces/msg/_pid_vel.py\n'}
[0.859054] (auv_interfaces) StdoutLine: {'line': b'-- Up-to-date symlink: /home/techsas/auv_ws/install/auv_interfaces/local/lib/python3.10/dist-packages/auv_interfaces/msg/_pid_vel_s.c\n'}
[0.859274] (auv_interfaces) StdoutLine: {'line': b'-- Up-to-date symlink: /home/techsas/auv_ws/install/auv_interfaces/local/lib/python3.10/dist-packages/auv_interfaces/msg/_sensor.py\n'}
[0.859490] (auv_interfaces) StdoutLine: {'line': b'-- Up-to-date symlink: /home/techsas/auv_ws/install/auv_interfaces/local/lib/python3.10/dist-packages/auv_interfaces/msg/_sensor_s.c\n'}
[0.859652] (auv_interfaces) StdoutLine: {'line': b'-- Up-to-date symlink: /home/techsas/auv_ws/install/auv_interfaces/local/lib/python3.10/dist-packages/auv_interfaces/msg/_set_point.py\n'}
[0.859934] (auv_interfaces) StdoutLine: {'line': b'-- Up-to-date symlink: /home/techsas/auv_ws/install/auv_interfaces/local/lib/python3.10/dist-packages/auv_interfaces/msg/_set_point_s.c\n'}
[0.860476] (auv_interfaces) StdoutLine: {'line': b'-- Up-to-date symlink: /home/techsas/auv_ws/install/auv_interfaces/local/lib/python3.10/dist-packages/auv_interfaces/auv_interfaces_s__rosidl_typesupport_fastrtps_c.cpython-310-aarch64-linux-gnu.so\n'}
[0.860896] (auv_interfaces) StdoutLine: {'line': b'-- Up-to-date symlink: /home/techsas/auv_ws/install/auv_interfaces/local/lib/python3.10/dist-packages/auv_interfaces/auv_interfaces_s__rosidl_typesupport_introspection_c.cpython-310-aarch64-linux-gnu.so\n'}
[0.861312] (auv_interfaces) StdoutLine: {'line': b'-- Up-to-date symlink: /home/techsas/auv_ws/install/auv_interfaces/local/lib/python3.10/dist-packages/auv_interfaces/auv_interfaces_s__rosidl_typesupport_c.cpython-310-aarch64-linux-gnu.so\n'}
[0.861842] (auv_interfaces) StdoutLine: {'line': b'-- Up-to-date symlink: /home/techsas/auv_ws/install/auv_interfaces/share/ament_index/resource_index/rust_packages/auv_interfaces\n'}
[0.862551] (auv_interfaces) StdoutLine: {'line': b'-- Up-to-date symlink: /home/techsas/auv_ws/install/auv_interfaces/share/auv_interfaces/rust/Cargo.toml\n'}
[0.862778] (auv_interfaces) StdoutLine: {'line': b'-- Up-to-date symlink: /home/techsas/auv_ws/install/auv_interfaces/share/auv_interfaces/rust/build.rs\n'}
[0.863149] (auv_interfaces) StdoutLine: {'line': b'-- Up-to-date symlink: /home/techsas/auv_ws/install/auv_interfaces/share/auv_interfaces/rust/src/lib.rs\n'}
[0.863433] (auv_interfaces) StdoutLine: {'line': b'-- Up-to-date symlink: /home/techsas/auv_ws/install/auv_interfaces/share/auv_interfaces/rust/src/msg.rs\n'}
[0.863803] (auv_interfaces) StdoutLine: {'line': b'-- Up-to-date symlink: /home/techsas/auv_ws/install/auv_interfaces/share/auv_interfaces/rust/src/msg/rmw.rs\n'}
[0.864179] (auv_interfaces) StdoutLine: {'line': b'-- Up-to-date symlink: /home/techsas/auv_ws/install/auv_interfaces/share/auv_interfaces/msg/Actuator.idl\n'}
[0.864477] (auv_interfaces) StdoutLine: {'line': b'-- Up-to-date symlink: /home/techsas/auv_ws/install/auv_interfaces/share/auv_interfaces/msg/ArduinoSensor.idl\n'}
[0.864766] (auv_interfaces) StdoutLine: {'line': b'-- Up-to-date symlink: /home/techsas/auv_ws/install/auv_interfaces/share/auv_interfaces/msg/BoundingBox.idl\n'}
[0.865057] (auv_interfaces) StdoutLine: {'line': b'-- Up-to-date symlink: /home/techsas/auv_ws/install/auv_interfaces/share/auv_interfaces/msg/Error.idl\n'}
[0.865349] (auv_interfaces) StdoutLine: {'line': b'-- Up-to-date symlink: /home/techsas/auv_ws/install/auv_interfaces/share/auv_interfaces/msg/Gerak.idl\n'}
[0.865656] (auv_interfaces) StdoutLine: {'line': b'-- Up-to-date symlink: /home/techsas/auv_ws/install/auv_interfaces/share/auv_interfaces/msg/Heading.idl\n'}
[0.865964] (auv_interfaces) StdoutLine: {'line': b'-- Up-to-date symlink: /home/techsas/auv_ws/install/auv_interfaces/share/auv_interfaces/msg/IsStable.idl\n'}
[0.866243] (auv_interfaces) StdoutLine: {'line': b'-- Up-to-date symlink: /home/techsas/auv_ws/install/auv_interfaces/share/auv_interfaces/msg/Logging.idl\n'}
[0.866581] (auv_interfaces) StdoutLine: {'line': b'-- Up-to-date symlink: /home/techsas/auv_ws/install/auv_interfaces/share/auv_interfaces/msg/Manual.idl\n'}
[0.866857] (auv_interfaces) StdoutLine: {'line': b'-- Up-to-date symlink: /home/techsas/auv_ws/install/auv_interfaces/share/auv_interfaces/msg/Movement.idl\n'}
[0.867154] (auv_interfaces) StdoutLine: {'line': b'-- Up-to-date symlink: /home/techsas/auv_ws/install/auv_interfaces/share/auv_interfaces/msg/MultiPID.idl\n'}
[0.867440] (auv_interfaces) StdoutLine: {'line': b'-- Up-to-date symlink: /home/techsas/auv_ws/install/auv_interfaces/share/auv_interfaces/msg/ObjectDetection.idl\n'}
[0.867781] (auv_interfaces) StdoutLine: {'line': b'-- Up-to-date symlink: /home/techsas/auv_ws/install/auv_interfaces/share/auv_interfaces/msg/ObjectDifference.idl\n'}
[0.868012] (auv_interfaces) StdoutLine: {'line': b'-- Up-to-date symlink: /home/techsas/auv_ws/install/auv_interfaces/share/auv_interfaces/msg/Orientation.idl\n'}
[0.868299] (auv_interfaces) StdoutLine: {'line': b'-- Up-to-date symlink: /home/techsas/auv_ws/install/auv_interfaces/share/auv_interfaces/msg/PID.idl\n'}
[0.868583] (auv_interfaces) StdoutLine: {'line': b'-- Up-to-date symlink: /home/techsas/auv_ws/install/auv_interfaces/share/auv_interfaces/msg/PIDVel.idl\n'}
[0.868865] (auv_interfaces) StdoutLine: {'line': b'-- Up-to-date symlink: /home/techsas/auv_ws/install/auv_interfaces/share/auv_interfaces/msg/Sensor.idl\n'}
[0.869213] (auv_interfaces) StdoutLine: {'line': b'-- Up-to-date symlink: /home/techsas/auv_ws/install/auv_interfaces/share/auv_interfaces/msg/SetPoint.idl\n'}
[0.869445] (auv_interfaces) StdoutLine: {'line': b'-- Up-to-date symlink: /home/techsas/auv_ws/install/auv_interfaces/share/auv_interfaces/msg/Actuator.msg\n'}
[0.869720] (auv_interfaces) StdoutLine: {'line': b'-- Up-to-date symlink: /home/techsas/auv_ws/install/auv_interfaces/share/auv_interfaces/msg/ArduinoSensor.msg\n'}
[0.870002] (auv_interfaces) StdoutLine: {'line': b'-- Up-to-date symlink: /home/techsas/auv_ws/install/auv_interfaces/share/auv_interfaces/msg/BoundingBox.msg\n'}
[0.870151] (auv_interfaces) StdoutLine: {'line': b'-- Up-to-date symlink: /home/techsas/auv_ws/install/auv_interfaces/share/auv_interfaces/msg/Error.msg\n'}
[0.870356] (auv_interfaces) StdoutLine: {'line': b'-- Up-to-date symlink: /home/techsas/auv_ws/install/auv_interfaces/share/auv_interfaces/msg/Gerak.msg\n'}
[0.870562] (auv_interfaces) StdoutLine: {'line': b'-- Up-to-date symlink: /home/techsas/auv_ws/install/auv_interfaces/share/auv_interfaces/msg/Heading.msg\n'}
[0.870770] (auv_interfaces) StdoutLine: {'line': b'-- Up-to-date symlink: /home/techsas/auv_ws/install/auv_interfaces/share/auv_interfaces/msg/IsStable.msg\n'}
[0.870976] (auv_interfaces) StdoutLine: {'line': b'-- Up-to-date symlink: /home/techsas/auv_ws/install/auv_interfaces/share/auv_interfaces/msg/Logging.msg\n'}
[0.871248] (auv_interfaces) StdoutLine: {'line': b'-- Up-to-date symlink: /home/techsas/auv_ws/install/auv_interfaces/share/auv_interfaces/msg/Manual.msg\n'}
[0.871459] (auv_interfaces) StdoutLine: {'line': b'-- Up-to-date symlink: /home/techsas/auv_ws/install/auv_interfaces/share/auv_interfaces/msg/Movement.msg\n'}
[0.871664] (auv_interfaces) StdoutLine: {'line': b'-- Up-to-date symlink: /home/techsas/auv_ws/install/auv_interfaces/share/auv_interfaces/msg/MultiPID.msg\n'}
[0.871944] (auv_interfaces) StdoutLine: {'line': b'-- Up-to-date symlink: /home/techsas/auv_ws/install/auv_interfaces/share/auv_interfaces/msg/ObjectDetection.msg\n'}
[0.872214] (auv_interfaces) StdoutLine: {'line': b'-- Up-to-date symlink: /home/techsas/auv_ws/install/auv_interfaces/share/auv_interfaces/msg/ObjectDifference.msg\n'}
[0.872425] (auv_interfaces) StdoutLine: {'line': b'-- Up-to-date symlink: /home/techsas/auv_ws/install/auv_interfaces/share/auv_interfaces/msg/Orientation.msg\n'}
[0.872635] (auv_interfaces) StdoutLine: {'line': b'-- Up-to-date symlink: /home/techsas/auv_ws/install/auv_interfaces/share/auv_interfaces/msg/PID.msg\n'}
[0.872841] (auv_interfaces) StdoutLine: {'line': b'-- Up-to-date symlink: /home/techsas/auv_ws/install/auv_interfaces/share/auv_interfaces/msg/PIDVel.msg\n'}
[0.873062] (auv_interfaces) StdoutLine: {'line': b'-- Up-to-date symlink: /home/techsas/auv_ws/install/auv_interfaces/share/auv_interfaces/msg/Sensor.msg\n'}
[0.873267] (auv_interfaces) StdoutLine: {'line': b'-- Up-to-date symlink: /home/techsas/auv_ws/install/auv_interfaces/share/auv_interfaces/msg/SetPoint.msg\n'}
[0.873499] (auv_interfaces) StdoutLine: {'line': b'-- Up-to-date symlink: /home/techsas/auv_ws/install/auv_interfaces/share/ament_index/resource_index/package_run_dependencies/auv_interfaces\n'}
[0.873928] (auv_interfaces) StdoutLine: {'line': b'-- Up-to-date symlink: /home/techsas/auv_ws/install/auv_interfaces/share/ament_index/resource_index/parent_prefix_path/auv_interfaces\n'}
[0.874286] (auv_interfaces) StdoutLine: {'line': b'-- Up-to-date symlink: /home/techsas/auv_ws/install/auv_interfaces/share/auv_interfaces/environment/ament_prefix_path.sh\n'}
[0.874434] (auv_interfaces) StdoutLine: {'line': b'-- Up-to-date symlink: /home/techsas/auv_ws/install/auv_interfaces/share/auv_interfaces/environment/ament_prefix_path.dsv\n'}
[0.874782] (auv_interfaces) StdoutLine: {'line': b'-- Up-to-date symlink: /home/techsas/auv_ws/install/auv_interfaces/share/auv_interfaces/environment/path.sh\n'}
[0.874986] (auv_interfaces) StdoutLine: {'line': b'-- Up-to-date symlink: /home/techsas/auv_ws/install/auv_interfaces/share/auv_interfaces/environment/path.dsv\n'}
[0.875272] (auv_interfaces) StdoutLine: {'line': b'-- Up-to-date symlink: /home/techsas/auv_ws/install/auv_interfaces/share/auv_interfaces/local_setup.bash\n'}
[0.875534] (auv_interfaces) StdoutLine: {'line': b'-- Up-to-date symlink: /home/techsas/auv_ws/install/auv_interfaces/share/auv_interfaces/local_setup.sh\n'}
[0.875794] (auv_interfaces) StdoutLine: {'line': b'-- Up-to-date symlink: /home/techsas/auv_ws/install/auv_interfaces/share/auv_interfaces/local_setup.zsh\n'}
[0.875992] (auv_interfaces) StdoutLine: {'line': b'-- Up-to-date symlink: /home/techsas/auv_ws/install/auv_interfaces/share/auv_interfaces/local_setup.dsv\n'}
[0.876157] (auv_interfaces) StdoutLine: {'line': b'-- Symlinking: /home/techsas/auv_ws/install/auv_interfaces/share/auv_interfaces/package.dsv\n'}
[0.892448] (auv_interfaces) StdoutLine: {'line': b'-- Up-to-date symlink: /home/techsas/auv_ws/install/auv_interfaces/share/ament_index/resource_index/packages/auv_interfaces\n'}
[0.892676] (auv_interfaces) StdoutLine: {'line': b'-- Up-to-date symlink: /home/techsas/auv_ws/install/auv_interfaces/share/auv_interfaces/cmake/rosidl_cmake-extras.cmake\n'}
[0.893019] (auv_interfaces) StdoutLine: {'line': b'-- Up-to-date symlink: /home/techsas/auv_ws/install/auv_interfaces/share/auv_interfaces/cmake/ament_cmake_export_dependencies-extras.cmake\n'}
[0.893463] (auv_interfaces) StdoutLine: {'line': b'-- Up-to-date symlink: /home/techsas/auv_ws/install/auv_interfaces/share/auv_interfaces/cmake/ament_cmake_export_include_directories-extras.cmake\n'}
[0.893793] (auv_interfaces) StdoutLine: {'line': b'-- Up-to-date symlink: /home/techsas/auv_ws/install/auv_interfaces/share/auv_interfaces/cmake/ament_cmake_export_libraries-extras.cmake\n'}
[0.893940] (auv_interfaces) StdoutLine: {'line': b'-- Up-to-date symlink: /home/techsas/auv_ws/install/auv_interfaces/share/auv_interfaces/cmake/ament_cmake_export_targets-extras.cmake\n'}
[0.894366] (auv_interfaces) StdoutLine: {'line': b'-- Up-to-date symlink: /home/techsas/auv_ws/install/auv_interfaces/share/auv_interfaces/cmake/rosidl_cmake_export_typesupport_targets-extras.cmake\n'}
[0.894743] (auv_interfaces) StdoutLine: {'line': b'-- Up-to-date symlink: /home/techsas/auv_ws/install/auv_interfaces/share/auv_interfaces/cmake/rosidl_cmake_export_typesupport_libraries-extras.cmake\n'}
[0.894889] (auv_interfaces) StdoutLine: {'line': b'-- Up-to-date symlink: /home/techsas/auv_ws/install/auv_interfaces/share/auv_interfaces/cmake/auv_interfacesConfig.cmake\n'}
[0.895612] (auv_interfaces) StdoutLine: {'line': b'-- Up-to-date symlink: /home/techsas/auv_ws/install/auv_interfaces/share/auv_interfaces/cmake/auv_interfacesConfig-version.cmake\n'}
[0.895740] (auv_interfaces) StdoutLine: {'line': b'-- Up-to-date symlink: /home/techsas/auv_ws/install/auv_interfaces/share/auv_interfaces/package.xml\n'}
[0.896213] (auv_interfaces) StdoutLine: {'line': b'-- Up-to-date: /home/techsas/auv_ws/install/auv_interfaces/lib/libauv_interfaces__rosidl_generator_c.so\n'}
[0.897249] (auv_interfaces) StdoutLine: {'line': b'-- Up-to-date: /home/techsas/auv_ws/install/auv_interfaces/lib/libauv_interfaces__rosidl_typesupport_fastrtps_c.so\n'}
[0.898104] (auv_interfaces) StdoutLine: {'line': b'-- Up-to-date: /home/techsas/auv_ws/install/auv_interfaces/lib/libauv_interfaces__rosidl_typesupport_introspection_c.so\n'}
[0.898987] (auv_interfaces) StdoutLine: {'line': b'-- Up-to-date: /home/techsas/auv_ws/install/auv_interfaces/lib/libauv_interfaces__rosidl_typesupport_c.so\n'}
[0.899933] (auv_interfaces) StdoutLine: {'line': b'-- Up-to-date: /home/techsas/auv_ws/install/auv_interfaces/lib/libauv_interfaces__rosidl_typesupport_fastrtps_cpp.so\n'}
[0.900832] (auv_interfaces) StdoutLine: {'line': b'-- Up-to-date: /home/techsas/auv_ws/install/auv_interfaces/lib/libauv_interfaces__rosidl_typesupport_introspection_cpp.so\n'}
[0.900928] (-) TimerEvent: {}
[0.901561] (auv_interfaces) StdoutLine: {'line': b'-- Up-to-date: /home/techsas/auv_ws/install/auv_interfaces/lib/libauv_interfaces__rosidl_typesupport_cpp.so\n'}
[0.967564] (auv_interfaces) StdoutLine: {'line': b"Listing '/home/techsas/auv_ws/install/auv_interfaces/local/lib/python3.10/dist-packages/auv_interfaces'...\n"}
[0.967978] (auv_interfaces) StdoutLine: {'line': b"Listing '/home/techsas/auv_ws/install/auv_interfaces/local/lib/python3.10/dist-packages/auv_interfaces/msg'...\n"}
[0.978041] (auv_interfaces) StdoutLine: {'line': b'-- Up-to-date: /home/techsas/auv_ws/install/auv_interfaces/lib/libauv_interfaces__rosidl_generator_py.so\n'}
[0.978893] (auv_interfaces) StdoutLine: {'line': b'-- Up-to-date: /home/techsas/auv_ws/install/auv_interfaces/share/auv_interfaces/cmake/export_auv_interfaces__rosidl_generator_cExport.cmake\n'}
[0.979175] (auv_interfaces) StdoutLine: {'line': b'-- Up-to-date: /home/techsas/auv_ws/install/auv_interfaces/share/auv_interfaces/cmake/export_auv_interfaces__rosidl_generator_cExport-noconfig.cmake\n'}
[0.979882] (auv_interfaces) StdoutLine: {'line': b'-- Up-to-date: /home/techsas/auv_ws/install/auv_interfaces/share/auv_interfaces/cmake/export_auv_interfaces__rosidl_typesupport_fastrtps_cExport.cmake\n'}
[0.980265] (auv_interfaces) StdoutLine: {'line': b'-- Up-to-date: /home/techsas/auv_ws/install/auv_interfaces/share/auv_interfaces/cmake/export_auv_interfaces__rosidl_typesupport_fastrtps_cExport-noconfig.cmake\n'}
[0.980730] (auv_interfaces) StdoutLine: {'line': b'-- Up-to-date: /home/techsas/auv_ws/install/auv_interfaces/share/auv_interfaces/cmake/auv_interfaces__rosidl_typesupport_introspection_cExport.cmake\n'}
[0.981065] (auv_interfaces) StdoutLine: {'line': b'-- Up-to-date: /home/techsas/auv_ws/install/auv_interfaces/share/auv_interfaces/cmake/auv_interfaces__rosidl_typesupport_introspection_cExport-noconfig.cmake\n'}
[0.981470] (auv_interfaces) StdoutLine: {'line': b'-- Up-to-date: /home/techsas/auv_ws/install/auv_interfaces/share/auv_interfaces/cmake/auv_interfaces__rosidl_typesupport_cExport.cmake\n'}
[0.981725] (auv_interfaces) StdoutLine: {'line': b'-- Up-to-date: /home/techsas/auv_ws/install/auv_interfaces/share/auv_interfaces/cmake/auv_interfaces__rosidl_typesupport_cExport-noconfig.cmake\n'}
[0.982263] (auv_interfaces) StdoutLine: {'line': b'-- Up-to-date: /home/techsas/auv_ws/install/auv_interfaces/share/auv_interfaces/cmake/export_auv_interfaces__rosidl_generator_cppExport.cmake\n'}
[0.982967] (auv_interfaces) StdoutLine: {'line': b'-- Up-to-date: /home/techsas/auv_ws/install/auv_interfaces/share/auv_interfaces/cmake/export_auv_interfaces__rosidl_typesupport_fastrtps_cppExport.cmake\n'}
[0.983290] (auv_interfaces) StdoutLine: {'line': b'-- Up-to-date: /home/techsas/auv_ws/install/auv_interfaces/share/auv_interfaces/cmake/export_auv_interfaces__rosidl_typesupport_fastrtps_cppExport-noconfig.cmake\n'}
[0.983888] (auv_interfaces) StdoutLine: {'line': b'-- Up-to-date: /home/techsas/auv_ws/install/auv_interfaces/share/auv_interfaces/cmake/auv_interfaces__rosidl_typesupport_introspection_cppExport.cmake\n'}
[0.984142] (auv_interfaces) StdoutLine: {'line': b'-- Up-to-date: /home/techsas/auv_ws/install/auv_interfaces/share/auv_interfaces/cmake/auv_interfaces__rosidl_typesupport_introspection_cppExport-noconfig.cmake\n'}
[0.984578] (auv_interfaces) StdoutLine: {'line': b'-- Up-to-date: /home/techsas/auv_ws/install/auv_interfaces/share/auv_interfaces/cmake/auv_interfaces__rosidl_typesupport_cppExport.cmake\n'}
[0.984772] (auv_interfaces) StdoutLine: {'line': b'-- Up-to-date: /home/techsas/auv_ws/install/auv_interfaces/share/auv_interfaces/cmake/auv_interfaces__rosidl_typesupport_cppExport-noconfig.cmake\n'}
[0.985283] (auv_interfaces) StdoutLine: {'line': b'-- Up-to-date: /home/techsas/auv_ws/install/auv_interfaces/share/auv_interfaces/cmake/export_auv_interfaces__rosidl_generator_pyExport.cmake\n'}
[0.985450] (auv_interfaces) StdoutLine: {'line': b'-- Up-to-date: /home/techsas/auv_ws/install/auv_interfaces/share/auv_interfaces/cmake/export_auv_interfaces__rosidl_generator_pyExport-noconfig.cmake\n'}
[0.990526] (auv_interfaces) CommandEnded: {'returncode': 0}
[1.001531] (-) TimerEvent: {}
[1.062078] (auv_interfaces) JobEnded: {'identifier': 'auv_interfaces', 'rc': 0}
[1.065028] (auv_pkg) JobStarted: {'identifier': 'auv_pkg'}
[1.101703] (-) TimerEvent: {}
[1.202235] (-) TimerEvent: {}
[1.302744] (-) TimerEvent: {}
[1.403510] (-) TimerEvent: {}
[1.504292] (-) TimerEvent: {}
[1.568221] (auv_rov) Command: {'cmd': ['/usr/bin/python3', '-W', 'ignore:setup.py install is deprecated', '-W', 'ignore:easy_install command is deprecated', 'setup.py', 'develop', '--editable', '--build-directory', '/home/techsas/auv_ws/build/auv_rov/build', '--no-deps', 'symlink_data'], 'cwd': '/home/techsas/auv_ws/build/auv_rov', 'env': {'LESSOPEN': '| /usr/bin/lesspipe %s', 'USER': 'techsas', 'SSH_CLIENT': '192.168.2.2 55802 22', 'LC_TIME': 'id_ID.UTF-8', 'XDG_SESSION_TYPE': 'tty', 'GIT_ASKPASS': '/home/techsas/.antigravity-server/bin/1.23.2-15487b3041e65228cae24980a3f796c905ef582c/extensions/git/dist/askpass.sh', 'SHLVL': '1', 'LD_LIBRARY_PATH': '/usr/local/lib:/usr/local/cuda-12.6/lib64:/usr/local/lib:/home/techsas/auv_ws/install/auv_interfaces/lib:/home/techsas/microros_ws/install/micro_ros_agent/lib:/home/techsas/microros_ws/install/micro_ros_msgs/lib:/opt/ros/humble/opt/rviz_ogre_vendor/lib:/opt/ros/humble/lib/aarch64-linux-gnu:/opt/ros/humble/lib:/usr/local/cuda-12.6/lib64:', 'BROWSER': '/home/techsas/.antigravity-server/bin/1.23.2-15487b3041e65228cae24980a3f796c905ef582c/bin/helpers/browser.sh', 'ANTIGRAVITY_CLI_ALIAS': 'agy', 'MOTD_SHOWN': 'pam', 'HOME': '/home/techsas', 'OLDPWD': '/home/techsas/auv_ws/src/auv_rov', 'TERM_PROGRAM_VERSION': '1.107.0', 'VSCODE_IPC_HOOK_CLI': '/run/user/1000/vscode-ipc-f38ae8e5-aa41-4bdc-8e0c-b420aae207c9.sock', 'JETSON_L4T': '36.4.7', 'ROS_PYTHON_VERSION': '3', 'JETSON_MODEL': 'NVIDIA Jetson Orin NX Engineering Reference Developer Kit', 'PAGER': 'cat', 'VSCODE_GIT_ASKPASS_MAIN': '/home/techsas/.antigravity-server/bin/1.23.2-15487b3041e65228cae24980a3f796c905ef582c/extensions/git/dist/askpass-main.js', 'LC_MONETARY': 'id_ID.UTF-8', 'VSCODE_GIT_ASKPASS_NODE': '/home/techsas/.antigravity-server/bin/1.23.2-15487b3041e65228cae24980a3f796c905ef582c/node', 'VSCODE_PYTHON_AUTOACTIVATE_GUARD': '1', 'DBUS_SESSION_BUS_ADDRESS': 'unix:path=/run/user/1000/bus', 'COLORTERM': 'truecolor', 'ANTIGRAVITY_AGENT': '1', 'COLCON_PREFIX_PATH': '/home/techsas/microros_ws/install:/home/techsas/auv_ws/install', 'ROS_DISTRO': 'humble', 'LOGNAME': 'techsas', 'JETSON_MODULE': 'NVIDIA Jetson Orin NX (16GB ram)', 'JETSON_SERIAL_NUMBER': '1420424252884', '_': '/usr/bin/colcon', 'ROS_VERSION': '2', 'XDG_SESSION_CLASS': 'user', 'TERM': 'xterm-256color', 'XDG_SESSION_ID': '4', 'ROS_LOCALHOST_ONLY': '0', 'PATH': '/usr/local/cuda-12.6/bin:/home/techsas/.antigravity-server/bin/1.23.2-15487b3041e65228cae24980a3f796c905ef582c/bin/remote-cli:/home/techsas/.local/bin:/opt/ros/humble/bin:/usr/local/cuda-12.6/bin:/usr/local/sbin:/usr/local/bin:/usr/sbin:/usr/bin:/sbin:/bin:/usr/games:/usr/local/games:/snap/bin', 'LC_ADDRESS': 'id_ID.UTF-8', 'XDG_RUNTIME_DIR': '/run/user/1000', 'LANG': 'en_US.UTF-8', 'LC_TELEPHONE': 'id_ID.UTF-8', 'LS_COLORS': 'rs=0:di=01;34:ln=01;36:mh=00:pi=40;33:so=01;35:do=01;35:bd=40;33;01:cd=40;33;01:or=40;31;01:mi=00:su=37;41:sg=30;43:ca=30;41:tw=30;42:ow=34;42:st=37;44:ex=01;32:*.tar=01;31:*.tgz=01;31:*.arc=01;31:*.arj=01;31:*.taz=01;31:*.lha=01;31:*.lz4=01;31:*.lzh=01;31:*.lzma=01;31:*.tlz=01;31:*.txz=01;31:*.tzo=01;31:*.t7z=01;31:*.zip=01;31:*.z=01;31:*.dz=01;31:*.gz=01;31:*.lrz=01;31:*.lz=01;31:*.lzo=01;31:*.xz=01;31:*.zst=01;31:*.tzst=01;31:*.bz2=01;31:*.bz=01;31:*.tbz=01;31:*.tbz2=01;31:*.tz=01;31:*.deb=01;31:*.rpm=01;31:*.jar=01;31:*.war=01;31:*.ear=01;31:*.sar=01;31:*.rar=01;31:*.alz=01;31:*.ace=01;31:*.zoo=01;31:*.cpio=01;31:*.7z=01;31:*.rz=01;31:*.cab=01;31:*.wim=01;31:*.swm=01;31:*.dwm=01;31:*.esd=01;31:*.jpg=01;35:*.jpeg=01;35:*.mjpg=01;35:*.mjpeg=01;35:*.gif=01;35:*.bmp=01;35:*.pbm=01;35:*.pgm=01;35:*.ppm=01;35:*.tga=01;35:*.xbm=01;35:*.xpm=01;35:*.tif=01;35:*.tiff=01;35:*.png=01;35:*.svg=01;35:*.svgz=01;35:*.mng=01;35:*.pcx=01;35:*.mov=01;35:*.mpg=01;35:*.mpeg=01;35:*.m2v=01;35:*.mkv=01;35:*.webm=01;35:*.webp=01;35:*.ogm=01;35:*.mp4=01;35:*.m4v=01;35:*.mp4v=01;35:*.vob=01;35:*.qt=01;35:*.nuv=01;35:*.wmv=01;35:*.asf=01;35:*.rm=01;35:*.rmvb=01;35:*.flc=01;35:*.avi=01;35:*.fli=01;35:*.flv=01;35:*.gl=01;35:*.dl=01;35:*.xcf=01;35:*.xwd=01;35:*.yuv=01;35:*.cgm=01;35:*.emf=01;35:*.ogv=01;35:*.ogx=01;35:*.aac=00;36:*.au=00;36:*.flac=00;36:*.m4a=00;36:*.mid=00;36:*.midi=00;36:*.mka=00;36:*.mp3=00;36:*.mpc=00;36:*.ogg=00;36:*.ra=00;36:*.wav=00;36:*.oga=00;36:*.opus=00;36:*.spx=00;36:*.xspf=00;36:', 'JETSON_SOC': 'tegra234', 'VSCODE_GIT_IPC_HANDLE': '/run/user/1000/vscode-git-5f1c2c4ac7.sock', 'TERM_PROGRAM': 'vscode', 'SSH_AUTH_SOCK': '/tmp/.antigravity-server/.15487b3041e65228cae24980a3f796c905ef582c-ssh-auth.sock', 'AMENT_PREFIX_PATH': '/home/techsas/auv_ws/install/auv_pkg:/home/techsas/auv_ws/install/auv_interfaces:/home/techsas/microros_ws/install/micro_ros_setup:/home/techsas/microros_ws/install/micro_ros_agent:/home/techsas/microros_ws/install/micro_ros_msgs:/opt/ros/humble', 'SHELL': '/bin/bash', 'LC_NAME': 'id_ID.UTF-8', 'LESSCLOSE': '/usr/bin/lesspipe %s %s', 'LC_MEASUREMENT': 'id_ID.UTF-8', 'LC_IDENTIFICATION': 'id_ID.UTF-8', 'VSCODE_GIT_ASKPASS_EXTRA_ARGS': '', 'JETSON_CUDA_ARCH_BIN': '8.7', 'PWD': '/home/techsas/auv_ws/build/auv_rov', 'LC_ALL': 'en_US.UTF-8', 'SSH_CONNECTION': '192.168.2.2 55802 192.168.2.1 22', 'XDG_DATA_DIRS': '/usr/share/gnome:/usr/local/share:/usr/share:/var/lib/snapd/desktop', 'PYTHONPATH': '/home/techsas/auv_ws/build/auv_rov/prefix_override:/usr/lib/python3/dist-packages/colcon_core/task/python/colcon_distutils_commands:/home/techsas/auv_ws/install/auv_rov/lib/python3.10/site-packages:/usr/local/lib/python3.10/dist-packages/:/usr/local/lib/python3.10/dist-packages/:/home/techsas/auv_ws/build/auv_pkg:/home/techsas/auv_ws/install/auv_pkg/lib/python3.10/site-packages:/home/techsas/auv_ws/install/auv_interfaces/local/lib/python3.10/dist-packages:/home/techsas/microros_ws/install/micro_ros_msgs/local/lib/python3.10/dist-packages:/opt/ros/humble/lib/python3.10/site-packages:/opt/ros/humble/local/lib/python3.10/dist-packages', 'LC_NUMERIC': 'id_ID.UTF-8', 'LC_PAPER': 'id_ID.UTF-8', 'COLCON': '1', 'JETSON_JETPACK': '', 'CMAKE_PREFIX_PATH': '/home/techsas/auv_ws/install/auv_interfaces:/home/techsas/microros_ws/install/micro_ros_setup:/home/techsas/microros_ws/install/micro_ros_agent:/home/techsas/microros_ws/install/micro_ros_msgs', 'JETSON_P_NUMBER': 'p3767-0000'}, 'shell': False}
[1.604432] (-) TimerEvent: {}
[1.704983] (-) TimerEvent: {}
[1.805533] (-) TimerEvent: {}
[1.906096] (-) TimerEvent: {}
[2.006671] (-) TimerEvent: {}
[2.021667] (auv_rov) StdoutLine: {'line': b'running develop\n'}
[2.106816] (-) TimerEvent: {}
[2.165219] (auv_pkg) Command: {'cmd': ['/usr/bin/python3', '-W', 'ignore:setup.py install is deprecated', '-W', 'ignore:easy_install command is deprecated', 'setup.py', 'develop', '--editable', '--build-directory', '/home/techsas/auv_ws/build/auv_pkg/build', '--no-deps', 'symlink_data'], 'cwd': '/home/techsas/auv_ws/build/auv_pkg', 'env': {'LESSOPEN': '| /usr/bin/lesspipe %s', 'USER': 'techsas', 'SSH_CLIENT': '192.168.2.2 55802 22', 'LC_TIME': 'id_ID.UTF-8', 'XDG_SESSION_TYPE': 'tty', 'GIT_ASKPASS': '/home/techsas/.antigravity-server/bin/1.23.2-15487b3041e65228cae24980a3f796c905ef582c/extensions/git/dist/askpass.sh', 'SHLVL': '1', 'LD_LIBRARY_PATH': '/home/techsas/auv_ws/install/auv_interfaces/lib:/usr/local/lib:/usr/local/cuda-12.6/lib64:/usr/local/lib:/home/techsas/microros_ws/install/micro_ros_agent/lib:/home/techsas/microros_ws/install/micro_ros_msgs/lib:/opt/ros/humble/opt/rviz_ogre_vendor/lib:/opt/ros/humble/lib/aarch64-linux-gnu:/opt/ros/humble/lib:/usr/local/cuda-12.6/lib64', 'BROWSER': '/home/techsas/.antigravity-server/bin/1.23.2-15487b3041e65228cae24980a3f796c905ef582c/bin/helpers/browser.sh', 'ANTIGRAVITY_CLI_ALIAS': 'agy', 'MOTD_SHOWN': 'pam', 'HOME': '/home/techsas', 'OLDPWD': '/home/techsas/auv_ws/src/auv_rov', 'TERM_PROGRAM_VERSION': '1.107.0', 'VSCODE_IPC_HOOK_CLI': '/run/user/1000/vscode-ipc-f38ae8e5-aa41-4bdc-8e0c-b420aae207c9.sock', 'JETSON_L4T': '36.4.7', 'ROS_PYTHON_VERSION': '3', 'JETSON_MODEL': 'NVIDIA Jetson Orin NX Engineering Reference Developer Kit', 'PAGER': 'cat', 'VSCODE_GIT_ASKPASS_MAIN': '/home/techsas/.antigravity-server/bin/1.23.2-15487b3041e65228cae24980a3f796c905ef582c/extensions/git/dist/askpass-main.js', 'LC_MONETARY': 'id_ID.UTF-8', 'VSCODE_GIT_ASKPASS_NODE': '/home/techsas/.antigravity-server/bin/1.23.2-15487b3041e65228cae24980a3f796c905ef582c/node', 'VSCODE_PYTHON_AUTOACTIVATE_GUARD': '1', 'DBUS_SESSION_BUS_ADDRESS': 'unix:path=/run/user/1000/bus', 'COLORTERM': 'truecolor', 'ANTIGRAVITY_AGENT': '1', 'COLCON_PREFIX_PATH': '/home/techsas/microros_ws/install:/home/techsas/auv_ws/install', 'ROS_DISTRO': 'humble', 'LOGNAME': 'techsas', 'JETSON_MODULE': 'NVIDIA Jetson Orin NX (16GB ram)', 'JETSON_SERIAL_NUMBER': '1420424252884', '_': '/usr/bin/colcon', 'ROS_VERSION': '2', 'XDG_SESSION_CLASS': 'user', 'TERM': 'xterm-256color', 'XDG_SESSION_ID': '4', 'ROS_LOCALHOST_ONLY': '0', 'PATH': '/usr/local/cuda-12.6/bin:/home/techsas/.antigravity-server/bin/1.23.2-15487b3041e65228cae24980a3f796c905ef582c/bin/remote-cli:/home/techsas/.local/bin:/opt/ros/humble/bin:/usr/local/cuda-12.6/bin:/usr/local/sbin:/usr/local/bin:/usr/sbin:/usr/bin:/sbin:/bin:/usr/games:/usr/local/games:/snap/bin', 'LC_ADDRESS': 'id_ID.UTF-8', 'XDG_RUNTIME_DIR': '/run/user/1000', 'LANG': 'en_US.UTF-8', 'LC_TELEPHONE': 'id_ID.UTF-8', 'LS_COLORS': 'rs=0:di=01;34:ln=01;36:mh=00:pi=40;33:so=01;35:do=01;35:bd=40;33;01:cd=40;33;01:or=40;31;01:mi=00:su=37;41:sg=30;43:ca=30;41:tw=30;42:ow=34;42:st=37;44:ex=01;32:*.tar=01;31:*.tgz=01;31:*.arc=01;31:*.arj=01;31:*.taz=01;31:*.lha=01;31:*.lz4=01;31:*.lzh=01;31:*.lzma=01;31:*.tlz=01;31:*.txz=01;31:*.tzo=01;31:*.t7z=01;31:*.zip=01;31:*.z=01;31:*.dz=01;31:*.gz=01;31:*.lrz=01;31:*.lz=01;31:*.lzo=01;31:*.xz=01;31:*.zst=01;31:*.tzst=01;31:*.bz2=01;31:*.bz=01;31:*.tbz=01;31:*.tbz2=01;31:*.tz=01;31:*.deb=01;31:*.rpm=01;31:*.jar=01;31:*.war=01;31:*.ear=01;31:*.sar=01;31:*.rar=01;31:*.alz=01;31:*.ace=01;31:*.zoo=01;31:*.cpio=01;31:*.7z=01;31:*.rz=01;31:*.cab=01;31:*.wim=01;31:*.swm=01;31:*.dwm=01;31:*.esd=01;31:*.jpg=01;35:*.jpeg=01;35:*.mjpg=01;35:*.mjpeg=01;35:*.gif=01;35:*.bmp=01;35:*.pbm=01;35:*.pgm=01;35:*.ppm=01;35:*.tga=01;35:*.xbm=01;35:*.xpm=01;35:*.tif=01;35:*.tiff=01;35:*.png=01;35:*.svg=01;35:*.svgz=01;35:*.mng=01;35:*.pcx=01;35:*.mov=01;35:*.mpg=01;35:*.mpeg=01;35:*.m2v=01;35:*.mkv=01;35:*.webm=01;35:*.webp=01;35:*.ogm=01;35:*.mp4=01;35:*.m4v=01;35:*.mp4v=01;35:*.vob=01;35:*.qt=01;35:*.nuv=01;35:*.wmv=01;35:*.asf=01;35:*.rm=01;35:*.rmvb=01;35:*.flc=01;35:*.avi=01;35:*.fli=01;35:*.flv=01;35:*.gl=01;35:*.dl=01;35:*.xcf=01;35:*.xwd=01;35:*.yuv=01;35:*.cgm=01;35:*.emf=01;35:*.ogv=01;35:*.ogx=01;35:*.aac=00;36:*.au=00;36:*.flac=00;36:*.m4a=00;36:*.mid=00;36:*.midi=00;36:*.mka=00;36:*.mp3=00;36:*.mpc=00;36:*.ogg=00;36:*.ra=00;36:*.wav=00;36:*.oga=00;36:*.opus=00;36:*.spx=00;36:*.xspf=00;36:', 'JETSON_SOC': 'tegra234', 'VSCODE_GIT_IPC_HANDLE': '/run/user/1000/vscode-git-5f1c2c4ac7.sock', 'TERM_PROGRAM': 'vscode', 'SSH_AUTH_SOCK': '/tmp/.antigravity-server/.15487b3041e65228cae24980a3f796c905ef582c-ssh-auth.sock', 'AMENT_PREFIX_PATH': '/home/techsas/auv_ws/install/auv_pkg:/home/techsas/auv_ws/install/auv_interfaces:/home/techsas/microros_ws/install/micro_ros_setup:/home/techsas/microros_ws/install/micro_ros_agent:/home/techsas/microros_ws/install/micro_ros_msgs:/opt/ros/humble', 'SHELL': '/bin/bash', 'LC_NAME': 'id_ID.UTF-8', 'LESSCLOSE': '/usr/bin/lesspipe %s %s', 'LC_MEASUREMENT': 'id_ID.UTF-8', 'LC_IDENTIFICATION': 'id_ID.UTF-8', 'VSCODE_GIT_ASKPASS_EXTRA_ARGS': '', 'JETSON_CUDA_ARCH_BIN': '8.7', 'PWD': '/home/techsas/auv_ws/build/auv_pkg', 'LC_ALL': 'en_US.UTF-8', 'SSH_CONNECTION': '192.168.2.2 55802 192.168.2.1 22', 'XDG_DATA_DIRS': '/usr/share/gnome:/usr/local/share:/usr/share:/var/lib/snapd/desktop', 'PYTHONPATH': '/home/techsas/auv_ws/build/auv_pkg/prefix_override:/usr/lib/python3/dist-packages/colcon_core/task/python/colcon_distutils_commands:/home/techsas/auv_ws/install/auv_pkg/lib/python3.10/site-packages:/usr/local/lib/python3.10/dist-packages/:/usr/local/lib/python3.10/dist-packages/:/home/techsas/auv_ws/build/auv_pkg:/home/techsas/auv_ws/install/auv_pkg/lib/python3.10/site-packages:/home/techsas/auv_ws/install/auv_interfaces/local/lib/python3.10/dist-packages:/home/techsas/microros_ws/install/micro_ros_msgs/local/lib/python3.10/dist-packages:/opt/ros/humble/lib/python3.10/site-packages:/opt/ros/humble/local/lib/python3.10/dist-packages', 'LC_NUMERIC': 'id_ID.UTF-8', 'LC_PAPER': 'id_ID.UTF-8', 'COLCON': '1', 'JETSON_JETPACK': '', 'CMAKE_PREFIX_PATH': '/home/techsas/auv_ws/install/auv_interfaces:/home/techsas/microros_ws/install/micro_ros_setup:/home/techsas/microros_ws/install/micro_ros_agent:/home/techsas/microros_ws/install/micro_ros_msgs', 'JETSON_P_NUMBER': 'p3767-0000'}, 'shell': False}
[2.206955] (-) TimerEvent: {}
[2.307531] (-) TimerEvent: {}
[2.316456] (auv_rov) StdoutLine: {'line': b'running egg_info\n'}
[2.316815] (auv_rov) StdoutLine: {'line': b'creating auv_rov.egg-info\n'}
[2.316989] (auv_rov) StdoutLine: {'line': b'writing auv_rov.egg-info/PKG-INFO\n'}
[2.317517] (auv_rov) StdoutLine: {'line': b'writing dependency_links to auv_rov.egg-info/dependency_links.txt\n'}
[2.317717] (auv_rov) StdoutLine: {'line': b'writing entry points to auv_rov.egg-info/entry_points.txt\n'}
[2.317901] (auv_rov) StdoutLine: {'line': b'writing requirements to auv_rov.egg-info/requires.txt\n'}
[2.318031] (auv_rov) StdoutLine: {'line': b'writing top-level names to auv_rov.egg-info/top_level.txt\n'}
[2.318499] (auv_rov) StdoutLine: {'line': b"writing manifest file 'auv_rov.egg-info/SOURCES.txt'\n"}
[2.321510] (auv_rov) StdoutLine: {'line': b"reading manifest file 'auv_rov.egg-info/SOURCES.txt'\n"}
[2.322393] (auv_rov) StdoutLine: {'line': b"writing manifest file 'auv_rov.egg-info/SOURCES.txt'\n"}
[2.324926] (auv_rov) StdoutLine: {'line': b'running build_ext\n'}
[2.325319] (auv_rov) StdoutLine: {'line': b'Creating /home/techsas/auv_ws/install/auv_rov/lib/python3.10/site-packages/auv-rov.egg-link (link to .)\n'}
[2.326695] (auv_rov) StdoutLine: {'line': b'\n'}
[2.326823] (auv_rov) StdoutLine: {'line': b'Installed /home/techsas/auv_ws/build/auv_rov\n'}
[2.326922] (auv_rov) StdoutLine: {'line': b'running symlink_data\n'}
[2.327036] (auv_rov) StdoutLine: {'line': b'creating /home/techsas/auv_ws/install/auv_rov/share/ament_index\n'}
[2.327195] (auv_rov) StdoutLine: {'line': b'creating /home/techsas/auv_ws/install/auv_rov/share/ament_index/resource_index\n'}
[2.327291] (auv_rov) StdoutLine: {'line': b'creating /home/techsas/auv_ws/install/auv_rov/share/ament_index/resource_index/packages\n'}
[2.327409] (auv_rov) StdoutLine: {'line': b'symbolically linking /home/techsas/auv_ws/build/auv_rov/resource/auv_rov -> /home/techsas/auv_ws/install/auv_rov/share/ament_index/resource_index/packages\n'}
[2.327528] (auv_rov) StdoutLine: {'line': b'symbolically linking /home/techsas/auv_ws/build/auv_rov/package.xml -> /home/techsas/auv_ws/install/auv_rov/share/auv_rov\n'}
[2.397768] (auv_rov) CommandEnded: {'returncode': 0}
[2.407807] (-) TimerEvent: {}
[2.425395] (auv_rov) JobEnded: {'identifier': 'auv_rov', 'rc': 0}
[2.507986] (-) TimerEvent: {}
[2.608637] (-) TimerEvent: {}
[2.614678] (auv_pkg) StdoutLine: {'line': b'running develop\n'}
[2.708809] (-) TimerEvent: {}
[2.809490] (-) TimerEvent: {}
[2.909003] (auv_pkg) StdoutLine: {'line': b'running egg_info\n'}
[2.909676] (-) TimerEvent: {}
[2.910051] (auv_pkg) StdoutLine: {'line': b'writing auv_pkg.egg-info/PKG-INFO\n'}
[2.910358] (auv_pkg) StdoutLine: {'line': b'writing dependency_links to auv_pkg.egg-info/dependency_links.txt\n'}
[2.910723] (auv_pkg) StdoutLine: {'line': b'writing entry points to auv_pkg.egg-info/entry_points.txt\n'}
[2.911013] (auv_pkg) StdoutLine: {'line': b'writing requirements to auv_pkg.egg-info/requires.txt\n'}
[2.911299] (auv_pkg) StdoutLine: {'line': b'writing top-level names to auv_pkg.egg-info/top_level.txt\n'}
[2.914293] (auv_pkg) StdoutLine: {'line': b"reading manifest file 'auv_pkg.egg-info/SOURCES.txt'\n"}
[2.915996] (auv_pkg) StdoutLine: {'line': b"writing manifest file 'auv_pkg.egg-info/SOURCES.txt'\n"}
[2.918459] (auv_pkg) StdoutLine: {'line': b'running build_ext\n'}
[2.918791] (auv_pkg) StdoutLine: {'line': b'Creating /home/techsas/auv_ws/install/auv_pkg/lib/python3.10/site-packages/auv-pkg.egg-link (link to .)\n'}
[2.920509] (auv_pkg) StdoutLine: {'line': b'Installing accumulator script to /home/techsas/auv_ws/install/auv_pkg/lib/auv_pkg\n'}
[2.920842] (auv_pkg) StdoutLine: {'line': b'Installing accumulator_fadhil script to /home/techsas/auv_ws/install/auv_pkg/lib/auv_pkg\n'}
[2.921126] (auv_pkg) StdoutLine: {'line': b'Installing accumulator_new script to /home/techsas/auv_ws/install/auv_pkg/lib/auv_pkg\n'}
[2.921405] (auv_pkg) StdoutLine: {'line': b'Installing bucket_detection script to /home/techsas/auv_ws/install/auv_pkg/lib/auv_pkg\n'}
[2.921701] (auv_pkg) StdoutLine: {'line': b'Installing gui_timer script to /home/techsas/auv_ws/install/auv_pkg/lib/auv_pkg\n'}
[2.921972] (auv_pkg) StdoutLine: {'line': b'Installing guidance_flag1 script to /home/techsas/auv_ws/install/auv_pkg/lib/auv_pkg\n'}
[2.922229] (auv_pkg) StdoutLine: {'line': b'Installing guidance_flag2 script to /home/techsas/auv_ws/install/auv_pkg/lib/auv_pkg\n'}
[2.922525] (auv_pkg) StdoutLine: {'line': b'Installing guidance_flag3 script to /home/techsas/auv_ws/install/auv_pkg/lib/auv_pkg\n'}
[2.922829] (auv_pkg) StdoutLine: {'line': b'Installing guidance_flare_gate script to /home/techsas/auv_ws/install/auv_pkg/lib/auv_pkg\n'}
[2.923114] (auv_pkg) StdoutLine: {'line': b'Installing guidance_full_reynard script to /home/techsas/auv_ws/install/auv_pkg/lib/auv_pkg\n'}
[2.923394] (auv_pkg) StdoutLine: {'line': b'Installing guidance_full_reynard_v2 script to /home/techsas/auv_ws/install/auv_pkg/lib/auv_pkg\n'}
[2.923700] (auv_pkg) StdoutLine: {'line': b'Installing guidance_mission script to /home/techsas/auv_ws/install/auv_pkg/lib/auv_pkg\n'}
[2.923976] (auv_pkg) StdoutLine: {'line': b'Installing guidance_new script to /home/techsas/auv_ws/install/auv_pkg/lib/auv_pkg\n'}
[2.924252] (auv_pkg) StdoutLine: {'line': b'Installing guidance_orange_gate_bucket script to /home/techsas/auv_ws/install/auv_pkg/lib/auv_pkg\n'}
[2.924542] (auv_pkg) StdoutLine: {'line': b'Installing guidance_sauvc_fadhil script to /home/techsas/auv_ws/install/auv_pkg/lib/auv_pkg\n'}
[2.924810] (auv_pkg) StdoutLine: {'line': b'Installing guidance_sauvc_qualification script to /home/techsas/auv_ws/install/auv_pkg/lib/auv_pkg\n'}
[2.925089] (auv_pkg) StdoutLine: {'line': b'Installing guidance_teensy script to /home/techsas/auv_ws/install/auv_pkg/lib/auv_pkg\n'}
[2.925310] (auv_pkg) StdoutLine: {'line': b'Installing map_sauvc script to /home/techsas/auv_ws/install/auv_pkg/lib/auv_pkg\n'}
[2.925521] (auv_pkg) StdoutLine: {'line': b'Installing object_detection script to /home/techsas/auv_ws/install/auv_pkg/lib/auv_pkg\n'}
[2.925815] (auv_pkg) StdoutLine: {'line': b'Installing object_detection_new script to /home/techsas/auv_ws/install/auv_pkg/lib/auv_pkg\n'}
[2.926077] (auv_pkg) StdoutLine: {'line': b'Installing pid_logger_pub script to /home/techsas/auv_ws/install/auv_pkg/lib/auv_pkg\n'}
[2.926365] (auv_pkg) StdoutLine: {'line': b'Installing pub_teensy script to /home/techsas/auv_ws/install/auv_pkg/lib/auv_pkg\n'}
[2.926587] (auv_pkg) StdoutLine: {'line': b'Installing pub_teensy_serial_simple script to /home/techsas/auv_ws/install/auv_pkg/lib/auv_pkg\n'}
[2.926903] (auv_pkg) StdoutLine: {'line': b'Installing pub_yaw_only script to /home/techsas/auv_ws/install/auv_pkg/lib/auv_pkg\n'}
[2.927154] (auv_pkg) StdoutLine: {'line': b'Installing serial_monitoring_safety script to /home/techsas/auv_ws/install/auv_pkg/lib/auv_pkg\n'}
[2.927390] (auv_pkg) StdoutLine: {'line': b'Installing serial_monitoring_safety_and_bucket script to /home/techsas/auv_ws/install/auv_pkg/lib/auv_pkg\n'}
[2.927606] (auv_pkg) StdoutLine: {'line': b'Installing tes_gui script to /home/techsas/auv_ws/install/auv_pkg/lib/auv_pkg\n'}
[2.927843] (auv_pkg) StdoutLine: {'line': b'Installing tes_yaw_diff script to /home/techsas/auv_ws/install/auv_pkg/lib/auv_pkg\n'}
[2.928055] (auv_pkg) StdoutLine: {'line': b'Installing test_node script to /home/techsas/auv_ws/install/auv_pkg/lib/auv_pkg\n'}
[2.928262] (auv_pkg) StdoutLine: {'line': b'\n'}
[2.928467] (auv_pkg) StdoutLine: {'line': b'Installed /home/techsas/auv_ws/build/auv_pkg\n'}
[2.928673] (auv_pkg) StdoutLine: {'line': b'running symlink_data\n'}
[3.000724] (auv_pkg) CommandEnded: {'returncode': 0}
[3.009802] (-) TimerEvent: {}
[3.033621] (auv_pkg) JobEnded: {'identifier': 'auv_pkg', 'rc': 0}
[3.036299] (-) EventReactorShutdown: {}
